{"cheng-soon-ong_2007_2177769495": [4.202353000640869, -1.4505910873413086], "cheng-soon-ong_2007_2114690085": [3.242528200149536, 1.1682348251342773], "cheng-soon-ong_2015_1866935739": [2.617079734802246, -0.44091305136680603], "cheng-soon-ong_2016_2267092331": [5.150156497955322, 0.642043948173523], "cheng-soon-ong_2016_2516543763": [2.2077674865722656, 1.2313612699508667], "cheng-soon-ong_2008_2095780288": [4.2442498207092285, -1.4800009727478027], "cheng-soon-ong_2005_2099438806": [3.2293617725372314, -0.6379517316818237], "cheng-soon-ong_2009_2179946878": [3.025789737701416, 1.1587955951690674], "cheng-soon-ong_2016_2466796449": [3.21189022064209, 0.7670618295669556], "cheng-soon-ong_2014_2741469436": [4.971455097198486, 1.4763906002044678], "cheng-soon-ong_2009_2042415836": [4.476147651672363, 2.07767391204834], "cheng-soon-ong_2017_2731430465": [1.9758143424987793, 1.9126899242401123], "cheng-soon-ong_2017_2748526565": [2.621424436569214, 1.834883451461792], "cheng-soon-ong_2006_827469352": [3.0023410320281982, 2.1248559951782227], "cheng-soon-ong_2016_2560283428": [2.425590753555298, 0.6918041706085205], "cheng-soon-ong_2016_2473423252": [2.9520297050476074, 0.5375949144363403], "cheng-soon-ong_2006_1586772686": [5.095038890838623, 1.0891696214675903], "cheng-soon-ong_2007_2081778904": [4.247147083282471, 1.5901058912277222], "cheng-soon-ong_2003_1643385131": [3.0298027992248535, -0.19942449033260345], "cheng-soon-ong_2004_2123818990": [1.8035895824432373, -0.11770898103713989], "cheng-soon-ong_2007_798322694": [3.6201889514923096, -0.4189290702342987], "cheng-soon-ong_2016_2508716390": [2.011559247970581, 1.9684242010116577], "cheng-soon-ong_2003_2183349318": [2.994608163833618, 2.5724008083343506], "cheng-soon-ong_2008_2097936772": [4.189520359039307, -0.38948875665664673], "cheng-soon-ong_2016_2439299270": [3.584167957305908, 1.0709490776062012], "cheng-soon-ong_2005_2170356051": [2.870744228363037, 2.8388404846191406], "cheng-soon-ong_2006_148048108": [4.2615647315979, -1.03168785572052], "cheng-soon-ong_2009_2104139298": [4.559228420257568, 1.8450170755386353], "cheng-soon-ong_2007_2106503792": [3.518601655960083, 0.06359070539474487], "cheng-soon-ong_2017_2762339466": [2.887868642807007, 1.5074818134307861], "cheng-soon-ong_2006_562014830": [2.8478729724884033, 0.6276585459709167], "cheng-soon-ong_2016_2592345892": [2.6627423763275146, 0.9193628430366516], "cheng-soon-ong_2006_2186919538": [3.2995247840881348, -1.3121908903121948], "cheng-soon-ong_2015_2186661753": [5.401904106140137, 0.7818818688392639], "cheng-soon-ong_2014_1579305890": [4.841805934906006, 1.7260479927062988], "cheng-soon-ong_2012_2149835029": [2.2458431720733643, 0.48014360666275024], "cheng-soon-ong_2010_2101807845": [3.9664247035980225, 1.7018238306045532], "cheng-soon-ong_2009_2154848136": [3.598641872406006, 0.49459412693977356], "cheng-soon-ong_2010_2013311872": [4.059815406799316, 0.48379743099212646], "cheng-soon-ong_2009_2119695964": [3.8295960426330566, 1.0118675231933594], "cheng-soon-ong_2013_188338067": [4.67698860168457, -0.4331580698490143], "cheng-soon-ong_2013_2127164721": [4.439645767211914, 0.14415708184242249], "cheng-soon-ong_2011_1967541074": [4.717395782470703, -0.12900131940841675], "cheng-soon-ong_2018_2744245146": [2.108720302581787, -0.7948911190032959], "cheng-soon-ong_2013_2079291777": [4.18332052230835, 0.5756643414497375], "cheng-soon-ong_2002_2189072117": [3.760955810546875, -1.5087776184082031], "cheng-soon-ong_2011_2142535091": [4.275452136993408, 0.33964887261390686], "cheng-soon-ong_2010_1504372951": [3.5063154697418213, 0.01831514574587345], "cheng-soon-ong_2013_2137443247": [4.502920627593994, 0.7863532304763794], "cheng-soon-ong_2010_1558448861": [4.8087029457092285, -0.6922997832298279], "cheng-soon-ong_2012_2217064648": [2.8450443744659424, 0.018812639638781548], "cheng-soon-ong_2011_2111241577": [3.823436737060547, -0.3096875846385956], "cheng-soon-ong_2013_2112966225": [4.238900661468506, 1.3290034532546997], "cheng-soon-ong_2005_2418171988": [2.7184174060821533, -0.7990987300872803], "cheng-soon-ong_2014_2183731520": [3.5114731788635254, 2.0699517726898193], "cheng-soon-ong_2014_1991784736": [3.6520988941192627, 1.8556209802627563], "cheng-soon-ong_2007_average": [3.421015501022339, 0.5614515542984009], "cheng-soon-ong_2015_average": [4.991173267364502, 0.9810909628868103], "cheng-soon-ong_2016_average": [3.373169183731079, 1.5049492120742798], "cheng-soon-ong_2008_average": [4.025141716003418, -0.6950700283050537], "cheng-soon-ong_2005_average": [2.319305181503296, 0.042191918939352036], "cheng-soon-ong_2009_average": [3.8757317066192627, 1.0618799924850464], "cheng-soon-ong_2014_average": [4.086012363433838, 1.4494024515151978], "cheng-soon-ong_2017_average": [2.6323342323303223, 1.4244728088378906], "cheng-soon-ong_2006_average": [4.816129684448242, 0.6967524290084839], "cheng-soon-ong_2003_average": [2.8152542114257812, 2.4080286026000977], "cheng-soon-ong_2004_average": [2.0049543380737305, -0.1799144297838211], "cheng-soon-ong_2012_average": [3.0431389808654785, 0.37559810280799866], "cheng-soon-ong_2010_average": [3.6484413146972656, 0.6051180362701416], "cheng-soon-ong_2013_average": [4.674602508544922, 0.4317265748977661], "cheng-soon-ong_2011_average": [4.240562915802002, 0.0029421241488307714], "cheng-soon-ong_2018_average": [2.300405502319336, -0.8767198920249939], "cheng-soon-ong_2002_average": [3.7203829288482666, -1.3831908702850342]}