{"cheng-soon-ong_2007_2114690085": [4.3690409660339355, 6.9211955070495605], "cheng-soon-ong_2015_1866935739": [3.854106903076172, 7.912571907043457], "cheng-soon-ong_2016_2267092331": [3.6564908027648926, 4.479311466217041], "cheng-soon-ong_2016_2516543763": [2.982910633087158, 7.389557361602783], "cheng-soon-ong_2008_2095780288": [4.6261515617370605, 4.473953723907471], "cheng-soon-ong_2005_2099438806": [3.745575428009033, 5.949704647064209], "cheng-soon-ong_2009_2179946878": [5.014706611633301, 8.210047721862793], "cheng-soon-ong_2016_2466796449": [4.014517307281494, 7.124948501586914], "cheng-soon-ong_2014_2741469436": [2.530534505844116, 4.6873626708984375], "cheng-soon-ong_2009_2042415836": [3.4559569358825684, 4.175913333892822], "cheng-soon-ong_2017_2731430465": [2.0463013648986816, 6.4332661628723145], "cheng-soon-ong_2017_2748526565": [1.5450572967529297, 5.985581874847412], "cheng-soon-ong_2016_2560283428": [1.944624423980713, 7.036774635314941], "cheng-soon-ong_2016_2473423252": [2.8009607791900635, 7.07818603515625], "cheng-soon-ong_2006_1586772686": [4.054330348968506, 4.011782169342041], "cheng-soon-ong_2007_2081778904": [3.891658306121826, 4.092337131500244], "cheng-soon-ong_2003_1643385131": [3.6786062717437744, 8.894721031188965], "cheng-soon-ong_2004_2123818990": [4.750222682952881, 8.235594749450684], "cheng-soon-ong_2007_798322694": [3.455268383026123, 7.801059722900391], "cheng-soon-ong_2016_2508716390": [1.7647647857666016, 6.084643840789795], "cheng-soon-ong_2003_2183349318": [3.7896621227264404, 8.945110321044922], "cheng-soon-ong_2008_2097936772": [4.3697638511657715, 4.8733720779418945], "cheng-soon-ong_2016_2439299270": [4.554371356964111, 7.327865123748779], "cheng-soon-ong_2005_2170356051": [3.976836681365967, 9.074807167053223], "cheng-soon-ong_2006_148048108": [4.590137481689453, 5.257894992828369], "cheng-soon-ong_2009_2104139298": [3.6772944927215576, 4.2039995193481445], "cheng-soon-ong_2007_2106503792": [4.90826940536499, 6.095638751983643], "cheng-soon-ong_2017_2762339466": [1.9768929481506348, 6.983180522918701], "cheng-soon-ong_2016_2592345892": [2.2377285957336426, 6.172347068786621], "cheng-soon-ong_2006_2186919538": [4.388187885284424, 4.831096172332764], "cheng-soon-ong_2015_2186661753": [3.0689563751220703, 4.759798526763916], "cheng-soon-ong_2014_1579305890": [2.754441499710083, 4.576521873474121], "cheng-soon-ong_2012_2149835029": [2.478715181350708, 5.590307712554932], "cheng-soon-ong_2010_2101807845": [3.416156530380249, 6.65779447555542], "cheng-soon-ong_2009_2154848136": [4.353729248046875, 8.324721336364746], "cheng-soon-ong_2010_2013311872": [4.190279960632324, 7.589669704437256], "cheng-soon-ong_2009_2119695964": [3.245652437210083, 5.907395362854004], "cheng-soon-ong_2013_188338067": [2.98809552192688, 6.338628768920898], "cheng-soon-ong_2013_2127164721": [3.884493589401245, 8.626169204711914], "cheng-soon-ong_2011_1967541074": [1.9573731422424316, 5.156789302825928], "cheng-soon-ong_2013_2079291777": [3.114123582839966, 5.460115432739258], "cheng-soon-ong_2002_2189072117": [4.863220691680908, 7.119138240814209], "cheng-soon-ong_2011_2142535091": [2.070266008377075, 5.27451229095459], "cheng-soon-ong_2010_1504372951": [4.200719833374023, 8.695103645324707], "cheng-soon-ong_2013_2137443247": [2.9697041511535645, 5.552161693572998], "cheng-soon-ong_2010_1558448861": [3.1826865673065186, 6.313095569610596], "cheng-soon-ong_2012_2217064648": [4.071606636047363, 8.279064178466797], "cheng-soon-ong_2011_2111241577": [3.701369524002075, 8.203082084655762], "cheng-soon-ong_2013_2112966225": [4.909012794494629, 4.692356586456299], "cheng-soon-ong_2014_2183731520": [5.001357555389404, 4.583626747131348], "cheng-soon-ong_2014_1991784736": [4.862596035003662, 4.801692962646484], "cheng-soon-ong_2007_average": [2.6260335445404053, 6.433154106140137], "cheng-soon-ong_2015_average": [3.353510618209839, 7.30151891708374], "cheng-soon-ong_2016_average": [2.1448612213134766, 5.763734340667725], "cheng-soon-ong_2008_average": [3.9790639877319336, 4.848865032196045], "cheng-soon-ong_2005_average": [3.940586566925049, 6.242118835449219], "cheng-soon-ong_2009_average": [3.3750674724578857, 5.5388360023498535], "cheng-soon-ong_2014_average": [2.6907260417938232, 5.88174295425415], "cheng-soon-ong_2017_average": [1.9022217988967896, 6.316710948944092], "cheng-soon-ong_2006_average": [3.240656614303589, 5.031281471252441], "cheng-soon-ong_2003_average": [3.325273275375366, 8.048574447631836], "cheng-soon-ong_2004_average": [4.645068168640137, 8.347774505615234], "cheng-soon-ong_2012_average": [2.7617852687835693, 6.619206428527832], "cheng-soon-ong_2010_average": [3.6104025840759277, 6.649991512298584], "cheng-soon-ong_2013_average": [2.8350400924682617, 5.234023571014404], "cheng-soon-ong_2011_average": [2.32389760017395, 5.3890228271484375], "cheng-soon-ong_2018_average": [2.584819793701172, 5.800540924072266], "cheng-soon-ong_2002_average": [4.9242262840271, 7.181301116943359]}