{"cheng-soon-ong_2007": [-3.082395315170288, 0.29780641198158264], "cheng-soon-ong_2015": [1.5497410297393799, 2.1891281604766846], "cheng-soon-ong_2016": [-10.451749801635742, -0.3304087221622467], "cheng-soon-ong_2008": [0.15851230919361115, 0.7389107346534729], "cheng-soon-ong_2005": [-6.21651554107666, 4.905944347381592], "cheng-soon-ong_2009": [20.503854751586914, 16.81350326538086], "cheng-soon-ong_2014": [21.566823959350586, 15.385836601257324], "cheng-soon-ong_2017": [-1.2538962364196777, 4.356459140777588], "cheng-soon-ong_2006": [0.5276992321014404, 2.121004581451416], "cheng-soon-ong_2003": [-5.096951007843018, 5.037029266357422], "cheng-soon-ong_2004": [-6.478763580322266, 5.26053524017334], "cheng-soon-ong_2012": [-10.46081829071045, 0.8499758243560791], "cheng-soon-ong_2010": [-3.8261513710021973, -1.227190613746643], "cheng-soon-ong_2013": [-5.200913906097412, 1.235593318939209], "cheng-soon-ong_2011": [-1.802827000617981, -0.3455520272254944], "cheng-soon-ong_2018": [-7.10526704788208, 3.8938212394714355], "cheng-soon-ong_2002": [-0.055496685206890106, -0.9560109972953796], "ICML_2005": [-8.798056602478027, -31.962909698486328], "ICML_2010": [-6.669724941253662, -35.17402648925781], "ICML_1989": [-17.087055206298828, -18.35729217529297], "ICML_1991": [-16.789615631103516, -18.206546783447266], "ICML_2016": [-1.76746666431427, -41.66075897216797], "ICML_2014": [-3.15746808052063, -39.62372970581055], "ICML_2017": [4.230453968048096, -44.17367172241211], "ICML_2013": [-3.2073371410369873, -40.42525100708008], "ICML_2018": [3.8927063941955566, -44.056053161621094], "ICML_2008": [-9.517108917236328, -31.017702102661133], "ICML_2003": [-8.731186866760254, -27.651813507080078], "ICML_2006": [-9.17496395111084, -31.534099578857422], "ICML_2000": [-8.731264114379883, -27.096284866333008], "ICML_2007": [-9.44577407836914, -30.324811935424805], "ICML_2004": [-8.844659805297852, -28.663711547851562], "ICML_2009": [-10.36784839630127, -30.27066421508789], "ICML_2012": [-6.339114189147949, -36.844852447509766], "ICML_1997": [-10.226001739501953, -3.4476706981658936], "ICML_2011": [-7.382625102996826, -34.336368560791016], "ICML_1992": [-9.53553581237793, -5.888039588928223], "ICML_1996": [-10.193647384643555, -5.584731578826904], "ICML_1998": [-10.63161849975586, -5.434751510620117], "ICML_2015": [-2.6127591133117676, -40.98665237426758], "ICML_1994": [-10.183206558227539, -2.6562507152557373], "ICML_1995": [-10.162050247192383, -6.927626132965088], "ICML_1988": [-8.428962707519531, -2.321524143218994], "ICML_1993": [-9.60980224609375, -2.3433797359466553], "ICML_2002": [-11.120182037353516, -7.091170310974121], "ICML_1990": [-9.076404571533203, -3.3698935508728027], "ICML_2001": [-11.03087043762207, -6.758326053619385], "ICML_1999": [-10.035444259643555, -4.646787643432617], "ICML_1987": [-3.753023862838745, 0.597378134727478], "ICML_1984": [0.3282507658004761, -1.6459401845932007], "NIPS_2015": [0.9444769620895386, -42.508033752441406], "NIPS_2002": [-9.023411750793457, -36.0573616027832], "NIPS_2012": [-0.23986099660396576, -42.208106994628906], "NIPS_2010": [-1.6567604541778564, -40.343482971191406], "NIPS_1992": [-15.179113388061523, -24.978107452392578], "NIPS_2016": [2.0875084400177, -43.92622375488281], "NIPS_2005": [-8.12020206451416, -35.951725006103516], "NIPS_2014": [0.4314017593860626, -42.84250259399414], "NIPS_2008": [-7.401675701141357, -37.388973236083984], "NIPS_1998": [-14.08432674407959, -27.9187068939209], "NIPS_1999": [-12.798927307128906, -28.94716453552246], "NIPS_1996": [-14.521889686584473, -26.914525985717773], "NIPS_2004": [-9.561676979064941, -36.71348571777344], "NIPS_2017": [3.8654534816741943, -46.316593170166016], "NIPS_1994": [-14.618557929992676, -26.33519744873047], "NIPS_1990": [-15.656208038330078, -23.618919372558594], "NIPS_1989": [-16.125202178955078, -19.75208854675293], "NIPS_2003": [-8.419395446777344, -36.631229400634766], "NIPS_2013": [-0.12126350402832031, -41.49871826171875], "NIPS_2006": [-8.823437690734863, -37.35747528076172], "NIPS_1988": [-16.010683059692383, -20.05453109741211], "NIPS_2007": [-7.674309253692627, -36.876556396484375], "NIPS_1997": [-13.753789901733398, -27.030736923217773], "NIPS_1991": [-15.59602165222168, -25.30621337890625], "NIPS_2011": [-1.3234721422195435, -40.312625885009766], "NIPS_2009": [1.5681862831115723, -43.408260345458984], "NIPS_1995": [-14.532419204711914, -25.202417373657227], "NIPS_2018": [-7.365998268127441, -2.073202133178711], "NIPS_2001": [-11.893263816833496, -29.759231567382812], "NIPS_1993": [-14.827726364135742, -24.173654556274414], "NIPS_2000": [-12.284503936767578, -29.349689483642578], "NIPS_1987": [-2.294997215270996, 1.326748251914978], "WSDM_2011": [-9.991214752197266, 27.621305465698242], "WSDM_2016": [-8.997884750366211, 28.48354721069336], "WSDM_2009": [-8.825907707214355, 22.76266860961914], "WSDM_2018": [-10.126068115234375, 30.834428787231445], "WSDM_2012": [-9.18237018585205, 27.336042404174805], "WSDM_2017": [-9.704201698303223, 29.72307586669922], "WSDM_2014": [-8.984663009643555, 26.535558700561523], "WSDM_2010": [-8.802064895629883, 22.699304580688477], "WSDM_2013": [-9.603459358215332, 28.6210994720459], "WSDM_2015": [-9.049798965454102, 25.316850662231445], "WSDM_2008": [-8.745566368103027, 21.525957107543945], "CIKM_2008": [-15.272360801696777, 38.856380462646484], "CIKM_2012": [-16.324054718017578, 42.38386535644531], "CIKM_2009": [-16.042118072509766, 41.472625732421875], "CIKM_2006": [-12.176332473754883, 32.35695266723633], "CIKM_2005": [-12.523807525634766, 33.415767669677734], "CIKM_2013": [-16.71114730834961, 41.86608123779297], "CIKM_2011": [-15.66651725769043, 42.16058349609375], "CIKM_2015": [-16.396442413330078, 39.452945709228516], "CIKM_2003": [-11.484665870666504, 28.229015350341797], "CIKM_2010": [-15.522913932800293, 41.044193267822266], "CIKM_2002": [-12.035523414611816, 29.905969619750977], "CIKM_1994": [-13.404151916503906, 25.197580337524414], "CIKM_2007": [-12.53183364868164, 33.40422058105469], "CIKM_2017": [-17.24733543395996, 40.76832962036133], "CIKM_2016": [-16.425933837890625, 40.548030853271484], "CIKM_2014": [-15.756118774414062, 39.29106903076172], "CIKM_1993": [-13.392159461975098, 27.371780395507812], "CIKM_1995": [-12.76296615600586, 24.70056915283203], "CIKM_2004": [-11.697035789489746, 30.324934005737305], "CIKM_2001": [-11.960105895996094, 29.252897262573242], "CIKM_2000": [-12.11501407623291, 26.842313766479492], "CIKM_1997": [-12.40414047241211, 25.314983367919922], "CIKM_1999": [-12.41019058227539, 28.193603515625], "CIKM_1998": [-12.477279663085938, 23.189443588256836], "CIKM_1992": [-12.28185749053955, 22.11178207397461], "CIKM_1996": [-13.141300201416016, 23.81488609313965], "ICWSM_2007": [-8.765264511108398, 14.751992225646973], "ICWSM_2008": [-8.56416130065918, 14.204619407653809], "ICWSM_2017": [-11.194300651550293, 14.822282791137695], "ICWSM_2015": [-9.4695463180542, 13.476040840148926], "ICWSM_2012": [-13.503780364990234, 14.891138076782227], "ICWSM_2010": [-10.493698120117188, 13.992473602294922], "ICWSM_2011": [-13.602426528930664, 14.958684921264648], "ICWSM_2014": [-11.256603240966797, 13.705205917358398], "ICWSM_2013": [-12.913467407226562, 14.738978385925293], "ICWSM_2009": [-9.6478271484375, 14.848923683166504], "ICWSM_2016": [-11.295722961425781, 14.20390510559082], "ICWSM_2006": [-7.597001075744629, 12.319805145263672], "WWW_2001": [-3.2995288372039795, 48.40068817138672], "WWW_2016": [-9.921896934509277, 48.92405700683594], "WWW_2012": [-9.890243530273438, 48.235294342041016], "WWW_2008": [-6.203137397766113, 49.556278228759766], "WWW_2009": [-4.63744592666626, 49.67387390136719], "WWW_1998": [-1.898349642753601, 47.654258728027344], "WWW_2007": [-5.944685935974121, 49.004371643066406], "WWW_2005": [-7.050153732299805, 48.82318878173828], "WWW_2011": [-5.936051368713379, 50.50127029418945], "WWW_2015": [-11.428882598876953, 48.330474853515625],