{"cheng-soon-ong_2007": [-0.5918432474136353, 4.442673206329346], "cheng-soon-ong_2015": [-0.21278277039527893, 4.562957763671875], "cheng-soon-ong_2016": [1.2578719854354858, 2.2121875286102295], "cheng-soon-ong_2008": [-0.7496338486671448, 4.741209030151367], "cheng-soon-ong_2005": [-0.07903364300727844, 5.7061991691589355], "cheng-soon-ong_2009": [1.139890432357788, 3.328450918197632], "cheng-soon-ong_2014": [0.973630428314209, 3.7679765224456787], "cheng-soon-ong_2017": [-1.534675121307373, 4.237002849578857], "cheng-soon-ong_2006": [-0.5466287732124329, 4.5799102783203125], "cheng-soon-ong_2003": [-0.15036651492118835, 5.310484409332275], "cheng-soon-ong_2004": [-0.025769449770450592, 5.77206563949585], "cheng-soon-ong_2012": [1.473675012588501, 2.3946244716644287], "cheng-soon-ong_2010": [-0.3107571005821228, 4.248915195465088], "cheng-soon-ong_2013": [0.1251256912946701, 4.13077974319458], "cheng-soon-ong_2011": [-0.7985818982124329, 4.599638938903809], "cheng-soon-ong_2018": [-0.02954355627298355, 5.769327163696289], "cheng-soon-ong_2002": [-0.7388321161270142, 4.962339401245117], "ICML_2005": [-0.8593559861183167, 1.053653597831726], "ICML_2010": [-1.0344399213790894, 1.0128031969070435], "ICML_1989": [-0.27402040362358093, 1.3247160911560059], "ICML_1991": [-0.1078818067908287, 1.3680144548416138], "ICML_2016": [-1.1928194761276245, 0.7804503440856934], "ICML_2014": [-1.077507734298706, 0.7488617897033691], "ICML_2017": [-1.3488706350326538, 0.7638742327690125], "ICML_2013": [-1.1134905815124512, 0.7983275651931763], "ICML_2018": [-1.332045316696167, 0.7344178557395935], "ICML_2008": [-0.788415253162384, 0.946171224117279], "ICML_2003": [-0.4730246365070343, 1.0521563291549683], "ICML_2006": [-0.8269273638725281, 1.01486337184906], "ICML_2000": [-0.470776230096817, 1.2142027616500854], "ICML_2007": [-0.7687059044837952, 0.8389452695846558], "ICML_2004": [-0.613966166973114, 0.9608956575393677], "ICML_2009": [-0.7364375591278076, 0.9536660313606262], "ICML_2012": [-0.9966012239456177, 0.8147844672203064], "ICML_1997": [0.8459184169769287, 1.4467473030090332], "ICML_2011": [-0.9295808672904968, 0.9061242341995239], "ICML_1992": [0.6256566643714905, 1.3763145208358765], "ICML_1996": [0.6655624508857727, 1.3708513975143433], "ICML_1998": [0.6800732016563416, 1.3575977087020874], "ICML_2015": [-1.1493487358093262, 0.7772817611694336], "ICML_1994": [0.8804095983505249, 1.4831962585449219], "ICML_1995": [0.45722880959510803, 1.276850700378418], "ICML_1988": [0.8552566766738892, 1.5557856559753418], "ICML_1993": [0.8875019550323486, 1.5056136846542358], "ICML_2002": [0.37100088596343994, 1.2856714725494385], "ICML_1990": [0.8233846426010132, 1.4639381170272827], "ICML_2001": [0.45343896746635437, 1.2741212844848633], "ICML_1999": [0.7523754835128784, 1.3998230695724487], "ICML_1987": [-0.7656373381614685, 4.3214311599731445], "ICML_1984": [-0.7318868041038513, 5.04062557220459], "NIPS_2015": [-1.2767236232757568, 0.7041669487953186], "NIPS_2002": [-0.9229511022567749, 0.9199734330177307], "NIPS_2012": [-1.219012975692749, 0.7344857454299927], "NIPS_2010": [-1.1251897811889648, 0.8084688186645508], "NIPS_1992": [-0.6448550820350647, 1.2496880292892456], "NIPS_2016": [-1.3515244722366333, 0.6986883282661438], "NIPS_2005": [-0.9377503395080566, 0.9375635981559753], "NIPS_2014": [-1.2617913484573364, 0.7132341861724854], "NIPS_2008": [-1.0021697282791138, 0.9075586199760437], "NIPS_1998": [-0.8327004909515381, 1.2047903537750244], "NIPS_1999": [-0.7701712250709534, 1.0478742122650146], "NIPS_1996": [-0.7305383086204529, 1.196488857269287], "NIPS_2004": [-0.9144120812416077, 1.0259113311767578], "NIPS_2017": [-1.4288270473480225, 0.6847572922706604], "NIPS_1994": [-0.7264017462730408, 1.2166680097579956], "NIPS_1990": [-0.5154783129692078, 1.3054735660552979], "NIPS_1989": [-0.18629352748394012, 1.3360676765441895], "NIPS_2003": [-0.9523521661758423, 0.9497272372245789], "NIPS_2013": [-1.1970880031585693, 0.7313656210899353], "NIPS_2006": [-0.9476537704467773, 0.9701140522956848], "NIPS_1988": [-0.1722675859928131, 1.2609597444534302], "NIPS_2007": [-0.9708662629127502, 0.8992871046066284], "NIPS_1997": [-0.7010800242424011, 1.1178361177444458], "NIPS_1991": [-0.6300586462020874, 1.204759120941162], "NIPS_2011": [-1.119909405708313, 0.8005370497703552], "NIPS_2009": [-1.3162492513656616, 0.6980641484260559], "NIPS_1995": [-0.6237788796424866, 1.1906307935714722], "NIPS_2018": [0.7716288566589355, 1.5841858386993408], "NIPS_2001": [-0.7564842700958252, 0.9824793934822083], "NIPS_1993": [-0.5229049921035767, 1.1881012916564941], "NIPS_2000": [-0.752399742603302, 1.0314003229141235], "NIPS_1987": [-0.8638632893562317, 4.546060562133789], "WSDM_2011": [-2.265676498413086, 2.5440428256988525], "WSDM_2016": [-2.254654884338379, 2.538520336151123], "WSDM_2009": [-2.661693811416626, 3.1926138401031494], "WSDM_2018": [-1.9671489000320435, 2.184730052947998], "WSDM_2012": [-2.318307638168335, 2.627885580062866], "WSDM_2017": [-2.0722784996032715, 2.3678183555603027], "WSDM_2014": [-2.3834664821624756, 2.7226507663726807], "WSDM_2010": [-2.641187906265259, 3.224386692047119], "WSDM_2013": [-2.223719596862793, 2.4667916297912598], "WSDM_2015": [-2.519010543823242, 2.9382781982421875], "WSDM_2008": [-2.567476987838745, 3.436610460281372], "CIKM_2008": [-1.6123065948486328, 1.5463266372680664], "CIKM_2012": [-1.6195327043533325, 1.256231665611267], "CIKM_2009": [-1.589173436164856, 1.3396222591400146], "CIKM_2006": [-1.863558053970337, 2.0022823810577393], "CIKM_2005": [-1.7811599969863892, 1.8214956521987915], "CIKM_2013": [-1.597808837890625, 1.2873934507369995], "CIKM_2011": [-1.6247004270553589, 1.2488155364990234], "CIKM_2015": [-1.5380339622497559, 1.5005117654800415], "CIKM_2003": [-2.2126669883728027, 2.4977030754089355], "CIKM_2010": [-1.5984877347946167, 1.3655287027359009], "CIKM_2002": [-2.058748245239258, 2.279451608657837], "CIKM_1994": [-2.401350975036621, 2.816540479660034], "CIKM_2007": [-1.7589713335037231, 1.8175698518753052], "CIKM_2017": [-1.466526746749878, 1.409199833869934], "CIKM_2016": [-1.5181726217269897, 1.4234631061553955], "CIKM_2014": [-1.5597543716430664, 1.5207654237747192], "CIKM_1993": [-2.210047960281372, 2.5437676906585693], "CIKM_1995": [-2.438174247741699, 2.9049668312072754], "CIKM_2004": [-2.0219974517822266, 2.251702070236206], "CIKM_2001": [-2.125591516494751, 2.3436999320983887], "CIKM_2000": [-2.3100767135620117, 2.6454668045043945], "CIKM_1997": [-2.4205527305603027, 2.800642490386963], "CIKM_1999": [-2.2204933166503906, 2.4627931118011475], "CIKM_1998": [-2.5370028018951416, 3.082092046737671], "CIKM_1992": [-2.608966112136841, 3.4434189796447754], "CIKM_1996": [-2.5093812942504883, 3.0015451908111572], "ICWSM_2007": [-2.7230947017669678, 2.760307550430298], "ICWSM_2008": [-2.731004238128662, 2.8523523807525635], "ICWSM_2017": [-2.672086477279663, 2.3803768157958984], "ICWSM_2015": [-2.8508706092834473, 2.6884708404541016], "ICWSM_2012": [-2.2078773975372314, 1.9321659803390503], "ICWSM_2010": [-2.797243118286133, 2.4922807216644287], "ICWSM_2011": [-2.1589536666870117, 1.9073868989944458], "ICWSM_2014": [-2.75398325920105, 2.4132018089294434], "ICWSM_2013": [-2.380770444869995, 2.1025521755218506], "ICWSM_2009": [-2.6673357486724854, 2.586348056793213], "ICWSM_2016": [-2.7687082290649414, 2.406107187271118], "ICWSM_2006": [-2.732536554336548, 3.8510074615478516], "WWW_2001": [-1.8848775625228882, 1.4542722702026367], "WWW_2016": [-1.6558645963668823, 1.3146002292633057], "WWW_2012": [-1.6750109195709229, 1.2584125995635986], "WWW_2008": [-1.7006950378417969, 1.387766718864441], "WWW_2009": [-1.7481598854064941, 1.4650665521621704], "WWW_1998": [-2.2212705612182617, 1.3768683671951294], "WWW_2007": [-1.7084219455718994, 1.3880172967910767], "WWW_2005": [-1.7267175912857056, 1.299102783203125], "WWW_2011": [-1.6444871425628662, 1.4451042413711548], "WWW_2015": [-1.6722123622894287, 1.1680234670639038],