{"rajeev-gore_2002": [0.0015567967887252958, 0.0007175463178682188], "rajeev-gore_1999": [-0.0015297725287014077, 0.002783264539207853], "rajeev-gore_2005": [-4.1399183177296615e-05, -0.0010677926217861865], "rajeev-gore_2011": [0.0003891907909013658, 0.0005786651793269408], "rajeev-gore_2012": [-0.001671642906015434, 0.0026522384753344605], "rajeev-gore_1997": [0.014194578641696176, 0.015052768456001288], "rajeev-gore_2001": [-0.00097808666732809, -0.0017245003240254802], "rajeev-gore_1998": [-0.003010098147556519, -0.0006058075036027437], "rajeev-gore_2010": [-0.0033026893547768413, 0.0016506036301823473], "rajeev-gore_2016": [-0.0006872509899060169, 9.036775005007889e-05], "rajeev-gore_2000": [-0.0036922584096782305, 0.0016357427692072243], "rajeev-gore_2013": [-0.00035899577041997334, 0.004331137779968681], "rajeev-gore_2009": [-0.002994999713137757, 0.000380186945027059], "rajeev-gore_2017": [0.006389448072620707, 0.0020747396360982313], "rajeev-gore_2018": [0.016823051296107654, 0.03492004690082262], "rajeev-gore_2014": [-0.002752836106753745, -0.0002034956344171297], "rajeev-gore_2007": [-0.0013535862273696987, 0.003864156022759235], "rajeev-gore_2004": [-0.0025813718410989572, 0.007694204278671465], "rajeev-gore_2003": [0.00477952677781282, 0.00024054240824219526], "rajeev-gore_1996": [0.0063937671422174295, 0.01595457827194192], "rajeev-gore_2008": [0.0017561963420145814, 0.0037991674198426134], "rajeev-gore_2015": [8.947530674795827e-05, 5.141398541868551e-05], "rajeev-gore_1989": [0.04728712232494739, -0.044724239916305565], "alwen-tiu_2007": [3.261190183270744e-05, 0.004299124413429711], "alwen-tiu_2014": [0.004525402936935307, 0.008147091810336396], "alwen-tiu_2011": [0.01618149029965234, 0.03523264633727186], "alwen-tiu_2006": [0.0011813578778150466, 0.0009937564617668588], "alwen-tiu_2004": [0.04025201310057784, 0.08112381527057944], "alwen-tiu_2017": [-0.000492955701435465, -0.004354685072192301], "alwen-tiu_2010": [0.000512191855830471, 0.007700908555259903], "alwen-tiu_2015": [-0.00018090444150551112, -0.003744045989968486], "alwen-tiu_2012": [0.0012313997632317148, 0.008916238124213315], "alwen-tiu_2008": [0.00619144640889744, 0.021781444609426225], "alwen-tiu_2018": [0.00889716974244838, 0.009006753092022193], "alwen-tiu_2016": [-0.0006087729396831848, -0.0006479346129691057], "alwen-tiu_2003": [0.011431440386641198, 0.04160259006259001], "alwen-tiu_2013": [0.005227906162364188, 0.018560711498631862], "alwen-tiu_2005": [0.00528228245646605, 0.007578990010754554], "alwen-tiu_2009": [-0.0001664728762589756, 0.004286858688102434], "alwen-tiu_2002": [0.03822586009756216, -0.0070568757446997235], "alwen-tiu_2001": [0.07630508502915365, 0.18807634257693226], "CSL_2015": [-0.007156972056344937, -0.002445627428350525], "CSL_2000": [-0.006880376459162212, -0.0022309363742108665], "CSL_2006": [-0.007214438008085964, -0.002261355896808419], "CSL_1999": [-0.007065454323053948, -0.0023260318685756195], "CSL_2002": [-0.007128166483540784, -0.0021364400542796666], "CSL_2012": [-0.0069777420242850136, -0.002015900224398677], "CSL_1991": [-0.006434299966153206, -0.002380339321682331], "CSL_2016": [-0.00713225961178414, -0.0025178082923720136], "CSL_1987": [-0.005968718330310856, -0.0025192626636054523], "CSL_1996": [-0.0069084225165287685, -0.0020865921048133706], "CSL_2013": [-0.007109799271703449, -0.0021951645238839357], "CSL_1997": [-0.007010162075334941, -0.001963682043609014], "CSL_1998": [-0.0069108735661238185, -0.0020408313916809744], "CSL_1994": [-0.0068253508130351696, -0.0022659619613730514], "CSL_2009": [-0.007103843292283216, -0.0023098874078875693], "CSL_2001": [-0.007140287841654785, -0.0020766524473422275], "CSL_2017": [-0.0069201744323032525, -0.0026254436806501234], "CSL_2007": [-0.007191023594274326, -0.0020655399685467367], "CSL_2003": [-0.007274243890153989, -0.0024596919835534864], "CSL_2005": [-0.007118489704365066, -0.0020909041854117617], "CSL_2011": [-0.007074910504813214, -0.0021196118415273985], "CSL_2008": [-0.007116319230892352, -0.002055215758430408], "CSL_2018": [0.010030178483238844, -0.011345052192091207], "CSL_1992": [-0.006189555230603447, -0.0021882776755428176], "CSL_1993": [-0.006116194804889405, -0.0019048599211838276], "CSL_2004": [-0.007119609345743229, -0.0021107832975320816], "CSL_1989": [-0.005835464478514173, -0.0020980436462991435], "CSL_2010": [-0.007059631782457353, -0.002195702751650354], "CSL_1988": [-0.006156510381190697, -0.0024917879851790413], "CSL_1990": [-0.006590445227803025, -0.002478575334750002], "CSL_1995": [-0.006395643102051415, -0.002296824956216562], "CSL_1976": [0.03349182842509448, -0.04203024051115613], "LICS_1988": [-0.007165642622139233, -0.0023982103582219556], "LICS_2016": [-0.007383279663837374, -0.002542523355974523], "LICS_2011": [-0.007026927066602223, -0.0023623552969963776], "LICS_2017": [-0.007407340024868683, -0.0025507374230440733], "LICS_1991": [-0.007035042105114274, -0.0023011789826733], "LICS_2013": [-0.0073251401721669196, -0.0025990134264019527], "LICS_2014": [-0.007373333101798007, -0.0025473656660591035], "LICS_2015": [-0.007321557318662533, -0.0026129372213876036], "LICS_2010": [-0.007230104915401331, -0.002371713180084275], "LICS_2005": [-0.007298496810537834, -0.0024671943600303803], "LICS_1997": [-0.007323227093632487, -0.0024757501760468686], "LICS_1995": [-0.00722527296020706, -0.002466224084927915], "LICS_2018": [-0.007225961272135049, -0.002591748495044077], "LICS_2012": [-0.007305290950684757, -0.002423981072705269], "LICS_1998": [-0.007194709130143288, -0.002313724115867705], "LICS_1992": [-0.007202900373265501, -0.0023999675078257635], "LICS_1989": [-0.0071389049306587555, -0.002376885965405229], "LICS_2001": [-0.007085075314018284, -0.0024190781440371727], "LICS_1990": [-0.007216917773990469, -0.00237410719288469], "LICS_2002": [-0.0070793134386104946, -0.0023314162655008693], "LICS_1986": [-0.006248743761848208, -0.002609331489313893], "LICS_2006": [-0.007092704881219036, -0.002285570469153261], "LICS_2008": [-0.007182830819173955, -0.002200341376955499], "LICS_2009": [-0.007140085951507902, -0.002256342454021715], "LICS_2000": [-0.007070497646138981, -0.002269755095940682], "LICS_1987": [-0.0062552843400406075, -0.0024522082501370127], "LICS_2004": [-0.007163701295969249, -0.0024583037474269834], "LICS_1994": [-0.007270813258474504, -0.0024351099548689187], "LICS_1996": [-0.0072576368585279515, -0.00237260945838004], "LICS_2003": [-0.00708408330162539, -0.002385307858909045], "LICS_1999": [-0.007226086463131378, -0.0023388626969774685], "LICS_1985": [0.23278656840528095, -0.06240628379665391], "LICS_1993": [-0.007200918310458131, -0.0024384413640225777], "LICS_2007": [-0.007070647400262298, -0.002195693293557732], "LICS_1978": [0.0740607777164847, -0.022137442363754145], "LICS_1981": [0.08767106274087921, -0.03266461806246143], "TABLEAUX_2000": [-0.006341833873041183, -0.001958703105437809], "TABLEAUX_2011": [-0.005753569405796919, -0.001241648799516829], "TABLEAUX_1997": [-0.00552497675186288, -0.0013549461295007063], "TABLEAUX_2002": [-0.00581492354301092, -0.0011431862857222376], "TABLEAUX_2005": [-0.006207240570636048, -0.0019772945511770754], "TABLEAUX_1999": [-0.006219796363747252, -0.0018858577903566585], "TABLEAUX_1998": [-0.006173345744611295, -0.0022394908823457314], "TABLEAUX_2007": [-0.0051657419626875084, -0.0008514314396097504], "TABLEAUX_2013": [-0.0051101109655481225, -0.0017568170617385736], "TABLEAUX_1992": [-0.004968272800607436, -0.001580503790813389], "TABLEAUX_2017": [-0.003955540044061336, -0.0019521631372463493], "TABLEAUX_1995": [-0.00537567586157443, -0.0011214609177110971], "TABLEAUX_2009": [-0.005796665211983728, -0.0010876919867888338], "TABLEAUX_2015": [-0.00584126080781763, -0.0008396699662806605], "TABLEAUX_2003": [-0.005892990364746217, -0.0018515102580012014], "TABLEAUX_1996": [-0.005794675699681503, -0.001252123211036291], "TABLEAUX_1993": [0.06903386701429387, 0.01361001562965396],