{"rajeev-gore_2002": [0.5161789655685425, -2.232041835784912], "rajeev-gore_1999": [0.8141825199127197, -3.826478958129883], "rajeev-gore_2005": [0.5290442705154419, -1.9220391511917114], "rajeev-gore_2011": [0.6182196140289307, -2.2028751373291016], "rajeev-gore_2012": [1.9717310667037964, -1.3147830963134766], "rajeev-gore_1997": [0.7676992416381836, -4.178605079650879], "rajeev-gore_2001": [0.12971186637878418, -2.18945574760437], "rajeev-gore_1998": [0.6764338612556458, -2.0817017555236816], "rajeev-gore_2010": [1.2339959144592285, -2.1530630588531494], "rajeev-gore_2016": [1.6132779121398926, -0.7642597556114197], "rajeev-gore_2000": [1.1468150615692139, -3.301337480545044], "rajeev-gore_2013": [1.450174331665039, -2.4271202087402344], "rajeev-gore_2009": [1.1806368827819824, -1.9763531684875488], "rajeev-gore_2017": [1.5109045505523682, -3.1893253326416016], "rajeev-gore_2018": [2.7183029651641846, -2.3925867080688477], "rajeev-gore_2014": [0.8299912214279175, -2.0501201152801514], "rajeev-gore_2007": [1.2282735109329224, -2.37851619720459], "rajeev-gore_2004": [1.5375851392745972, -3.4716944694519043], "rajeev-gore_2003": [0.5098690986633301, -2.4093799591064453], "rajeev-gore_1996": [0.788421094417572, -4.137886047363281], "rajeev-gore_2008": [1.0240082740783691, -2.5033178329467773], "rajeev-gore_2015": [0.21896564960479736, -2.309356212615967], "rajeev-gore_1989": [-0.7842031717300415, -1.6600472927093506], "alwen-tiu_2007": [1.3408575057983398, -2.213411331176758], "alwen-tiu_2014": [1.4221817255020142, -2.6322062015533447], "alwen-tiu_2011": [2.809380531311035, -2.5864410400390625], "alwen-tiu_2006": [0.33996060490608215, -2.2730154991149902], "alwen-tiu_2004": [2.986086845397949, -3.2523109912872314], "alwen-tiu_2017": [-0.5420717000961304, -2.3249704837799072], "alwen-tiu_2010": [1.8763054609298706, -2.4149348735809326], "alwen-tiu_2015": [-0.21441781520843506, -2.347653865814209], "alwen-tiu_2012": [2.365938663482666, -1.3649975061416626], "alwen-tiu_2008": [2.606137990951538, -2.714162588119507], "alwen-tiu_2018": [1.871443748474121, -2.262256383895874], "alwen-tiu_2016": [0.3656567931175232, -2.0168771743774414], "alwen-tiu_2003": [2.860738515853882, -2.980966329574585], "alwen-tiu_2013": [2.478020668029785, -2.623810291290283], "alwen-tiu_2005": [1.613415002822876, -2.287388563156128], "alwen-tiu_2009": [1.7083396911621094, -2.2277069091796875], "alwen-tiu_2002": [2.598332405090332, -1.5331754684448242], "alwen-tiu_2001": [3.081045627593994, -2.7098426818847656], "CSL_2015": [-1.2804042100906372, -0.5195856094360352], "CSL_2000": [-0.5599768757820129, -0.3737407624721527], "CSL_2006": [-1.1605554819107056, 0.1315869390964508], "CSL_1999": [-0.920390784740448, -0.504141092300415], "CSL_2002": [-0.8883367776870728, 0.07060402631759644], "CSL_2012": [-0.5530274510383606, 0.027604080736637115], "CSL_1991": [-0.03654734790325165, -0.19115550816059113], "CSL_2016": [-1.391788125038147, -0.6990301012992859], "CSL_1987": [0.4659719169139862, 0.002551676705479622], "CSL_1996": [-0.3546837568283081, -0.02088247239589691], "CSL_2013": [-0.9487133622169495, 0.11231241375207901], "CSL_1997": [-0.4717482328414917, 0.18105891346931458], "CSL_1998": [-0.33166953921318054, 0.07708793133497238], "CSL_1994": [-0.5811355710029602, -0.49099835753440857], "CSL_2009": [-1.032089352607727, -0.4089623987674713], "CSL_2001": [-0.8586056232452393, 0.22232556343078613], "CSL_2017": [-0.9342909455299377, -0.8407411575317383], "CSL_2007": [-0.9636204242706299, 0.28360798954963684], "CSL_2003": [-1.6293489933013916, -0.3068084418773651], "CSL_2005": [-0.780964732170105, 0.23234011232852936], "CSL_2011": [-0.7445453405380249, 0.10008850693702698], "CSL_2008": [-0.6186233758926392, 0.32243311405181885], "CSL_2018": [1.8388313055038452, 0.2759348750114441], "CSL_1992": [0.3634409010410309, -0.05053101107478142], "CSL_1993": [0.5061243176460266, -0.11445924639701843], "CSL_2004": [-0.7229655981063843, 0.09247741848230362], "CSL_1989": [0.6529765725135803, -0.09008213132619858], "CSL_2010": [-0.840894341468811, -0.32869601249694824], "CSL_1988": [0.20837731659412384, -0.13274674117565155], "CSL_1990": [-0.4500163793563843, -0.5980911254882812], "CSL_1995": [0.0793917179107666, -0.1340646892786026], "CSL_1976": [-0.6487372517585754, -2.065345048904419], "LICS_1988": [-1.1078323125839233, -0.5105451345443726], "LICS_2016": [-1.8533140420913696, -0.47054269909858704], "LICS_2011": [-0.8925514817237854, -0.47609129548072815], "LICS_2017": [-1.8877098560333252, -0.46283093094825745], "LICS_1991": [-0.8711360096931458, -0.5065198540687561], "LICS_2013": [-1.8146097660064697, -0.6149407625198364], "LICS_2014": [-1.8559247255325317, -0.5247389078140259], "LICS_2015": [-1.8385155200958252, -0.6336630582809448], "LICS_2010": [-1.4307668209075928, -0.06578096747398376], "LICS_2005": [-1.6538901329040527, -0.26034361124038696], "LICS_1997": [-1.6718742847442627, -0.3044159710407257], "LICS_1995": [-1.4813992977142334, -0.5978562235832214], "LICS_2018": [-1.5499662160873413, -0.7168543338775635], "LICS_2012": [-1.6650227308273315, -0.1957751363515854], "LICS_1998": [-1.3217650651931763, 0.0062113492749631405], "LICS_1992": [-1.4090325832366943, -0.4953889846801758], "LICS_1989": [-1.1789300441741943, -0.5671197772026062], "LICS_2001": [-1.0890780687332153, -0.5970743298530579], "LICS_1990": [-1.4066377878189087, -0.10568950325250626], "LICS_2002": [-0.934645414352417, -0.47109246253967285], "LICS_1986": [-0.3923766016960144, -0.9119882583618164], "LICS_2006": [-1.0315327644348145, 0.0087045943364501], "LICS_2008": [-1.056939959526062, 0.16563381254673004], "LICS_2009": [-1.1223829984664917, 0.08468801528215408], "LICS_2000": [-0.8813251852989197, -0.2024778127670288], "LICS_1987": [0.172080397605896, -0.13820472359657288], "LICS_2004": [-1.3061546087265015, -0.6447811126708984], "LICS_1994": [-1.6402924060821533, -0.4090424180030823], "LICS_1996": [-1.5186079740524292, -0.12203826010227203], "LICS_2003": [-1.0209619998931885, -0.600466251373291], "LICS_1999": [-1.3644193410873413, 0.0025740356650203466], "LICS_1985": [2.333268642425537, 0.02085987478494644], "LICS_1993": [-1.4641140699386597, -0.6462404131889343], "LICS_2007": [-0.8689742088317871, -0.11651645600795746], "LICS_1978": [0.49759364128112793, -2.349785089492798], "LICS_1981": [0.6571580767631531, -2.1339409351348877], "TABLEAUX_2000": [0.3407496511936188, -0.8515104055404663], "TABLEAUX_2011": [0.9811890125274658, -1.1014461517333984], "TABLEAUX_1997": [0.8767153024673462, -1.1525089740753174], "TABLEAUX_2002": [0.9449950456619263, -1.0896178483963013], "TABLEAUX_2005": [0.30475470423698425, -0.886293351650238], "TABLEAUX_1999": [0.5697036981582642, -0.9066601395606995], "TABLEAUX_1998": [0.146692156791687, -0.9828011393547058], "TABLEAUX_2007": [1.0352123975753784, -1.4041718244552612], "TABLEAUX_2013": [0.8389812707901001, -1.2229046821594238], "TABLEAUX_1992": [0.8206292986869812, -1.3924256563186646], "TABLEAUX_2017": [0.6720197200775146, -1.6695148944854736], "TABLEAUX_1995": [0.9625654220581055, -1.246268630027771], "TABLEAUX_2009": [0.9847244620323181, -1.0488829612731934], "TABLEAUX_2015": [1.0497021675109863, -1.115610957145691], "TABLEAUX_2003": [0.6679137945175171, -0.9161325693130493], "TABLEAUX_1996": [0.9536879062652588, -1.075402855873108], "TABLEAUX_1993": [0.6993595957756042, -4.425602436065674], "POPL_1993": [-1.890818476676941, -2.152754545211792], "POPL_2017": [-2.0834062099456787, -1.1500409841537476], "POPL_1980": [-1.1661945581436157, -2.9236624240875244], "POPL_2001": [-1.5966235399246216, -2.853426456451416], "POPL_2016": [-1.9898431301116943, -1.6479606628417969], "POPL_2005": [-1.8576394319534302, -2.6202566623687744], "POPL_1996": [-1.881060242652893, -2.5424821376800537], "POPL_1988": [-1.2412811517715454, -2.8260886669158936], "POPL_2006": [-1.9225614070892334, -2.395772695541382], "POPL_2007": [-1.917687177658081, -2.0560812950134277],