{"cheng-soon-ong_2007": [-9.27293586730957, -7.529733657836914], "cheng-soon-ong_2015": [-8.674839973449707, -5.981204032897949], "cheng-soon-ong_2016": [-9.704628944396973, -1.3361036777496338], "cheng-soon-ong_2008": [-11.911629676818848, -7.432993412017822], "cheng-soon-ong_2005": [-12.474749565124512, -9.371330261230469], "cheng-soon-ong_2009": [-8.318603515625, 2.629936456680298], "cheng-soon-ong_2014": [-8.066474914550781, 3.27136492729187], "cheng-soon-ong_2017": [-7.192749977111816, -7.5840373039245605], "cheng-soon-ong_2006": [-8.716312408447266, -5.738116264343262], "cheng-soon-ong_2003": [-12.342338562011719, -9.690911293029785], "cheng-soon-ong_2004": [-14.253538131713867, -9.229960441589355], "cheng-soon-ong_2012": [-14.502222061157227, -2.8849024772644043], "cheng-soon-ong_2010": [-11.13408374786377, -7.665635108947754], "cheng-soon-ong_2013": [-8.753559112548828, -5.34923791885376], "cheng-soon-ong_2011": [-10.633353233337402, -6.284538269042969], "cheng-soon-ong_2018": [-11.166979789733887, -9.965047836303711], "cheng-soon-ong_2002": [-13.641493797302246, -6.37882137298584], "robert-c-williamson_2014": [-10.646500587463379, -1.207349419593811], "robert-c-williamson_2007": [-8.955653190612793, -7.968589782714844], "robert-c-williamson_2002": [-8.393022537231445, -1.1601496934890747], "robert-c-williamson_1998": [-8.584771156311035, -0.5304464101791382], "robert-c-williamson_1999": [-6.136619567871094, 0.2346910834312439], "robert-c-williamson_2001": [-7.740533351898193, -0.38334253430366516], "robert-c-williamson_2006": [-10.325005531311035, -8.21876335144043], "robert-c-williamson_1996": [-7.937813758850098, 1.0912152528762817], "robert-c-williamson_1988": [3.4294798374176025, 98.75424194335938], "robert-c-williamson_2011": [-12.644869804382324, -2.148679733276367], "robert-c-williamson_2003": [-6.169511795043945, -1.874178171157837], "robert-c-williamson_1994": [-9.68399429321289, 1.0866059064865112], "robert-c-williamson_1993": [-11.245766639709473, 1.1176376342773438], "robert-c-williamson_2000": [-7.38283634185791, 0.7329534292221069], "robert-c-williamson_1992": [-11.578131675720215, 1.1892950534820557], "robert-c-williamson_1991": [-10.029557228088379, -0.08313746750354767], "robert-c-williamson_2015": [-10.850483894348145, -1.0066453218460083], "robert-c-williamson_2010": [-13.238771438598633, -1.1010832786560059], "robert-c-williamson_1995": [-8.058955192565918, 1.140532374382019], "robert-c-williamson_2018": [-11.559436798095703, -0.8299918174743652], "robert-c-williamson_2005": [-13.696050643920898, -9.2842378616333], "robert-c-williamson_2016": [-12.834464073181152, -3.2919657230377197], "robert-c-williamson_1997": [-9.569696426391602, 1.019899845123291], "robert-c-williamson_1990": [1.190729022026062, -5.689730167388916], "robert-c-williamson_2017": [-10.060684204101562, -0.1518644094467163], "robert-c-williamson_2009": [-12.848223686218262, -1.481567621231079], "robert-c-williamson_2008": [-12.455160140991211, 0.4080265760421753], "robert-c-williamson_2012": [-12.711395263671875, -2.2526960372924805], "robert-c-williamson_1985": [-4.377233982086182, -13.036458969116211], "robert-c-williamson_1987": [1.2728650569915771, -5.7562150955200195], "robert-c-williamson_2004": [-12.91930866241455, -9.719435691833496], "alexander-j-smola_1998": [-7.887253284454346, -0.838574230670929], "alexander-j-smola_2007": [-4.350371360778809, -0.6987707614898682], "alexander-j-smola_2005": [-6.615527153015137, -0.5729053616523743], "alexander-j-smola_1999": [-7.753952980041504, -1.1509690284729004], "alexander-j-smola_2010": [-4.886269569396973, -2.4940640926361084], "alexander-j-smola_2004": [-8.434789657592773, -1.8291188478469849], "alexander-j-smola_2018": [-7.091851234436035, -8.387856483459473], "alexander-j-smola_2003": [-7.075436115264893, -1.0552148818969727], "alexander-j-smola_2006": [-6.8314714431762695, -0.2578226327896118], "alexander-j-smola_2016": [-5.238557815551758, -1.7175188064575195], "alexander-j-smola_2000": [-5.0753068923950195, 0.38312435150146484], "alexander-j-smola_1992": [-13.46666431427002, -6.437877655029297], "alexander-j-smola_2001": [-6.805646896362305, -0.1008802279829979], "alexander-j-smola_2008": [-6.298516750335693, -3.3022985458374023], "alexander-j-smola_2017": [-5.450108051300049, -3.2336812019348145], "alexander-j-smola_2009": [-5.661128997802734, -1.5279273986816406], "alexander-j-smola_2013": [-6.308696269989014, -4.6829915046691895], "alexander-j-smola_2014": [-6.046969413757324, -4.607151508331299], "alexander-j-smola_2012": [-6.403881072998047, -4.059776306152344], "alexander-j-smola_2015": [-5.1664934158325195, -2.3300511837005615], "alexander-j-smola_2011": [-6.689034938812256, -5.341835021972656], "alexander-j-smola_2002": [-7.788181781768799, -2.074479341506958], "alexander-j-smola_1997": [-10.85329818725586, -7.773737907409668], "alexander-j-smola_1995": [54.307315826416016, 83.34770202636719], "alexander-j-smola_1996": [-11.953803062438965, -7.613250732421875], "christopher-d-manning_2003": [-2.770296812057495, -5.213675498962402], "christopher-d-manning_2014": [-1.6057049036026, -2.2138068675994873], "christopher-d-manning_2017": [-3.1599419116973877, -6.879567623138428], "christopher-d-manning_2007": [-5.9105119705200195, -8.630293846130371], "christopher-d-manning_2008": [11.841564178466797, -3.9659414291381836], "christopher-d-manning_2013": [-2.4235541820526123, -4.599811553955078], "christopher-d-manning_2016": [-4.109931945800781, -7.659931182861328], "christopher-d-manning_2000": [-4.5552754402160645, -9.76681900024414], "christopher-d-manning_2010": [-3.4076364040374756, -6.288966178894043], "christopher-d-manning_2006": [-3.0260567665100098, -7.44126033782959], "christopher-d-manning_2005": [-1.920181393623352, -4.327508926391602], "christopher-d-manning_2002": [-2.5330851078033447, -6.887722492218018], "christopher-d-manning_2009": [-2.1247670650482178, -5.139541149139404], "christopher-d-manning_1995": [-11.171411514282227, 1.8606168031692505], "christopher-d-manning_2012": [-3.235275983810425, -6.0633955001831055], "christopher-d-manning_1998": [-4.197856426239014, -9.078962326049805], "christopher-d-manning_2011": [-3.49870228767395, -5.656498432159424], "christopher-d-manning_1996": [-97.8926773071289, 10.378057479858398], "christopher-d-manning_2004": [-2.716125011444092, -6.00567102432251], "christopher-d-manning_2015": [-2.9192888736724854, -6.302487373352051], "christopher-d-manning_2001": [-5.0082807540893555, -9.210783958435059], "christopher-d-manning_1999": [-4.278975486755371, -10.090511322021484], "christopher-d-manning_2018": [-6.075985431671143, -11.561470031738281], "christopher-d-manning_1993": [-4.57858943939209, -10.951506614685059], "richard-socher_2014": [-6.834013938903809, -10.175516128540039], "richard-socher_2013": [-5.6198649406433105, -9.149319648742676], "richard-socher_2012": [-6.756893634796143, -10.568971633911133], "richard-socher_2011": [-10.22276782989502, -6.776412010192871], "richard-socher_2016": [-6.4204421043396, -10.642059326171875], "richard-socher_2017": [-4.719270706176758, -6.641659736633301], "richard-socher_2018": [-4.479036331176758, -5.718855381011963], "richard-socher_2009": [-15.038302421569824, -3.2006783485412598], "richard-socher_2010": [-10.630199432373047, -5.96557092666626], "richard-socher_2015": [-5.926961898803711, -11.991780281066895], "andrew-y-ng_2010": [-4.269742488861084, -4.139024257659912], "andrew-y-ng_2001": [-9.924049377441406, -3.3375377655029297], "andrew-y-ng_2012": [-5.313571929931641, -6.693763256072998], "andrew-y-ng_1998": [-10.209848403930664, -6.624287128448486], "andrew-y-ng_2008": [-4.363375663757324, -4.217355728149414], "andrew-y-ng_2011": [-3.769221782684326, -3.0977885723114014], "andrew-y-ng_2009": [-3.0491552352905273, -0.48011481761932373], "andrew-y-ng_2013": [-6.137070655822754, -8.72962760925293], "andrew-y-ng_2004": [-8.661763191223145, -4.284665107727051],