{"rajeev-gore_2002": [3.1561334133148193, -1.0544184446334839], "rajeev-gore_1999": [3.2802627086639404, -1.0269523859024048], "rajeev-gore_2005": [3.1178300380706787, -1.1032977104187012], "rajeev-gore_2011": [3.117720603942871, -1.0883947610855103], "rajeev-gore_2012": [3.1590535640716553, -1.0561320781707764], "rajeev-gore_1997": [3.6077616214752197, -0.7572504878044128], "rajeev-gore_2001": [3.1628594398498535, -1.1073919534683228], "rajeev-gore_1998": [3.1827588081359863, -1.105526089668274], "rajeev-gore_2010": [3.1937568187713623, -1.0873421430587769], "rajeev-gore_2016": [3.1974172592163086, -1.055151343345642], "rajeev-gore_2000": [3.2295618057250977, -1.0688930749893188], "rajeev-gore_2013": [3.155622720718384, -1.052735686302185], "rajeev-gore_2009": [3.170304536819458, -1.0978926420211792], "rajeev-gore_2017": [2.903264045715332, -1.0210100412368774], "rajeev-gore_2018": [3.029681921005249, -0.6265976428985596], "rajeev-gore_2014": [3.170492649078369, -1.1094775199890137], "rajeev-gore_2007": [3.180438756942749, -1.0588078498840332], "rajeev-gore_2004": [3.23486328125, -0.9057292342185974], "rajeev-gore_2003": [3.047386646270752, -1.0617094039916992], "rajeev-gore_1996": [3.63852596282959, -0.7893218398094177], "rajeev-gore_2008": [3.152628183364868, -1.0326967239379883], "rajeev-gore_2015": [3.1376869678497314, -1.0863741636276245], "rajeev-gore_1989": [3.029857873916626, -2.0973942279815674], "alwen-tiu_2007": [3.171107053756714, -1.0464667081832886], "alwen-tiu_2014": [3.115067720413208, -0.9905692338943481], "alwen-tiu_2011": [3.0418038368225098, -0.6756085157394409], "alwen-tiu_2006": [3.1217379570007324, -1.0948842763900757], "alwen-tiu_2004": [3.0826730728149414, -0.16826307773590088], "alwen-tiu_2017": [3.133349895477295, -1.1571590900421143], "alwen-tiu_2010": [3.1606781482696533, -1.0086534023284912], "alwen-tiu_2015": [3.115450620651245, -1.147131323814392], "alwen-tiu_2012": [3.132824182510376, -0.967011570930481], "alwen-tiu_2008": [3.120530128479004, -0.8426194787025452], "alwen-tiu_2018": [3.0406646728515625, -0.9684715270996094], "alwen-tiu_2016": [3.137646198272705, -1.1067427396774292], "alwen-tiu_2003": [3.098745107650757, -0.6529416441917419], "alwen-tiu_2013": [3.109389066696167, -0.9125933647155762], "alwen-tiu_2005": [3.098879814147949, -0.9888468980789185], "alwen-tiu_2009": [3.13643741607666, -1.0490509271621704], "alwen-tiu_2002": [2.2981269359588623, -1.282690167427063], "alwen-tiu_2001": [2.961916208267212, -0.09413832426071167], "CSL_2015": [3.209852933883667, -1.146346926689148], "CSL_2000": [3.208587884902954, -1.1422607898712158], "CSL_2006": [3.2096879482269287, -1.1444203853607178], "CSL_1999": [3.2089831829071045, -1.144765019416809], "CSL_2002": [3.2083728313446045, -1.1426856517791748], "CSL_2012": [3.207119941711426, -1.1406410932540894], "CSL_1991": [3.1998586654663086, -1.1448144912719727], "CSL_2016": [3.2090272903442383, -1.1473242044448853], "CSL_1987": [3.1951730251312256, -1.146488904953003], "CSL_1996": [3.2076399326324463, -1.1409127712249756], "CSL_2013": [3.2102231979370117, -1.1428248882293701], "CSL_1997": [3.206968069076538, -1.1402095556259155], "CSL_1998": [3.2064738273620605, -1.1408189535140991], "CSL_1994": [3.207275152206421, -1.1442033052444458], "CSL_2009": [3.209070920944214, -1.1446173191070557], "CSL_2001": [3.2113544940948486, -1.1415547132492065], "CSL_2017": [3.2050890922546387, -1.1488217115402222], "CSL_2007": [3.2087008953094482, -1.1422250270843506], "CSL_2003": [3.210113286972046, -1.1471515893936157], "CSL_2005": [3.2096974849700928, -1.1417336463928223], "CSL_2011": [3.2078733444213867, -1.1427432298660278], "CSL_2008": [3.2077810764312744, -1.1416510343551636], "CSL_2018": [2.8601105213165283, -1.2396302223205566], "CSL_1992": [3.2001426219940186, -1.1414570808410645], "CSL_1993": [3.19944429397583, -1.1384392976760864], "CSL_2004": [3.208397626876831, -1.1423813104629517], "CSL_1989": [3.196842670440674, -1.1398546695709229], "CSL_2010": [3.209092855453491, -1.1432808637619019], "CSL_1988": [3.2042486667633057, -1.1449285745620728], "CSL_1990": [3.2049925327301025, -1.1454633474349976], "CSL_1995": [3.2038629055023193, -1.142287254333496], "CSL_1976": [3.6268153190612793, -2.0333168506622314], "LICS_1988": [3.2093734741210938, -1.1461466550827026], "LICS_2016": [3.2111432552337646, -1.1484099626541138], "LICS_2011": [3.207601547241211, -1.1450903415679932], "LICS_2017": [3.2112550735473633, -1.148634910583496], "LICS_1991": [3.2082719802856445, -1.144452691078186], "LICS_2013": [3.211117744445801, -1.1489171981811523], "LICS_2014": [3.2109310626983643, -1.148491382598877], "LICS_2015": [3.2104272842407227, -1.1491390466690063], "LICS_2010": [3.2096145153045654, -1.145776629447937], "LICS_2005": [3.2104618549346924, -1.1472606658935547], "LICS_1997": [3.2101693153381348, -1.1476161479949951], "LICS_1995": [3.2102725505828857, -1.1471025943756104], "LICS_2018": [3.208723545074463, -1.149053692817688], "LICS_2012": [3.211038827896118, -1.1465595960617065], "LICS_1998": [3.2096903324127197, -1.144925594329834], "LICS_1992": [3.2099809646606445, -1.1462905406951904], "LICS_1989": [3.2092273235321045, -1.146057367324829], "LICS_2001": [3.2082109451293945, -1.1465163230895996], "LICS_1990": [3.2100181579589844, -1.145893931388855], "LICS_2002": [3.208629846572876, -1.144814372062683], "LICS_1986": [3.1993160247802734, -1.1471586227416992], "LICS_2006": [3.209519863128662, -1.1439554691314697], "LICS_2008": [3.2086780071258545, -1.1432993412017822], "LICS_2009": [3.2089085578918457, -1.1442453861236572], "LICS_2000": [3.2077739238739014, -1.1439992189407349], "LICS_1987": [3.200507164001465, -1.1455302238464355], "LICS_2004": [3.2085673809051514, -1.1470293998718262], "LICS_1994": [3.210526466369629, -1.1469186544418335], "LICS_1996": [3.209454298019409, -1.1461998224258423], "LICS_2003": [3.2075998783111572, -1.146039605140686], "LICS_1999": [3.2102859020233154, -1.1455483436584473], "LICS_1985": [2.184134006500244, -0.8213205933570862], "LICS_1993": [3.2093825340270996, -1.1470056772232056], "LICS_2007": [3.208627700805664, -1.1429851055145264], "LICS_1978": [4.116919994354248, -1.4990514516830444], "LICS_1981": [2.465456008911133, -1.8393874168395996], "TABLEAUX_2000": [3.2079930305480957, -1.1362557411193848], "TABLEAUX_2011": [3.2032437324523926, -1.124772071838379], "TABLEAUX_1997": [3.2025365829467773, -1.1276812553405762], "TABLEAUX_2002": [3.2016937732696533, -1.1247153282165527], "TABLEAUX_2005": [3.2046587467193604, -1.1359431743621826], "TABLEAUX_1999": [3.206192970275879, -1.1341023445129395], "TABLEAUX_1998": [3.2039101123809814, -1.139480471611023], "TABLEAUX_2007": [3.199547529220581, -1.1203347444534302], "TABLEAUX_2013": [3.1956610679626465, -1.1301161050796509], "TABLEAUX_1992": [3.1889283657073975, -1.1302580833435059], "TABLEAUX_2017": [3.176551342010498, -1.1306016445159912], "TABLEAUX_1995": [3.200334310531616, -1.1226680278778076], "TABLEAUX_2009": [3.208120107650757, -1.1232541799545288], "TABLEAUX_2015": [3.2055962085723877, -1.120671033859253], "TABLEAUX_2003": [3.2048239707946777, -1.1329460144042969], "TABLEAUX_1996": [3.2029805183410645, -1.125161051750183], "TABLEAUX_1993": [4.038393974304199, -0.548329770565033], "POPL_1993": [3.2026500701904297, -1.1552846431732178], "POPL_2017": [3.2098729610443115, -1.1528937816619873], "POPL_1980": [3.1944355964660645, -1.1573646068572998], "POPL_2001": [3.1969714164733887, -1.1574931144714355], "POPL_2016": [3.2059102058410645, -1.1540223360061646], "POPL_2005": [3.1988461017608643, -1.1572864055633545], "POPL_1996": [3.202683210372925, -1.156813144683838], "POPL_1988": [3.192549705505371, -1.1568537950515747], "POPL_2006": [3.2030956745147705, -1.15602445602417], "POPL_2007": [3.20400071144104, -1.1550685167312622], "POPL_1991": [3.194098949432373, -1.1586201190948486], "POPL_1977": [3.193777084350586, -1.1564339399337769], "POPL_1982": [3.2015345096588135, -1.1572110652923584],