{"cheng-soon-ong_2007": [3.0568032264709473, 5.25972318649292], "cheng-soon-ong_2015": [5.018332481384277, 6.695876598358154], "cheng-soon-ong_2016": [1.4192900657653809, 2.753471851348877], "cheng-soon-ong_2008": [3.786911725997925, 6.739658832550049], "cheng-soon-ong_2005": [5.707053184509277, 5.009289741516113], "cheng-soon-ong_2009": [14.996381759643555, 3.321747064590454], "cheng-soon-ong_2014": [14.151602745056152, 3.2749783992767334], "cheng-soon-ong_2017": [2.947148561477661, 8.152342796325684], "cheng-soon-ong_2006": [4.724790096282959, 6.5844573974609375], "cheng-soon-ong_2003": [5.728689670562744, 4.255508899688721], "cheng-soon-ong_2004": [5.787302017211914, 5.033583641052246], "cheng-soon-ong_2012": [1.132612943649292, 3.2002334594726562], "cheng-soon-ong_2010": [2.425490617752075, 4.566946029663086], "cheng-soon-ong_2013": [4.1830973625183105, 4.35159969329834], "cheng-soon-ong_2011": [3.239340305328369, 5.980558395385742], "cheng-soon-ong_2018": [5.758644104003906, 5.031795501708984], "cheng-soon-ong_2002": [2.121037721633911, 6.96991491317749], "ICML_2005": [1.4742385149002075, -8.210834503173828], "ICML_2010": [-0.15011611580848694, -8.815945625305176], "ICML_1989": [2.600808620452881, -2.723989725112915], "ICML_1991": [2.9841036796569824, -2.154109001159668], "ICML_2016": [-2.664977550506592, -9.314335823059082], "ICML_2014": [-1.3019771575927734, -8.94668960571289], "ICML_2017": [-4.450077533721924, -8.889909744262695], "ICML_2013": [-1.4553680419921875, -9.076869010925293], "ICML_2018": [-4.136805534362793, -9.14077377319336], "ICML_2008": [1.8170086145401, -7.828330039978027], "ICML_2003": [3.367683172225952, -6.342946529388428], "ICML_2006": [1.5505173206329346, -7.907860279083252], "ICML_2000": [3.542436122894287, -5.560248374938965], "ICML_2007": [2.1959292888641357, -8.031855583190918], "ICML_2004": [2.9256277084350586, -7.1487627029418945], "ICML_2009": [2.131802558898926, -7.3539652824401855], "ICML_2012": [-0.3733094036579132, -8.801250457763672], "ICML_1997": [2.995551109313965, 1.2188374996185303], "ICML_2011": [0.7681689262390137, -8.572237014770508], "ICML_1992": [3.312455415725708, 0.2908098101615906], "ICML_1996": [3.5674378871917725, 0.45306721329689026], "ICML_1998": [3.5946223735809326, 0.47940561175346375], "ICML_2015": [-2.0425636768341064, -9.256884574890137], "ICML_1994": [2.7017438411712646, 1.4082462787628174], "ICML_1995": [3.732003927230835, -0.21505409479141235], "ICML_1988": [3.0539603233337402, 1.9849700927734375], "ICML_1993": [2.6824123859405518, 1.5721375942230225], "ICML_2002": [3.8455424308776855, -0.3608770966529846], "ICML_1990": [3.1840381622314453, 1.3664871454238892], "ICML_2001": [3.871187925338745, -0.1912524700164795], "ICML_1999": [3.4284355640411377, 0.829264223575592], "ICML_1987": [2.777759313583374, 4.972070217132568], "ICML_1984": [1.7814106941223145, 7.163503170013428], "NIPS_2015": [-3.4271740913391113, -8.574071884155273], "NIPS_2002": [0.38653111457824707, -7.820948123931885], "NIPS_2012": [-2.9928038120269775, -8.9893798828125], "NIPS_2010": [-1.9930871725082397, -8.558219909667969], "NIPS_1992": [2.0737111568450928, -4.823522090911865], "NIPS_2016": [-4.244559288024902, -8.317840576171875], "NIPS_2005": [0.32771265506744385, -8.17293643951416], "NIPS_2014": [-3.348910093307495, -9.255404472351074], "NIPS_2008": [-0.704777717590332, -8.139057159423828], "NIPS_1998": [1.11546790599823, -6.0662946701049805], "NIPS_1999": [1.2904449701309204, -6.681142807006836], "NIPS_1996": [1.8072028160095215, -5.6846466064453125], "NIPS_2004": [0.3524874150753021, -7.367758274078369], "NIPS_2017": [-5.047203063964844, -8.090353965759277], "NIPS_1994": [1.7148244380950928, -5.4240403175354], "NIPS_1990": [2.4564085006713867, -4.0622148513793945], "NIPS_1989": [3.11596941947937, -2.8129971027374268], "NIPS_2003": [0.011103017255663872, -7.919649124145508], "NIPS_2013": [-2.789616823196411, -8.600461959838867], "NIPS_2006": [-0.17285682260990143, -7.543581485748291], "NIPS_1988": [3.286130666732788, -3.114781618118286], "NIPS_2007": [-0.35067111253738403, -8.110992431640625], "NIPS_1997": [1.9602844715118408, -5.986114501953125], "NIPS_1991": [2.1686387062072754, -4.906021595001221], "NIPS_2011": [-2.0076489448547363, -8.489296913146973], "NIPS_2009": [-3.8164217472076416, -8.58595085144043], "NIPS_1995": [2.344188690185547, -5.145719528198242], "NIPS_2018": [3.396637439727783, 2.25780987739563], "NIPS_2001": [1.520754337310791, -7.096202850341797], "NIPS_1993": [2.6621460914611816, -4.7231340408325195], "NIPS_2000": [1.6662663221359253, -6.841179370880127], "NIPS_1987": [2.338686943054199, 5.904845714569092], "WSDM_2011": [-6.6914143562316895, 5.948898792266846], "WSDM_2016": [-6.5553202629089355, 5.730527400970459], "WSDM_2009": [-4.8902130126953125, 8.02231216430664], "WSDM_2018": [-7.080245494842529, 4.455075263977051], "WSDM_2012": [-6.461972713470459, 6.180416584014893], "WSDM_2017": [-6.990031719207764, 5.169367790222168], "WSDM_2014": [-6.189295768737793, 6.451014518737793], "WSDM_2010": [-4.855991363525391, 8.063366889953613], "WSDM_2013": [-6.756425380706787, 5.561553478240967], "WSDM_2015": [-5.501695156097412, 7.061764717102051], "WSDM_2008": [-4.213902473449707, 8.280587196350098], "CIKM_2008": [-9.6693115234375, -3.3053719997406006], "CIKM_2012": [-8.84048080444336, -4.903346538543701], "CIKM_2009": [-9.173516273498535, -4.552783489227295], "CIKM_2006": [-7.002584934234619, 3.671231985092163], "CIKM_2005": [-7.1747002601623535, 2.9596292972564697], "CIKM_2013": [-8.883784294128418, -4.764329433441162], "CIKM_2011": [-9.022302627563477, -4.9277215003967285], "CIKM_2015": [-9.472992897033691, -3.768394947052002], "CIKM_2003": [-6.23797607421875, 5.3629937171936035], "CIKM_2010": [-9.385286331176758, -4.413621425628662], "CIKM_2002": [-6.563291072845459, 4.596456050872803], "CIKM_1994": [-5.009588718414307, 6.12036657333374], "CIKM_2007": [-7.1749091148376465, 2.964707612991333], "CIKM_2017": [-8.838797569274902, -4.26917839050293], "CIKM_2016": [-9.234060287475586, -4.174801349639893], "CIKM_2014": [-9.57216739654541, -3.6087658405303955], "CIKM_1993": [-5.525097846984863, 5.248888969421387], "CIKM_1995": [-4.740297794342041, 6.297810077667236], "CIKM_2004": [-6.663324356079102, 4.515895843505859], "CIKM_2001": [-6.401917457580566, 4.817240238189697], "CIKM_2000": [-5.697427749633789, 5.773254871368408], "CIKM_1997": [-5.15489387512207, 6.146084308624268], "CIKM_1999": [-6.024586200714111, 5.164194107055664], "CIKM_1998": [-4.3554368019104, 6.925258636474609], "CIKM_1992": [-3.491537094116211, 7.328453063964844], "CIKM_1996": [-4.472756862640381, 6.590513706207275], "ICWSM_2007": [-3.583319902420044, 4.655041694641113], "ICWSM_2008": [-3.3049635887145996, 4.664431095123291], "ICWSM_2017": [-3.4649813175201416, 3.1813840866088867], "ICWSM_2015": [-3.0727062225341797, 4.056621074676514], "ICWSM_2012": [-4.051016330718994, 2.17227840423584], "ICWSM_2010": [-3.3010871410369873, 3.5173377990722656], "ICWSM_2011": [-4.091799736022949, 2.1353681087493896], "ICWSM_2014": [-3.372978448867798, 3.241607904434204], "ICWSM_2013": [-3.915727138519287, 2.4220805168151855], "ICWSM_2009": [-3.6627843379974365, 4.058286190032959], "ICWSM_2016": [-3.329944610595703, 3.23415470123291], "ICWSM_2006": [-0.7467826008796692, 6.758904457092285], "WWW_2001": [-8.173970222473145, -0.9724858999252319], "WWW_2016": [-7.672255992889404, -3.3327670097351074], "WWW_2012": [-7.5470781326293945, -3.4052178859710693], "WWW_2008": [-7.820996284484863, -2.2289083003997803], "WWW_2009": [-8.124593734741211, -1.6528141498565674], "WWW_1998": [-8.720248222351074, -0.20248538255691528], "WWW_2007": [-7.752906799316406, -2.1887457370758057], "WWW_2005": [-7.371178150177002, -2.4186155796051025], "WWW_2011": [-8.2095308303833, -2.4084465503692627], "WWW_2015": [-7.390161991119385, -4.188747406005859], "WWW_2014": [-7.37027645111084, -3.643458604812622], "WWW_2003": [-7.112102508544922, -2.5878937244415283],