{"cheng-soon-ong_2007": [-6.527383327484131, -7.887727737426758], "cheng-soon-ong_2015": [-4.228567600250244, -11.06041431427002], "cheng-soon-ong_2016": [-10.338152885437012, -6.4678449630737305], "cheng-soon-ong_2008": [-5.233964920043945, -9.838940620422363], "cheng-soon-ong_2005": [-9.564306259155273, -12.335731506347656], "cheng-soon-ong_2009": [-1.665841817855835, -20.311264038085938], "cheng-soon-ong_2014": [-0.3469168245792389, -20.27158546447754], "cheng-soon-ong_2017": [-3.4752988815307617, -7.073095321655273], "cheng-soon-ong_2006": [-4.562748432159424, -10.423567771911621], "cheng-soon-ong_2003": [-9.475638389587402, -11.32311725616455], "cheng-soon-ong_2004": [-9.80578899383545, -12.482421875], "cheng-soon-ong_2012": [-10.278423309326172, -7.415117263793945], "cheng-soon-ong_2010": [-7.369166851043701, -6.972620964050293], "cheng-soon-ong_2013": [-8.654258728027344, -8.382655143737793], "cheng-soon-ong_2011": [-5.6760969161987305, -8.462721824645996], "cheng-soon-ong_2018": [-9.47973918914795, -12.508783340454102], "cheng-soon-ong_2002": [-6.7386627197265625, -10.235797882080078], "ICML_2005": [-14.935383796691895, 12.555736541748047], "ICML_2010": [-13.110786437988281, 14.5604248046875], "ICML_1989": [-12.314386367797852, 3.1071064472198486], "ICML_1991": [-12.477496147155762, 2.5791237354278564], "ICML_2016": [-9.142019271850586, 16.269779205322266], "ICML_2014": [-11.10168743133545, 15.680986404418945], "ICML_2017": [-5.874210834503174, 18.22203254699707], "ICML_2013": [-10.607481956481934, 15.420294761657715], "ICML_2018": [-6.309871196746826, 18.004539489746094], "ICML_2008": [-15.104137420654297, 11.748357772827148], "ICML_2003": [-16.47011375427246, 9.391215324401855], "ICML_2006": [-14.842080116271973, 12.098224639892578], "ICML_2000": [-16.50153923034668, 8.882298469543457], "ICML_2007": [-15.666250228881836, 11.614599227905273], "ICML_2004": [-16.215435028076172, 10.345850944519043], "ICML_2009": [-15.083442687988281, 10.991172790527344], "ICML_2012": [-12.253629684448242, 14.717244148254395], "ICML_1997": [-10.638856887817383, -4.164491176605225], "ICML_2011": [-14.050600051879883, 13.502458572387695], "ICML_1992": [-10.603713035583496, -2.4904959201812744], "ICML_1996": [-11.034747123718262, -2.8600399494171143], "ICML_1998": [-11.190299034118652, -2.9956297874450684], "ICML_2015": [-9.878140449523926, 15.745433807373047], "ICML_1994": [-10.425128936767578, -4.62177038192749], "ICML_1995": [-11.232961654663086, -1.9701688289642334], "ICML_1988": [-9.239786148071289, -4.409546375274658], "ICML_1993": [-10.04428482055664, -4.7222723960876465], "ICML_2002": [-11.801178932189941, -2.0307693481445312], "ICML_1990": [-9.917376518249512, -3.8500258922576904], "ICML_2001": [-11.724799156188965, -2.218977689743042], "ICML_1999": [-10.702898979187012, -3.38136887550354], "ICML_1987": [-6.773149013519287, -7.3073883056640625], "ICML_1984": [-6.966235637664795, -10.582111358642578], "NIPS_2015": [-8.105501174926758, 17.49799346923828], "NIPS_2002": [-12.953194618225098, 12.894526481628418], "NIPS_2012": [-8.712865829467773, 16.966876983642578], "NIPS_2010": [-10.18264102935791, 16.36904525756836], "NIPS_1992": [-13.534126281738281, 6.961141109466553], "NIPS_2016": [-6.697732925415039, 17.2121524810791], "NIPS_2005": [-13.088502883911133, 13.476386070251465], "NIPS_2014": [-8.057143211364746, 16.98406219482422], "NIPS_2008": [-11.845388412475586, 14.055788040161133], "NIPS_1998": [-13.446860313415527, 9.084157943725586], "NIPS_1999": [-13.795238494873047, 10.02513599395752], "NIPS_1996": [-13.786174774169922, 8.228800773620605], "NIPS_2004": [-12.710556983947754, 12.43051528930664], "NIPS_2017": [-5.355742454528809, 17.007413864135742], "NIPS_1994": [-13.626413345336914, 7.914494037628174], "NIPS_1990": [-13.461766242980957, 5.811070919036865], "NIPS_1989": [-13.248862266540527, 3.335367202758789], "NIPS_2003": [-12.639029502868652, 13.387269020080566], "NIPS_2013": [-9.181589126586914, 17.20891571044922], "NIPS_2006": [-12.148224830627441, 12.992452621459961], "NIPS_1988": [-13.489293098449707, 3.582681655883789], "NIPS_2007": [-12.307340621948242, 13.794580459594727], "NIPS_1997": [-14.058806419372559, 8.637744903564453], "NIPS_1991": [-13.693160057067871, 6.983757495880127], "NIPS_2011": [-10.2047119140625, 16.56147003173828], "NIPS_2009": [-7.3267974853515625, 17.380582809448242], "NIPS_1995": [-14.14897632598877, 7.203255653381348], "NIPS_2018": [-8.487920761108398, -4.031698226928711], "NIPS_2001": [-14.133049011230469, 10.817904472351074], "NIPS_1993": [-14.100049018859863, 6.444943904876709], "NIPS_2000": [-14.21500301361084, 10.300031661987305], "NIPS_1987": [-7.056079864501953, -8.587162017822266], "WSDM_2011": [13.484554290771484, -6.039724826812744], "WSDM_2016": [12.937763214111328, -5.440940856933594], "WSDM_2009": [10.8521089553833, -8.44251537322998], "WSDM_2018": [13.85521411895752, -4.003373146057129], "WSDM_2012": [12.909696578979492, -6.160046100616455], "WSDM_2017": [13.547471046447754, -4.733293533325195], "WSDM_2014": [12.54049301147461, -6.535399913787842], "WSDM_2010": [10.780733108520508, -8.431941986083984], "WSDM_2013": [13.411044120788574, -5.386789321899414], "WSDM_2015": [12.058762550354004, -7.446813583374023], "WSDM_2008": [9.92463493347168, -8.453161239624023], "CIKM_2008": [14.07570743560791, 3.8339383602142334], "CIKM_2012": [14.076539039611816, 6.0988616943359375], "CIKM_2009": [14.14450740814209, 5.564695835113525], "CIKM_2006": [14.904319763183594, -3.280519723892212], "CIKM_2005": [15.054420471191406, -2.3814785480499268], "CIKM_2013": [13.680033683776855, 5.953092098236084], "CIKM_2011": [13.84083080291748, 6.128169536590576], "CIKM_2015": [13.439302444458008, 4.411848545074463], "CIKM_2003": [14.22124195098877, -5.900765419006348], "CIKM_2010": [14.132071495056152, 5.24212121963501], "CIKM_2002": [14.790570259094238, -4.876279354095459], "CIKM_1994": [14.121315956115723, -8.194418907165527], "CIKM_2007": [15.050190925598145, -2.3788821697235107], "CIKM_2017": [13.135923385620117, 5.3920698165893555], "CIKM_2016": [13.530177116394043, 5.089990139007568], "CIKM_2014": [13.695235252380371, 4.13679313659668], "CIKM_1993": [14.935121536254883, -6.93182897567749], "CIKM_1995": [13.538475036621094, -8.426469802856445], "CIKM_2004": [14.683874130249023, -4.589151382446289], "CIKM_2001": [14.728475570678711, -5.324377059936523], "CIKM_2000": [14.041861534118652, -6.9599504470825195], "CIKM_1997": [13.617688179016113, -7.839704513549805], "CIKM_1999": [14.689244270324707, -6.10190486907959], "CIKM_1998": [12.726951599121094, -9.115415573120117], "CIKM_1992": [12.183248519897461, -9.937409400939941], "CIKM_1996": [13.416110038757324, -9.027825355529785], "ICWSM_2007": [8.77580738067627, -5.5301947593688965], "ICWSM_2008": [8.392925262451172, -5.583268165588379], "ICWSM_2017": [8.929560661315918, -3.7104451656341553], "ICWSM_2015": [8.006171226501465, -4.876801013946533], "ICWSM_2012": [9.433357238769531, -2.2151079177856445], "ICWSM_2010": [8.40329647064209, -4.208430767059326], "ICWSM_2011": [9.4747953414917, -2.163869619369507], "ICWSM_2014": [8.492634773254395, -3.688457727432251], "ICWSM_2013": [9.260628700256348, -2.564619541168213], "ICWSM_2009": [8.94471263885498, -4.820427894592285], "ICWSM_2016": [8.44054126739502, -3.6984989643096924], "ICWSM_2006": [6.986940383911133, -5.841879844665527], "WWW_2001": [19.826400756835938, 3.287874937057495], "WWW_2016": [17.7961483001709, 6.217231750488281], "WWW_2012": [17.38002586364746, 5.961826801300049], "WWW_2008": [18.985427856445312, 5.034733772277832], "WWW_2009": [19.757490158081055, 4.444910526275635], "WWW_1998": [20.289798736572266, 2.1665406227111816], "WWW_2007": [18.8175048828125, 4.618301868438721], "WWW_2005": [18.365917205810547, 5.120770454406738], "WWW_2011": [19.258071899414062, 5.5630364418029785], "WWW_2015": [16.819744110107422, 6.713784694671631], "WWW_2014": [17.13758659362793, 6.2086100578308105],