{"cheng-soon-ong_2007": [3.3384788036346436, -4.670536041259766], "cheng-soon-ong_2015": [3.1795833110809326, -4.10908842086792], "cheng-soon-ong_2016": [1.213624358177185, -3.631298303604126], "cheng-soon-ong_2008": [3.2044973373413086, -5.751499176025391], "cheng-soon-ong_2005": [2.4856886863708496, -7.11056661605835], "cheng-soon-ong_2009": [1.3770712614059448, -3.7870287895202637], "cheng-soon-ong_2014": [1.7415467500686646, -3.8513107299804688], "cheng-soon-ong_2017": [4.583698272705078, -3.367159843444824], "cheng-soon-ong_2006": [3.025096893310547, -4.141245365142822], "cheng-soon-ong_2003": [2.6353023052215576, -7.331552028656006], "cheng-soon-ong_2004": [1.5085067749023438, -7.840785980224609], "cheng-soon-ong_2012": [5.642833709716797, -5.946674823760986], "cheng-soon-ong_2010": [2.604509115219116, -5.353221416473389], "cheng-soon-ong_2013": [2.6037120819091797, -4.081630229949951], "cheng-soon-ong_2011": [4.480384826660156, -5.194766521453857], "cheng-soon-ong_2018": [2.9050426483154297, -6.796486854553223], "cheng-soon-ong_2002": [4.61374568939209, -6.870362758636475], "robert-c-williamson_2014": [-0.025998178869485855, -4.514415264129639], "robert-c-williamson_2007": [3.7487852573394775, -4.639604568481445], "robert-c-williamson_2002": [0.3687521517276764, -3.2213380336761475], "robert-c-williamson_1998": [0.10062020272016525, -3.3206212520599365], "robert-c-williamson_1999": [0.11232943832874298, -1.740414023399353], "robert-c-williamson_2001": [0.13117627799510956, -2.773238182067871], "robert-c-williamson_2006": [2.7490787506103516, -5.113659381866455], "robert-c-williamson_1996": [-0.7484923005104065, -2.520451545715332], "robert-c-williamson_1988": [44.415855407714844, -65.08932495117188], "robert-c-williamson_2011": [-0.2951483726501465, -5.630461692810059], "robert-c-williamson_2003": [1.2481789588928223, -1.949110984802246], "robert-c-williamson_1994": [-1.0792675018310547, -3.57588529586792], "robert-c-williamson_1993": [-1.576928973197937, -4.285736083984375], "robert-c-williamson_2000": [-0.4137352705001831, -2.3269829750061035], "robert-c-williamson_1992": [-1.572763442993164, -4.297745704650879], "robert-c-williamson_1991": [-0.1586214303970337, -4.100365161895752], "robert-c-williamson_2015": [-0.34139734506607056, -4.426244258880615], "robert-c-williamson_2010": [-0.859847903251648, -5.837113380432129], "robert-c-williamson_1995": [-0.7995309233665466, -2.589773178100586], "robert-c-williamson_2018": [-0.6380702257156372, -4.297510147094727], "robert-c-williamson_2005": [1.8323969841003418, -7.610414505004883], "robert-c-williamson_2016": [0.028037067502737045, -6.460105895996094], "robert-c-williamson_1997": [-0.9772360920906067, -3.5585203170776367], "robert-c-williamson_1990": [-2.7458529472351074, -4.010655403137207], "robert-c-williamson_2017": [0.3740882873535156, -4.247928142547607], "robert-c-williamson_2009": [-0.8017787337303162, -5.691985607147217], "robert-c-williamson_2008": [-2.039390802383423, -5.688690662384033], "robert-c-williamson_2012": [-0.23298199474811554, -5.722986698150635], "robert-c-williamson_1985": [-2.3337347507476807, -5.955388069152832], "robert-c-williamson_1987": [-3.071133613586426, -3.9534459114074707], "robert-c-williamson_2004": [2.404207944869995, -7.460169315338135], "alexander-j-smola_1998": [0.258969247341156, -2.929533004760742], "alexander-j-smola_2007": [1.0032322406768799, -0.7800461053848267], "alexander-j-smola_2005": [0.46208515763282776, -2.1417605876922607], "alexander-j-smola_1999": [0.5057000517845154, -2.87906551361084], "alexander-j-smola_2010": [1.9155678749084473, -1.3390498161315918], "alexander-j-smola_2004": [0.5040825009346008, -3.3983232975006104], "alexander-j-smola_2018": [5.075733184814453, -3.520890235900879], "alexander-j-smola_2003": [0.4588972330093384, -2.452444314956665], "alexander-j-smola_2006": [0.34211695194244385, -2.2624258995056152], "alexander-j-smola_2016": [1.2808849811553955, -1.575644612312317], "alexander-j-smola_2000": [0.2501243054866791, -0.9041275978088379], "alexander-j-smola_1992": [4.643272876739502, -6.915563583374023], "alexander-j-smola_2001": [0.1973685622215271, -2.2136173248291016], "alexander-j-smola_2008": [2.170647382736206, -2.2404918670654297], "alexander-j-smola_2017": [2.3215291500091553, -1.7805542945861816], "alexander-j-smola_2009": [1.2765051126480103, -1.7398757934570312], "alexander-j-smola_2013": [3.0079667568206787, -2.3572068214416504], "alexander-j-smola_2014": [2.9934778213500977, -2.1816256046295166], "alexander-j-smola_2012": [2.5857224464416504, -2.350602388381958], "alexander-j-smola_2015": [1.792212963104248, -1.518395185470581], "alexander-j-smola_2011": [3.364715337753296, -2.7343010902404785], "alexander-j-smola_2002": [0.868044912815094, -2.97273325920105], "alexander-j-smola_1997": [2.668503522872925, -5.295750141143799], "alexander-j-smola_1995": [-0.5026519298553467, -4.030768871307373], "alexander-j-smola_1996": [2.906219005584717, -5.796146392822266], "christopher-d-manning_2003": [3.620957136154175, -0.4701289236545563], "christopher-d-manning_2014": [2.2189419269561768, 0.5053936839103699], "christopher-d-manning_2017": [4.564790725708008, -0.660914421081543], "christopher-d-manning_2007": [5.362105846405029, -2.662468910217285], "christopher-d-manning_2008": [-5.287458896636963, -1.3651329278945923], "christopher-d-manning_2013": [3.289470672607422, -0.17843905091285706], "christopher-d-manning_2016": [5.008393287658691, -1.43514883518219], "christopher-d-manning_2000": [6.178271770477295, -1.8095307350158691], "christopher-d-manning_2010": [4.205392837524414, -0.8077822327613831], "christopher-d-manning_2006": [4.850287914276123, -0.8093976378440857], "christopher-d-manning_2005": [3.185777187347412, 0.05988110601902008], "christopher-d-manning_2002": [4.591017246246338, -0.5608960390090942], "christopher-d-manning_2009": [3.6665964126586914, -0.04982995614409447], "christopher-d-manning_1995": [-1.8736076354980469, -4.422104835510254], "christopher-d-manning_2012": [4.111570835113525, -0.6862292885780334], "christopher-d-manning_1998": [6.062187194824219, -1.4725016355514526], "christopher-d-manning_2011": [3.8668642044067383, -0.8539848923683167], "christopher-d-manning_1996": [10.172369956970215, -77.99368286132812], "christopher-d-manning_2004": [4.081445217132568, -0.6564410924911499], "christopher-d-manning_2015": [4.245964050292969, -0.5597797632217407], "christopher-d-manning_2001": [5.862290859222412, -2.0740883350372314], "christopher-d-manning_1999": [6.4416890144348145, -1.643472671508789], "christopher-d-manning_2018": [7.269996643066406, -3.263653516769409], "christopher-d-manning_1993": [7.068153381347656, -2.0219032764434814], "richard-socher_2014": [6.144333839416504, -3.6741864681243896], "richard-socher_2013": [5.71120548248291, -2.4942471981048584], "richard-socher_2012": [6.452122211456299, -3.4543333053588867], "richard-socher_2011": [4.65909481048584, -4.884109973907471], "richard-socher_2016": [6.504487991333008, -3.480694055557251], "richard-socher_2017": [4.360350131988525, -1.661632776260376], "richard-socher_2018": [3.7562806606292725, -1.4079313278198242], "richard-socher_2009": [5.9524335861206055, -5.718637466430664], "richard-socher_2010": [4.900442600250244, -5.078277587890625], "richard-socher_2015": [7.649885654449463, -3.0559592247009277], "andrew-y-ng_2010": [2.9649088382720947, -1.1799675226211548], "andrew-y-ng_2001": [0.9850566983222961, -4.88616943359375], "andrew-y-ng_2012": [4.301842212677002, -2.0483477115631104], "andrew-y-ng_1998": [4.2868123054504395, -4.903653621673584], "andrew-y-ng_2008": [2.990483522415161, -1.2562493085861206], "andrew-y-ng_2011": [2.5256783962249756, -0.8202049732208252], "andrew-y-ng_2009": [1.1795899868011475, 0.10942038148641586], "andrew-y-ng_2013": [5.367088317871094, -2.768977403640747], "andrew-y-ng_2004": [2.585679054260254, -3.512775421142578], "andrew-y-ng_1999": [0.6444715857505798, -5.374470233917236],