{"cheng-soon-ong_2007": [4.699592113494873, 0.10362163186073303], "cheng-soon-ong_2015": [3.6391143798828125, -1.7189278602600098], "cheng-soon-ong_2016": [2.9944276809692383, 0.7123432159423828], "cheng-soon-ong_2008": [4.209787368774414, -1.1076443195343018], "cheng-soon-ong_2005": [7.702019214630127, -0.001998569816350937], "cheng-soon-ong_2009": [-0.06726065278053284, -5.855847358703613], "cheng-soon-ong_2014": [-0.22103846073150635, -6.071033954620361], "cheng-soon-ong_2017": [5.449344635009766, -1.0988775491714478], "cheng-soon-ong_2006": [4.074762344360352, -1.4939295053482056], "cheng-soon-ong_2003": [7.463807582855225, 0.10286308825016022], "cheng-soon-ong_2004": [7.810449600219727, -0.009826329536736012], "cheng-soon-ong_2012": [2.868412971496582, 0.4666699469089508], "cheng-soon-ong_2010": [5.255889892578125, 0.6753858923912048], "cheng-soon-ong_2013": [2.900390863418579, -0.5527865290641785], "cheng-soon-ong_2011": [4.526771545410156, -0.4040128290653229], "cheng-soon-ong_2018": [7.802462577819824, -0.009579610079526901], "cheng-soon-ong_2002": [4.0548295974731445, -0.5749533176422119], "ICML_2005": [0.5417836904525757, 5.8062567710876465], "ICML_2010": [-0.6109554767608643, 5.379560947418213], "ICML_1989": [2.2119781970977783, 3.455885171890259], "ICML_1991": [2.6099166870117188, 3.3022377490997314], "ICML_2016": [-1.5537794828414917, 5.632954120635986], "ICML_2014": [-0.9587617516517639, 6.2676849365234375], "ICML_2017": [-2.18821120262146, 5.571758270263672], "ICML_2013": [-1.0695879459381104, 5.996199131011963], "ICML_2018": [-2.202481508255005, 5.776977062225342], "ICML_2008": [0.8135918378829956, 5.833669662475586], "ICML_2003": [2.034365177154541, 5.20547342300415], "ICML_2006": [0.6647799611091614, 5.755953311920166], "ICML_2000": [2.2133073806762695, 4.68732213973999], "ICML_2007": [0.9025787115097046, 6.092324733734131], "ICML_2004": [1.6183197498321533, 5.613780975341797], "ICML_2009": [1.0917359590530396, 5.644554138183594], "ICML_2012": [-0.44462093710899353, 6.164642333984375], "ICML_1997": [4.514956951141357, 2.529846429824829], "ICML_2011": [0.04732825979590416, 6.04373025894165], "ICML_1992": [4.014047622680664, 2.9488754272460938], "ICML_1996": [4.148420810699463, 2.9920454025268555], "ICML_1998": [4.186460494995117, 3.007995128631592], "ICML_2015": [-1.30404531955719, 5.951315402984619], "ICML_1994": [4.543531894683838, 2.4035253524780273], "ICML_1995": [3.841576099395752, 3.3423030376434326], "ICML_1988": [4.340232849121094, 2.0492398738861084], "ICML_1993": [4.5224080085754395, 2.3047590255737305], "ICML_2002": [3.7626845836639404, 3.4033753871917725], "ICML_1990": [4.3701324462890625, 2.439396619796753], "ICML_2001": [3.895663261413574, 3.3769924640655518], "ICML_1999": [4.311488628387451, 2.8116018772125244], "ICML_1987": [4.904693126678467, 0.22276413440704346], "ICML_1984": [3.7364001274108887, -0.5227433443069458], "NIPS_2015": [-2.0439388751983643, 6.2890472412109375], "NIPS_2002": [-0.024635838344693184, 5.638912677764893], "NIPS_2012": [-1.7213294506072998, 6.060671806335449], "NIPS_2010": [-1.2179044485092163, 5.606617450714111], "NIPS_1992": [1.3529770374298096, 4.259183406829834], "NIPS_2016": [-2.436034679412842, 6.17937707901001], "NIPS_2005": [-0.10824880003929138, 5.687602996826172], "NIPS_2014": [-1.9394320249557495, 6.134944915771484], "NIPS_2008": [-0.5812222361564636, 5.542327880859375], "NIPS_1998": [0.5279184579849243, 4.698440074920654], "NIPS_1999": [0.7052461504936218, 5.106011867523193], "NIPS_1996": [0.997938871383667, 4.6155266761779785], "NIPS_2004": [0.007022395730018616, 5.208758354187012], "NIPS_2017": [-2.757615566253662, 6.183590412139893], "NIPS_1994": [0.9829800724983215, 4.473348617553711], "NIPS_1990": [1.7424691915512085, 3.929145336151123], "NIPS_1989": [2.387824296951294, 3.4866015911102295], "NIPS_2003": [-0.22690649330615997, 5.410394191741943], "NIPS_2013": [-1.6097221374511719, 6.257801532745361], "NIPS_2006": [-0.23078033328056335, 5.296568393707275], "NIPS_1988": [2.4778215885162354, 3.7634854316711426], "NIPS_2007": [-0.36337894201278687, 5.770167350769043], "NIPS_1997": [1.1219154596328735, 4.84449577331543], "NIPS_1991": [1.415786623954773, 4.345544338226318], "NIPS_2011": [-1.2102105617523193, 5.616182804107666], "NIPS_2009": [-2.24543833732605, 6.210552215576172], "NIPS_1995": [1.4781451225280762, 4.490147113800049], "NIPS_2018": [4.042208194732666, 1.8871601819992065], "NIPS_2001": [0.86185622215271, 5.398037910461426], "NIPS_1993": [1.7639498710632324, 4.373715877532959], "NIPS_2000": [0.8788489699363708, 5.270482540130615], "NIPS_1987": [4.8217668533325195, -0.05088797211647034], "WSDM_2011": [-5.036168098449707, -0.666763961315155], "WSDM_2016": [-4.732481479644775, -0.7001368999481201], "WSDM_2009": [-4.470048427581787, -2.484799385070801], "WSDM_2018": [-4.551677227020264, 0.08228933066129684], "WSDM_2012": [-4.8739013671875, -0.875616192817688], "WSDM_2017": [-4.75860071182251, -0.2819611430168152], "WSDM_2014": [-4.77183198928833, -1.1210498809814453], "WSDM_2010": [-4.425075054168701, -2.5092990398406982], "WSDM_2013": [-4.800342559814453, -0.5495390295982361], "WSDM_2015": [-4.6510844230651855, -1.7647912502288818], "WSDM_2008": [-3.990114688873291, -2.601505994796753], "CIKM_2008": [-2.7802107334136963, 2.689025402069092], "CIKM_2012": [-2.9265284538269043, 3.943723678588867], "CIKM_2009": [-2.8408572673797607, 3.6205031871795654], "CIKM_2006": [-4.742134094238281, 0.6128432154655457], "CIKM_2005": [-4.46713924407959, 1.170182466506958], "CIKM_2013": [-2.8705289363861084, 3.8330931663513184], "CIKM_2011": [-2.892390489578247, 3.915525436401367], "CIKM_2015": [-2.6269054412841797, 3.020029306411743], "CIKM_2003": [-5.137578964233398, -0.5462704300880432], "CIKM_2010": [-2.827768564224243, 3.4614367485046387], "CIKM_2002": [-5.0240373611450195, -0.032941389828920364], "CIKM_1994": [-5.31281852722168, -1.5112806558609009], "CIKM_2007": [-4.485734939575195, 1.1771812438964844], "CIKM_2017": [-2.5175390243530273, 3.565946578979492], "CIKM_2016": [-2.6097583770751953, 3.388258218765259], "CIKM_2014": [-2.6553781032562256, 2.8836565017700195], "CIKM_1993": [-5.409458160400391, -0.7950965762138367], "CIKM_1995": [-5.191072940826416, -1.7212984561920166], "CIKM_2004": [-4.9671735763549805, 0.030717143788933754], "CIKM_2001": [-5.086001873016357, -0.19709056615829468], "CIKM_2000": [-5.17719841003418, -1.0032110214233398], "CIKM_1997": [-5.187233924865723, -1.4700279235839844], "CIKM_1999": [-5.153224945068359, -0.5362844467163086], "CIKM_1998": [-5.092577934265137, -2.1685664653778076], "CIKM_1992": [-5.000817775726318, -2.85653018951416], "CIKM_1996": [-5.267167091369629, -1.9685550928115845], "ICWSM_2007": [-3.4018173217773438, -1.522376298904419], "ICWSM_2008": [-3.249983549118042, -1.594903588294983], "ICWSM_2017": [-2.973313093185425, -0.9556347131729126], "ICWSM_2015": [-2.9845175743103027, -1.404964566230774], "ICWSM_2012": [-3.138986349105835, -0.21487721800804138], "ICWSM_2010": [-2.96614670753479, -1.1536765098571777], "ICWSM_2011": [-3.1651182174682617, -0.153024360537529], "ICWSM_2014": [-2.9623947143554688, -1.0209447145462036], "ICWSM_2013": [-3.10943865776062, -0.44181981682777405], "ICWSM_2009": [-3.310889720916748, -1.2565114498138428], "ICWSM_2016": [-2.9266092777252197, -1.02959406375885], "ICWSM_2006": [-2.6989078521728516, -1.2421482801437378], "WWW_2001": [-3.4671385288238525, 1.962206244468689], "WWW_2016": [-3.6124558448791504, 3.440504550933838], "WWW_2012": [-3.737670421600342, 3.586580276489258], "WWW_2008": [-3.7428512573242188, 2.776581287384033], "WWW_2009": [-3.6649703979492188, 2.3509156703948975], "WWW_1998": [-2.8439371585845947, 1.5046929121017456], "WWW_2007": [-3.7637228965759277, 2.772507667541504], "WWW_2005": [-4.020630836486816, 3.0569701194763184], "WWW_2011": [-3.432959794998169, 2.7097647190093994], "WWW_2015": [-3.535470724105835, 4.04951810836792], "WWW_2014": [-3.767225742340088, 3.7529587745666504],