{"cheng-soon-ong_2007": [5.207245349884033, 38.756229400634766], "cheng-soon-ong_2015": [2.0387275218963623, 37.62669372558594], "cheng-soon-ong_2016": [-2.281785726547241, 25.305479049682617], "cheng-soon-ong_2008": [7.2962141036987305, 40.88071823120117], "cheng-soon-ong_2005": [1.1414436101913452, 42.32918930053711], "cheng-soon-ong_2009": [-1.977752685546875, 26.414600372314453], "cheng-soon-ong_2014": [-0.9488975405693054, 26.64105987548828], "cheng-soon-ong_2017": [17.34820556640625, 24.261898040771484], "cheng-soon-ong_2006": [3.0385215282440186, 38.092960357666016], "cheng-soon-ong_2003": [1.572731852531433, 43.581417083740234], "cheng-soon-ong_2004": [-1.659986138343811, 41.380836486816406], "cheng-soon-ong_2012": [16.255861282348633, 36.66768264770508], "cheng-soon-ong_2010": [5.654376983642578, 40.91830062866211], "cheng-soon-ong_2013": [3.6725780963897705, 38.140464782714844], "cheng-soon-ong_2011": [11.893990516662598, 33.66366195678711], "cheng-soon-ong_2018": [1.60840904712677, 41.875694274902344], "cheng-soon-ong_2002": [11.421274185180664, 37.05820846557617], "robert-c-williamson_2014": [-2.196394205093384, 31.055316925048828], "robert-c-williamson_2007": [6.091210842132568, 38.17671203613281], "robert-c-williamson_2002": [-9.665356636047363, 29.046052932739258], "robert-c-williamson_1998": [-11.69157886505127, 30.116540908813477], "robert-c-williamson_1999": [-9.462146759033203, 24.252090454101562], "robert-c-williamson_2001": [-10.138407707214355, 27.919288635253906], "robert-c-williamson_2006": [4.614483833312988, 41.95103073120117], "robert-c-williamson_1996": [-6.690059661865234, 26.952037811279297], "robert-c-williamson_1988": [-116.58821868896484, 65.53369903564453], "robert-c-williamson_2011": [5.697439670562744, 32.15045166015625], "robert-c-williamson_2003": [-6.476224899291992, 22.068517684936523], "robert-c-williamson_1994": [-5.500524520874023, 30.13610076904297], "robert-c-williamson_1993": [-5.644697666168213, 32.94339370727539], "robert-c-williamson_2000": [-7.739320278167725, 26.29549789428711], "robert-c-williamson_1992": [-6.467432022094727, 32.55641174316406], "robert-c-williamson_1991": [-3.929924964904785, 29.963958740234375], "robert-c-williamson_2015": [-2.3388352394104004, 31.529006958007812], "robert-c-williamson_2010": [4.080838680267334, 31.927820205688477], "robert-c-williamson_1995": [-6.446377277374268, 27.292638778686523], "robert-c-williamson_2018": [-2.233015775680542, 33.24040222167969], "robert-c-williamson_2005": [-0.7199469804763794, 41.818172454833984], "robert-c-williamson_2016": [6.126889705657959, 33.87582778930664], "robert-c-williamson_1997": [-5.657684803009033, 29.710397720336914], "robert-c-williamson_1990": [-7.072274684906006, 34.779991149902344], "robert-c-williamson_2017": [-2.9564526081085205, 29.421701431274414], "robert-c-williamson_2009": [5.377598762512207, 30.92311668395996], "robert-c-williamson_2008": [5.699750900268555, 28.564163208007812], "robert-c-williamson_2012": [5.655128002166748, 32.4614143371582], "robert-c-williamson_1985": [6.384060382843018, 27.904586791992188], "robert-c-williamson_1987": [-7.5155930519104, 35.63365173339844], "robert-c-williamson_2004": [0.04284919053316116, 43.58538818359375], "alexander-j-smola_1998": [-11.286423683166504, 28.829608917236328], "alexander-j-smola_2007": [-8.182352066040039, 18.074806213378906], "alexander-j-smola_2005": [-10.830611228942871, 25.739402770996094], "alexander-j-smola_1999": [-11.62472152709961, 28.548261642456055], "alexander-j-smola_2010": [-4.146167278289795, 20.26412010192871], "alexander-j-smola_2004": [-9.82701301574707, 30.253562927246094], "alexander-j-smola_2018": [15.851009368896484, 24.76757049560547], "alexander-j-smola_2003": [-11.96186351776123, 26.41075897216797], "alexander-j-smola_2006": [-9.885880470275879, 26.200092315673828], "alexander-j-smola_2016": [-5.7211713790893555, 20.221677780151367], "alexander-j-smola_2000": [-9.657010078430176, 23.217859268188477], "alexander-j-smola_1992": [12.404273986816406, 36.925743103027344], "alexander-j-smola_2001": [-9.867265701293945, 25.727705001831055], "alexander-j-smola_2008": [-2.3662710189819336, 22.08509635925293], "alexander-j-smola_2017": [-3.1149914264678955, 20.617862701416016], "alexander-j-smola_2009": [-4.91138219833374, 21.760068893432617], "alexander-j-smola_2013": [0.7066770792007446, 21.84383773803711], "alexander-j-smola_2014": [0.21940220892429352, 21.80733299255371], "alexander-j-smola_2012": [-0.5339481234550476, 22.241830825805664], "alexander-j-smola_2015": [-4.672425746917725, 20.344507217407227], "alexander-j-smola_2011": [1.9283926486968994, 22.049715042114258], "alexander-j-smola_2002": [-13.00030517578125, 27.44145393371582], "alexander-j-smola_1997": [4.752355575561523, 40.68325424194336], "alexander-j-smola_1995": [-2.5146172046661377, 35.33983612060547], "alexander-j-smola_1996": [7.2268805503845215, 42.08312225341797], "christopher-d-manning_2003": [5.541769981384277, 13.698260307312012], "christopher-d-manning_2014": [-5.367690086364746, 11.683268547058105], "christopher-d-manning_2017": [9.136566162109375, 15.97378158569336], "christopher-d-manning_2007": [14.911905288696289, 23.659128189086914], "christopher-d-manning_2008": [39.78948974609375, -25.221118927001953], "christopher-d-manning_2013": [4.565317153930664, 13.017317771911621], "christopher-d-manning_2016": [10.12214183807373, 17.573383331298828], "christopher-d-manning_2000": [12.678850173950195, 23.25954246520996], "christopher-d-manning_2010": [7.8797502517700195, 15.238012313842773], "christopher-d-manning_2006": [10.08071517944336, 14.648957252502441], "christopher-d-manning_2005": [4.87515115737915, 11.629800796508789], "christopher-d-manning_2002": [9.095341682434082, 13.953348159790039], "christopher-d-manning_2009": [5.300591945648193, 12.68060302734375], "christopher-d-manning_1995": [-4.926643371582031, 33.55339050292969], "christopher-d-manning_2012": [7.353188514709473, 15.80282974243164], "christopher-d-manning_1998": [13.212095260620117, 21.335777282714844], "christopher-d-manning_2011": [6.500349521636963, 14.541133880615234], "christopher-d-manning_1996": [-135.57725524902344, -17.971952438354492], "christopher-d-manning_2004": [7.541567325592041, 13.86509895324707], "christopher-d-manning_2015": [8.06600570678711, 15.870771408081055], "christopher-d-manning_2001": [13.714184761047363, 22.638843536376953], "christopher-d-manning_1999": [12.174242973327637, 23.92371368408203], "christopher-d-manning_2018": [16.922414779663086, 30.899333953857422], "christopher-d-manning_1993": [12.389676094055176, 25.489652633666992], "richard-socher_2014": [15.83522891998291, 29.681432723999023], "richard-socher_2013": [14.508594512939453, 22.845149993896484], "richard-socher_2012": [16.258373260498047, 29.033708572387695], "richard-socher_2011": [11.901533126831055, 32.4342041015625], "richard-socher_2016": [17.108945846557617, 28.967060089111328], "richard-socher_2017": [7.6894307136535645, 19.2247314453125], "richard-socher_2018": [7.0741095542907715, 18.495237350463867], "richard-socher_2009": [17.027101516723633, 36.36174392700195], "richard-socher_2010": [13.163476943969727, 33.32712173461914], "richard-socher_2015": [17.55847930908203, 31.61146354675293], "andrew-y-ng_2010": [-0.13984635472297668, 15.894350051879883], "andrew-y-ng_2001": [0.9598281383514404, 31.64189910888672], "andrew-y-ng_2012": [7.758346080780029, 20.254928588867188], "andrew-y-ng_1998": [11.097509384155273, 32.66177749633789], "andrew-y-ng_2008": [-0.1698765754699707, 16.075328826904297], "andrew-y-ng_2011": [-3.385676860809326, 17.774608612060547], "andrew-y-ng_2009": [-8.538796424865723, 12.34018325805664], "andrew-y-ng_2013": [15.577731132507324, 23.020971298217773], "andrew-y-ng_2004": [1.5249181985855103, 30.312040328979492], "andrew-y-ng_1999": [0.8586577773094177, 33.511722564697266], "andrew-y-ng_2000": [0.37234216928482056, 32.62828826904297],