{"cheng-soon-ong_2007": [12.125197410583496, -18.468286514282227], "cheng-soon-ong_2015": [11.828590393066406, -16.183441162109375], "cheng-soon-ong_2016": [7.422222137451172, -13.615540504455566], "cheng-soon-ong_2008": [12.295475959777832, -20.831890106201172], "cheng-soon-ong_2005": [10.812848091125488, -24.1803035736084], "cheng-soon-ong_2009": [7.564340591430664, -14.469157218933105], "cheng-soon-ong_2014": [8.396685600280762, -14.660452842712402], "cheng-soon-ong_2017": [14.724651336669922, -15.058711051940918], "cheng-soon-ong_2006": [11.342691421508789, -16.840517044067383], "cheng-soon-ong_2003": [11.691596031188965, -24.682138442993164], "cheng-soon-ong_2004": [8.665477752685547, -25.13231658935547], "cheng-soon-ong_2012": [7.543588161468506, -21.216859817504883], "cheng-soon-ong_2010": [10.787612915039062, -20.27674674987793], "cheng-soon-ong_2013": [10.916058540344238, -17.137248992919922], "cheng-soon-ong_2011": [14.932476043701172, -19.365129470825195], "cheng-soon-ong_2018": [10.773066520690918, -23.90351104736328], "cheng-soon-ong_2002": [16.37905502319336, -22.811355590820312], "robert-c-williamson_2014": [5.52372932434082, -17.274511337280273], "robert-c-williamson_2007": [12.91844654083252, -18.32048225402832], "robert-c-williamson_2002": [3.604234218597412, -13.848978996276855], "robert-c-williamson_1998": [4.861928939819336, -14.224188804626465], "robert-c-williamson_1999": [4.370119571685791, -9.830122947692871], "robert-c-williamson_2001": [4.053088665008545, -12.617094993591309], "robert-c-williamson_2006": [10.668817520141602, -19.176006317138672], "robert-c-williamson_1996": [2.3762760162353516, -10.398125648498535], "robert-c-williamson_1988": [-104.92610168457031, -47.14043045043945], "robert-c-williamson_2011": [5.583400249481201, -20.851694107055664], "robert-c-williamson_2003": [6.264646530151367, -10.268162727355957], "robert-c-williamson_1994": [3.246532917022705, -16.42293357849121], "robert-c-williamson_1993": [2.2978365421295166, -17.998836517333984], "robert-c-williamson_2000": [3.19691801071167, -10.428082466125488], "robert-c-williamson_1992": [2.8840737342834473, -18.536903381347656], "robert-c-williamson_1991": [4.608880043029785, -16.288331985473633], "robert-c-williamson_2015": [5.185974597930908, -17.50499725341797], "robert-c-williamson_2010": [3.874767303466797, -21.319522857666016], "robert-c-williamson_1995": [2.20274019241333, -10.439889907836914], "robert-c-williamson_2018": [4.720832347869873, -18.569236755371094], "robert-c-williamson_2005": [9.386764526367188, -24.898040771484375], "robert-c-williamson_2016": [5.766273021697998, -22.571388244628906], "robert-c-williamson_1997": [3.3494606018066406, -16.391904830932617], "robert-c-williamson_1990": [-0.01987529918551445, -17.33407974243164], "robert-c-williamson_2017": [6.0658183097839355, -15.799121856689453], "robert-c-williamson_2009": [4.820827484130859, -20.708192825317383], "robert-c-williamson_2008": [20.509990692138672, -23.0009708404541], "robert-c-williamson_2012": [5.730323314666748, -21.056669235229492], "robert-c-williamson_1985": [20.838144302368164, -22.552536010742188], "robert-c-williamson_1987": [-0.6288204789161682, -17.273698806762695], "robert-c-williamson_2004": [10.796323776245117, -25.521413803100586], "alexander-j-smola_1998": [4.449498176574707, -13.26931381225586], "alexander-j-smola_2007": [6.176400184631348, -7.652923107147217], "alexander-j-smola_2005": [4.39677095413208, -11.394720077514648], "alexander-j-smola_1999": [4.621647834777832, -13.165769577026367], "alexander-j-smola_2010": [8.475324630737305, -9.617531776428223], "alexander-j-smola_2004": [2.830303192138672, -14.117103576660156], "alexander-j-smola_2018": [15.943622589111328, -15.131393432617188], "alexander-j-smola_2003": [3.2468533515930176, -12.227509498596191], "alexander-j-smola_2006": [4.78085470199585, -11.392328262329102], "alexander-j-smola_2016": [7.277571678161621, -9.31359577178955], "alexander-j-smola_2000": [4.639786243438721, -8.595989227294922], "alexander-j-smola_1992": [16.32672882080078, -23.604883193969727], "alexander-j-smola_2001": [4.357824325561523, -11.074721336364746], "alexander-j-smola_2008": [8.97485637664795, -11.580336570739746], "alexander-j-smola_2017": [9.095534324645996, -10.388291358947754], "alexander-j-smola_2009": [7.265418529510498, -10.514444351196289], "alexander-j-smola_2013": [11.002873420715332, -12.425848007202148], "alexander-j-smola_2014": [10.91112995147705, -12.0601167678833], "alexander-j-smola_2012": [10.091017723083496, -12.165011405944824], "alexander-j-smola_2015": [8.056792259216309, -9.655414581298828], "alexander-j-smola_2011": [11.808794021606445, -13.134662628173828], "alexander-j-smola_2002": [2.4109349250793457, -13.167737007141113], "alexander-j-smola_1997": [10.984923362731934, -19.94642448425293], "alexander-j-smola_1995": [4.637736797332764, -18.472883224487305], "alexander-j-smola_1996": [11.533644676208496, -21.19561195373535], "christopher-d-manning_2003": [14.545458793640137, -7.5201334953308105], "christopher-d-manning_2014": [9.982584953308105, -3.9344232082366943], "christopher-d-manning_2017": [16.46854591369629, -9.349065780639648], "christopher-d-manning_2007": [17.188785552978516, -14.078845977783203], "christopher-d-manning_2008": [-30.912364959716797, 6.204829692840576], "christopher-d-manning_2013": [13.989800453186035, -6.760836124420166], "christopher-d-manning_2016": [16.911235809326172, -10.853294372558594], "christopher-d-manning_2000": [19.500045776367188, -13.327594757080078], "christopher-d-manning_2010": [15.572081565856934, -9.163208961486816], "christopher-d-manning_2006": [17.48070526123047, -9.135310173034668], "christopher-d-manning_2005": [14.32133960723877, -5.868852138519287], "christopher-d-manning_2002": [16.955839157104492, -8.186148643493652], "christopher-d-manning_2009": [14.780521392822266, -6.6937079429626465], "christopher-d-manning_1995": [1.5343164205551147, -19.04408073425293], "christopher-d-manning_2012": [15.331269264221191, -8.807880401611328], "christopher-d-manning_1998": [18.633525848388672, -12.36564826965332], "christopher-d-manning_2011": [14.662922859191895, -8.52255630493164], "christopher-d-manning_1996": [2.001493215560913, -17.53582000732422], "christopher-d-manning_2004": [15.725054740905762, -7.8136820793151855], "christopher-d-manning_2015": [15.948402404785156, -8.63250732421875], "christopher-d-manning_2001": [18.47434425354004, -13.429862022399902], "christopher-d-manning_1999": [20.126602172851562, -13.127123832702637], "christopher-d-manning_2018": [19.406757354736328, -16.775981903076172], "christopher-d-manning_1993": [21.29364013671875, -13.920660018920898], "richard-socher_2014": [19.312345504760742, -17.859840393066406], "richard-socher_2013": [18.043642044067383, -14.072830200195312], "richard-socher_2012": [20.051847457885742, -17.690547943115234], "richard-socher_2011": [15.394462585449219, -20.10769271850586], "richard-socher_2016": [20.313335418701172, -18.147846221923828], "richard-socher_2017": [14.937911033630371, -11.197769165039062], "richard-socher_2018": [14.279561042785645, -10.38809585571289], "richard-socher_2009": [8.280484199523926, -21.60886573791504], "richard-socher_2010": [16.026180267333984, -19.270902633666992], "richard-socher_2015": [19.645029067993164, -16.1070613861084], "andrew-y-ng_2010": [11.541650772094727, -8.792977333068848], "andrew-y-ng_2001": [7.928886413574219, -17.923126220703125], "andrew-y-ng_2012": [14.743364334106445, -11.98986530303955], "andrew-y-ng_1998": [14.800681114196777, -20.05799674987793], "andrew-y-ng_2008": [11.558938980102539, -8.965839385986328], "andrew-y-ng_2011": [9.757040023803711, -7.887238502502441], "andrew-y-ng_2009": [6.75335168838501, -5.223352909088135], "andrew-y-ng_2013": [17.111459732055664, -14.820937156677246], "andrew-y-ng_2004": [9.315011024475098, -17.004871368408203], "andrew-y-ng_1999": [7.342941761016846, -19.031646728515625],