{"rajeev-gore_2002": [12.552831649780273, 7.920738220214844], "rajeev-gore_1999": [19.402435302734375, 3.82597279548645], "rajeev-gore_2005": [9.218284606933594, 5.720727443695068], "rajeev-gore_2011": [8.107572555541992, 7.842801570892334], "rajeev-gore_2012": [17.523372650146484, 9.709299087524414], "rajeev-gore_1997": [18.518407821655273, 2.973952293395996], "rajeev-gore_2001": [11.462728500366211, 6.42943811416626], "rajeev-gore_1998": [12.531967163085938, 6.436725616455078], "rajeev-gore_2010": [12.23708438873291, 10.664379119873047], "rajeev-gore_2016": [15.933392524719238, 5.242244243621826], "rajeev-gore_2000": [19.09093475341797, 5.75214147567749], "rajeev-gore_2013": [13.862000465393066, 13.157231330871582], "rajeev-gore_2009": [15.134705543518066, 9.538403511047363], "rajeev-gore_2017": [15.786422729492188, 12.996567726135254], "rajeev-gore_2018": [12.181966781616211, 17.41938591003418], "rajeev-gore_2014": [9.589555740356445, 8.336638450622559], "rajeev-gore_2007": [12.269065856933594, 11.790148735046387], "rajeev-gore_2004": [19.684005737304688, 6.876315593719482], "rajeev-gore_2003": [10.84206771850586, 9.059615135192871], "rajeev-gore_1996": [20.64333724975586, 3.690897226333618], "rajeev-gore_2008": [13.43111515045166, 11.282562255859375], "rajeev-gore_2015": [6.092101573944092, 11.611437797546387], "rajeev-gore_1989": [-4.485405921936035, 12.123422622680664], "alwen-tiu_2007": [10.373716354370117, 12.146288871765137], "alwen-tiu_2014": [12.269373893737793, 13.036867141723633], "alwen-tiu_2011": [16.554763793945312, 17.42515754699707], "alwen-tiu_2006": [9.075492858886719, 9.846328735351562], "alwen-tiu_2004": [14.2855224609375, 20.573659896850586], "alwen-tiu_2017": [-1.2664681673049927, 15.699825286865234], "alwen-tiu_2010": [13.65596866607666, 15.036005020141602], "alwen-tiu_2015": [5.743560314178467, 11.778886795043945], "alwen-tiu_2012": [18.453216552734375, 10.572135925292969], "alwen-tiu_2008": [14.940535545349121, 17.872011184692383], "alwen-tiu_2018": [12.309962272644043, 15.96240520477295], "alwen-tiu_2016": [15.146781921386719, 7.614346504211426], "alwen-tiu_2003": [14.68626594543457, 19.483192443847656], "alwen-tiu_2013": [14.968774795532227, 16.782215118408203], "alwen-tiu_2005": [9.651641845703125, 13.113774299621582], "alwen-tiu_2009": [15.571990013122559, 10.927721977233887], "alwen-tiu_2002": [19.09228515625, 13.428496360778809], "alwen-tiu_2001": [17.17928695678711, 18.830442428588867], "CSL_2015": [-6.622167110443115, -24.561908721923828], "CSL_2000": [6.970361232757568, -33.12501907348633], "CSL_2006": [5.5300445556640625, -28.44209861755371], "CSL_1999": [-0.4034683406352997, -30.04218864440918], "CSL_2002": [7.623624324798584, -26.97910499572754], "CSL_2012": [11.131828308105469, -29.8929443359375], "CSL_1991": [1.3755686283111572, -19.600860595703125], "CSL_2016": [-7.184243202209473, -24.630985260009766], "CSL_1987": [1.5105507373809814, -34.302127838134766], "CSL_1996": [13.705810546875, -26.767839431762695], "CSL_2013": [7.732822418212891, -31.304702758789062], "CSL_1997": [11.873497009277344, -27.40237045288086], "CSL_1998": [13.342917442321777, -27.344390869140625], "CSL_1994": [-0.02124970778822899, -21.805500030517578], "CSL_2009": [1.2773663997650146, -27.623432159423828], "CSL_2001": [8.419374465942383, -31.6436824798584], "CSL_2017": [-2.4887051582336426, -21.995100021362305], "CSL_2007": [8.993021011352539, -28.028024673461914], "CSL_2003": [-10.797942161560059, -28.094541549682617], "CSL_2005": [9.685754776000977, -30.610692977905273], "CSL_2011": [10.117301940917969, -29.240337371826172], "CSL_2008": [11.78837776184082, -28.72671890258789], "CSL_2018": [0.9291141033172607, 15.264317512512207], "CSL_1992": [2.9631152153015137, -17.917905807495117], "CSL_1993": [3.7072348594665527, -17.056407928466797], "CSL_2004": [8.546429634094238, -26.573820114135742], "CSL_1989": [4.583220481872559, -17.823936462402344], "CSL_2010": [2.3310327529907227, -27.444644927978516], "CSL_1988": [1.0555133819580078, -17.588708877563477], "CSL_1990": [0.05291932448744774, -20.918214797973633], "CSL_1995": [2.514760971069336, -19.864450454711914], "CSL_1976": [-2.1502623558044434, 15.187336921691895], "LICS_1988": [-5.0342116355896, -32.12575149536133], "LICS_2016": [-15.940546989440918, -28.764711380004883], "LICS_2011": [2.639155864715576, -29.32037925720215], "LICS_2017": [-15.41544246673584, -28.033447265625], "LICS_1991": [-0.28935423493385315, -31.047435760498047], "LICS_2013": [-15.625852584838867, -26.844762802124023], "LICS_2014": [-16.64321517944336, -28.114768981933594], "LICS_2015": [-16.55784034729004, -27.105690002441406], "LICS_2010": [-4.323002338409424, -29.04309844970703], "LICS_2005": [-12.047666549682617, -29.14699935913086], "LICS_1997": [-11.568093299865723, -28.059337615966797], "LICS_1995": [-9.80225944519043, -30.11046028137207], "LICS_2018": [-10.603018760681152, -26.04857635498047], "LICS_2012": [-12.427955627441406, -29.930347442626953], "LICS_1998": [-2.8814282417297363, -29.705678939819336], "LICS_1992": [-8.366447448730469, -29.625885009765625], "LICS_1989": [-5.437549114227295, -31.541719436645508], "LICS_2001": [-1.1705946922302246, -26.884580612182617], "LICS_1990": [-4.303573131561279, -29.635181427001953], "LICS_2002": [0.12910135090351105, -29.50105094909668], "LICS_1986": [-0.10792645812034607, -19.297616958618164], "LICS_2006": [4.878691673278809, -30.8264217376709], "LICS_2008": [6.859161853790283, -27.764610290527344], "LICS_2009": [4.501585960388184, -29.41447639465332], "LICS_2000": [3.1008646488189697, -31.408191680908203], "LICS_1987": [1.5025684833526611, -18.46482276916504], "LICS_2004": [-8.51096248626709, -28.176809310913086], "LICS_1994": [-10.700582504272461, -29.41695785522461], "LICS_1996": [-5.85001277923584, -29.510765075683594], "LICS_2003": [-1.5714111328125, -26.395673751831055], "LICS_1999": [-3.1920785903930664, -30.873010635375977], "LICS_1985": [2.2996034622192383, 15.128952980041504], "LICS_1993": [-9.75141429901123, -28.84107780456543], "LICS_2007": [5.3531646728515625, -30.059232711791992], "LICS_1978": [10.34330940246582, 10.32360553741455], "LICS_1981": [11.090494155883789, 15.019779205322266], "TABLEAUX_2000": [13.695734024047852, -2.281038284301758], "TABLEAUX_2011": [11.811720848083496, 1.3946971893310547], "TABLEAUX_1997": [13.208733558654785, 2.610546588897705], "TABLEAUX_2002": [11.45103645324707, 0.7879691123962402], "TABLEAUX_2005": [12.860650062561035, -3.0312209129333496], "TABLEAUX_1999": [12.972957611083984, -1.784413456916809], "TABLEAUX_1998": [13.533824920654297, -3.2442281246185303], "TABLEAUX_2007": [10.880242347717285, 3.9022037982940674], "TABLEAUX_2013": [14.260631561279297, 3.0564801692962646], "TABLEAUX_1992": [13.982327461242676, 5.236105442047119], "TABLEAUX_2017": [14.504751205444336, 5.906967639923096], "TABLEAUX_1995": [12.497227668762207, 3.2417235374450684], "TABLEAUX_2009": [10.151531219482422, 2.0383639335632324], "TABLEAUX_2015": [10.888570785522461, 2.232703447341919], "TABLEAUX_2003": [13.312616348266602, -0.4461081922054291], "TABLEAUX_1996": [13.00062370300293, 1.3945578336715698], "TABLEAUX_1993": [5.972301959991455, 2.7237188816070557], "POPL_1993": [-23.937774658203125, 16.134300231933594], "POPL_2017": [-30.702037811279297, 12.292085647583008], "POPL_1980": [-6.504975318908691, 18.1175537109375], "POPL_2001": [-13.477737426757812, 19.053726196289062], "POPL_2016": [-29.235502243041992, 13.027261734008789], "POPL_2005": [-16.423351287841797, 19.617090225219727], "POPL_1996": [-20.161176681518555, 18.634052276611328], "POPL_1988": [-9.227643013000488, 20.248737335205078], "POPL_2006": [-21.40726089477539, 14.6257905960083], "POPL_2007": [-25.08454704284668, 14.69754695892334], "POPL_1991": [-9.873344421386719, 20.108715057373047], "POPL_1977": [-5.695357799530029, 17.802946090698242], "POPL_1982": [-17.40754508972168, 15.422104835510254], "POPL_2004": [-17.656028747558594, 17.724218368530273],