{"rajeev-gore_2002": [-6.190262794494629, 2.722321033477783], "rajeev-gore_1999": [-8.270048141479492, -1.0327646732330322], "rajeev-gore_2005": [-5.410823345184326, 2.2259340286254883], "rajeev-gore_2011": [-6.780087471008301, 2.010942220687866], "rajeev-gore_2012": [-8.273937225341797, 0.8520494103431702], "rajeev-gore_1997": [-8.650350570678711, -1.3487539291381836], "rajeev-gore_2001": [-5.645035266876221, 2.699047565460205], "rajeev-gore_1998": [-6.084477424621582, 2.0704245567321777], "rajeev-gore_2010": [-7.478321552276611, 2.1397628784179688], "rajeev-gore_2016": [-5.050527095794678, 1.5087369680404663], "rajeev-gore_2000": [-7.579533100128174, -0.29490527510643005], "rajeev-gore_2013": [-7.8352837562561035, 2.774951219558716], "rajeev-gore_2009": [-7.371356010437012, 1.6921052932739258], "rajeev-gore_2017": [-8.970736503601074, 1.5347349643707275], "rajeev-gore_2018": [-8.228102684020996, 4.395566940307617], "rajeev-gore_2014": [-6.834211349487305, 2.0225846767425537], "rajeev-gore_2007": [-7.523360729217529, 2.6477365493774414], "rajeev-gore_2004": [-4.5437774658203125, 0.6758812665939331], "rajeev-gore_2003": [-6.5408854484558105, 2.9072065353393555], "rajeev-gore_1996": [-8.402759552001953, -1.2487891912460327], "rajeev-gore_2008": [-7.292575836181641, 3.006411552429199], "rajeev-gore_2015": [-5.967557907104492, 3.6481361389160156], "rajeev-gore_1989": [-3.2931318283081055, 3.441037654876709], "alwen-tiu_2007": [-7.916839599609375, 2.4815571308135986], "alwen-tiu_2014": [-7.7111735343933105, 2.9852113723754883], "alwen-tiu_2011": [-8.982612609863281, 4.447908401489258], "alwen-tiu_2006": [-6.541700839996338, 2.728623151779175], "alwen-tiu_2004": [-10.12698745727539, 4.362434387207031], "alwen-tiu_2017": [-4.940831184387207, 5.127485752105713], "alwen-tiu_2010": [-8.33596420288086, 3.252878189086914], "alwen-tiu_2015": [-5.859996795654297, 3.8475828170776367], "alwen-tiu_2012": [-8.693185806274414, 0.8599520921707153], "alwen-tiu_2008": [-9.152756690979004, 4.029385566711426], "alwen-tiu_2018": [-7.958629131317139, 3.7090060710906982], "alwen-tiu_2016": [-5.859925746917725, 1.9229300022125244], "alwen-tiu_2003": [-9.719584465026855, 4.2968268394470215], "alwen-tiu_2013": [-8.91468620300293, 3.9555587768554688], "alwen-tiu_2005": [-8.472171783447266, 2.689312219619751], "alwen-tiu_2009": [-8.124905586242676, 1.872817039489746], "alwen-tiu_2002": [-9.283180236816406, 2.4605774879455566], "alwen-tiu_2001": [-9.220661163330078, 4.832571029663086], "CSL_2015": [-1.6955647468566895, -0.4487855136394501], "CSL_2000": [-3.156161308288574, -2.2657630443573], "CSL_2006": [-1.659907579421997, -2.423537015914917], "CSL_1999": [-2.0528199672698975, -1.537206768989563], "CSL_2002": [-1.8108068704605103, -2.989344835281372], "CSL_2012": [-2.8454439640045166, -3.2821948528289795], "CSL_1991": [-4.728516578674316, -2.0687150955200195], "CSL_2016": [-1.314929723739624, -0.06519056856632233], "CSL_1987": [-5.3738694190979, -2.2412190437316895], "CSL_1996": [-3.624739408493042, -3.0801799297332764], "CSL_2013": [-2.3987696170806885, -2.4922757148742676], "CSL_1997": [-3.1320607662200928, -3.533602476119995], "CSL_1998": [-3.574392795562744, -3.3068275451660156], "CSL_1994": [-3.50797700881958, -1.550936222076416], "CSL_2009": [-1.7495808601379395, -1.6836445331573486], "CSL_2001": [-2.5669379234313965, -2.8045382499694824], "CSL_2017": [-2.942119836807251, -0.4174487292766571], "CSL_2007": [-1.9748612642288208, -3.417271852493286], "CSL_2003": [-0.7376506328582764, -0.5643112659454346], "CSL_2005": [-2.5479683876037598, -3.170301675796509], "CSL_2011": [-2.5605697631835938, -2.9741244316101074], "CSL_2008": [-2.8667514324188232, -3.682738780975342], "CSL_2018": [-10.731550216674805, 2.224277973175049], "CSL_1992": [-5.304220676422119, -2.2323801517486572], "CSL_1993": [-5.575686454772949, -2.213301658630371], "CSL_2004": [-2.2454309463500977, -3.275582790374756], "CSL_1989": [-5.63385009765625, -2.147808074951172], "CSL_2010": [-2.2643511295318604, -2.0042874813079834], "CSL_1988": [-5.010929584503174, -2.1004977226257324], "CSL_1990": [-4.132262229919434, -1.6472278833389282], "CSL_1995": [-4.783143997192383, -2.289996862411499], "CSL_1976": [-4.721416473388672, 5.008938789367676], "LICS_1988": [-1.6332050561904907, -1.0619333982467651], "LICS_2016": [-0.00017705466598272324, -0.10039353370666504], "LICS_2011": [-2.1408588886260986, -1.774928331375122], "LICS_2017": [0.05529215931892395, -0.046407703310251236], "LICS_1991": [-2.4218297004699707, -1.558436393737793], "LICS_2013": [-0.2938977777957916, 0.2454780489206314], "LICS_2014": [-0.07241326570510864, 0.04765840992331505], "LICS_2015": [-0.26336100697517395, 0.30320870876312256], "LICS_2010": [-1.009015679359436, -1.482463002204895], "LICS_2005": [-0.3943031430244446, -0.8720163702964783], "LICS_1997": [-0.5628216862678528, -0.5527529716491699], "LICS_1995": [-0.8422655463218689, -0.4349517226219177], "LICS_2018": [-0.914980411529541, 0.19853030145168304], "LICS_2012": [-0.2712346613407135, -0.8670043349266052], "LICS_1998": [-1.2477971315383911, -1.898856282234192], "LICS_1992": [-0.931469202041626, -0.9313375949859619], "LICS_1989": [-1.347549557685852, -1.1004616022109985], "LICS_2001": [-1.8452662229537964, -1.0528178215026855], "LICS_1990": [-1.1493043899536133, -1.3726012706756592], "LICS_2002": [-1.9662480354309082, -1.6562058925628662], "LICS_1986": [-4.553112030029297, -1.685518503189087], "LICS_2006": [-2.011368751525879, -2.2626020908355713], "LICS_2008": [-1.7098761796951294, -2.7909326553344727], "LICS_2009": [-1.754839301109314, -2.3229639530181885], "LICS_2000": [-1.4594553709030151, -2.5444631576538086], "LICS_1987": [-5.021115779876709, -2.101177453994751], "LICS_2004": [-1.2732264995574951, -0.6224772334098816], "LICS_1994": [-0.4568755030632019, -0.6213836073875427], "LICS_1996": [-0.694783091545105, -1.3695507049560547], "LICS_2003": [-2.0023419857025146, -1.0849871635437012], "LICS_1999": [-1.1682008504867554, -1.7424651384353638], "LICS_1985": [-10.67070198059082, 2.2525742053985596], "LICS_1993": [-0.8812543749809265, -0.34680458903312683], "LICS_2007": [-2.0787692070007324, -2.468121290206909], "LICS_1978": [-6.400761604309082, 2.7995951175689697], "LICS_1981": [-6.7864251136779785, 3.3311753273010254], "TABLEAUX_2000": [-5.746832847595215, -0.1430683434009552], "TABLEAUX_2011": [-6.629382133483887, 0.5248563885688782], "TABLEAUX_1997": [-6.457515239715576, 0.712695300579071], "TABLEAUX_2002": [-6.583771705627441, 0.4781234860420227], "TABLEAUX_2005": [-5.716827392578125, -0.13935372233390808], "TABLEAUX_1999": [-5.887145042419434, -0.034808140248060226], "TABLEAUX_1998": [-5.622830390930176, -0.18165923655033112], "TABLEAUX_2007": [-6.924280643463135, 1.0123964548110962], "TABLEAUX_2013": [-6.226874828338623, 0.859891414642334], "TABLEAUX_1992": [-5.882138252258301, 1.3395665884017944], "TABLEAUX_2017": [-5.6650872230529785, 1.7056794166564941], "TABLEAUX_1995": [-6.581305503845215, 0.8063457012176514], "TABLEAUX_2009": [-6.815162181854248, 0.4651547074317932], "TABLEAUX_2015": [-6.858104705810547, 0.5177055597305298], "TABLEAUX_2003": [-6.134571075439453, 0.16518595814704895], "TABLEAUX_1996": [-6.558687686920166, 0.5160703063011169], "TABLEAUX_1993": [-8.820823669433594, -1.5690933465957642], "POPL_1993": [-2.054861545562744, 6.239954471588135], "POPL_2017": [-0.7634290456771851, 4.502989768981934], "POPL_1980": [-4.403597831726074, 7.293423652648926], "POPL_2001": [-3.5297915935516357, 6.720174312591553], "POPL_2016": [-1.198720097541809, 5.619533538818359], "POPL_2005": [-2.667897939682007, 7.191067695617676], "POPL_1996": [-2.7826006412506104, 6.232435703277588], "POPL_1988": [-4.017779350280762, 6.538467884063721], "POPL_2006": [-2.1917903423309326, 6.9561357498168945], "POPL_2007": [-1.7442114353179932, 6.308248996734619], "POPL_1991": [-3.8499135971069336, 6.529654026031494], "POPL_1977": [-4.561810493469238, 7.229004859924316],