{"rajeev-gore_2002": [0.3099324703216553, -7.53705358505249], "rajeev-gore_1999": [7.50970983505249, -8.92805004119873], "rajeev-gore_2005": [0.8781086802482605, -5.609428882598877], "rajeev-gore_2011": [1.9325031042099, -7.420319557189941], "rajeev-gore_2012": [4.399086952209473, -10.128843307495117], "rajeev-gore_1997": [8.265077590942383, -8.550007820129395], "rajeev-gore_2001": [0.22520066797733307, -6.70403528213501], "rajeev-gore_1998": [0.9930450320243835, -6.851785659790039], "rajeev-gore_2010": [2.2497026920318604, -9.26411247253418], "rajeev-gore_2016": [6.398881435394287, -6.465014457702637], "rajeev-gore_2000": [6.035752773284912, -8.81112289428711], "rajeev-gore_2013": [1.6430376768112183, -10.35881233215332], "rajeev-gore_2009": [3.131842851638794, -8.676095962524414], "rajeev-gore_2017": [-1.2974663972854614, -5.291211128234863], "rajeev-gore_2018": [-0.1052594855427742, -12.425422668457031], "rajeev-gore_2014": [1.9635885953903198, -7.925875663757324], "rajeev-gore_2007": [1.937780737876892, -9.745437622070312], "rajeev-gore_2004": [5.829867839813232, -9.249397277832031], "rajeev-gore_2003": [-0.1513546258211136, -8.410871505737305], "rajeev-gore_1996": [7.786624908447266, -9.465045928955078], "rajeev-gore_2008": [1.5087748765945435, -9.355595588684082], "rajeev-gore_2015": [-1.7005863189697266, -7.8750715255737305], "rajeev-gore_1989": [-7.0009307861328125, -11.11543083190918], "alwen-tiu_2007": [0.7252230048179626, -9.82127571105957], "alwen-tiu_2014": [2.472797393798828, -10.66191577911377], "alwen-tiu_2011": [2.596292495727539, -13.029513359069824], "alwen-tiu_2006": [1.076096534729004, -8.25752067565918], "alwen-tiu_2004": [1.0233848094940186, -14.4805908203125], "alwen-tiu_2017": [-6.447513580322266, -8.115941047668457], "alwen-tiu_2010": [1.1220279932022095, -11.260529518127441], "alwen-tiu_2015": [-1.9343912601470947, -7.895442962646484], "alwen-tiu_2012": [4.485560417175293, -10.67155933380127], "alwen-tiu_2008": [1.6860734224319458, -12.922381401062012], "alwen-tiu_2018": [-0.19972586631774902, -11.378307342529297], "alwen-tiu_2016": [0.8480594158172607, -4.577549934387207], "alwen-tiu_2003": [1.300148367881775, -13.949989318847656], "alwen-tiu_2013": [1.70647394657135, -12.496655464172363], "alwen-tiu_2005": [0.1580849587917328, -10.172575950622559], "alwen-tiu_2009": [3.311940908432007, -9.41051959991455], "alwen-tiu_2002": [-1.2458059787750244, -11.364995002746582], "alwen-tiu_2001": [2.808608293533325, -13.835451126098633], "CSL_2015": [4.1082987785339355, 8.075560569763184], "CSL_2000": [10.722878456115723, 4.367844581604004], "CSL_2006": [8.130431175231934, 4.156867504119873], "CSL_1999": [8.06391716003418, 6.599852561950684], "CSL_2002": [7.946199417114258, 2.9467415809631348], "CSL_2012": [9.542362213134766, 1.672608494758606], "CSL_1991": [2.8583765029907227, 1.6052273511886597], "CSL_2016": [3.9799091815948486, 8.67029094696045], "CSL_1987": [2.855860471725464, 0.09688278287649155], "CSL_1996": [8.323030471801758, 0.20494063198566437], "CSL_2013": [9.663665771484375, 3.7344794273376465], "CSL_1997": [8.837957382202148, 0.9507536292076111], "CSL_1998": [8.6317720413208, 0.2940780222415924], "CSL_1994": [4.037924289703369, 3.2583351135253906], "CSL_2009": [7.031188011169434, 5.549683570861816], "CSL_2001": [10.166669845581055, 3.4116432666778564], "CSL_2017": [3.6690561771392822, 4.8375678062438965], "CSL_2007": [8.53679370880127, 2.361769199371338], "CSL_2003": [4.985373497009277, 9.9591703414917], "CSL_2005": [9.907272338867188, 2.531463384628296], "CSL_2011": [9.27145004272461, 2.3082075119018555], "CSL_2008": [9.598834037780762, 1.1155850887298584], "CSL_2018": [-4.818186283111572, -7.906823635101318], "CSL_1992": [2.354013204574585, 0.3613017797470093], "CSL_1993": [2.009646415710449, -0.2068827897310257], "CSL_2004": [8.020874977111816, 2.3288934230804443], "CSL_1989": [2.3637845516204834, -0.4840582311153412], "CSL_2010": [7.415464878082275, 4.899944305419922], "CSL_1988": [3.1617958545684814, 0.8922401666641235], "CSL_1990": [3.528534173965454, 2.760800838470459], "CSL_1995": [2.302119255065918, 1.4695334434509277], "CSL_1976": [-6.714443206787109, -8.168527603149414], "LICS_1988": [6.1091437339782715, 7.695190906524658], "LICS_2016": [3.7061522006988525, 11.41860580444336], "LICS_2011": [8.111570358276367, 5.566804885864258], "LICS_2017": [3.4522881507873535, 11.793658256530762], "LICS_1991": [8.593969345092773, 6.847659587860107], "LICS_2013": [4.379733562469482, 12.109264373779297], "LICS_2014": [3.936948776245117, 11.753220558166504], "LICS_2015": [3.94199275970459, 12.301724433898926], "LICS_2010": [7.038818359375, 8.423016548156738], "LICS_2005": [4.726233005523682, 10.219610214233398], "LICS_1997": [5.0142502784729, 10.628622055053711], "LICS_1995": [6.007872581481934, 10.510881423950195], "LICS_2018": [5.554666996002197, 11.799097061157227], "LICS_2012": [4.280109405517578, 10.338949203491211], "LICS_1998": [7.616121768951416, 7.3438801765441895], "LICS_1992": [5.9684624671936035, 9.520549774169922], "LICS_1989": [6.1459431648254395, 8.193610191345215], "LICS_2001": [6.076037406921387, 6.505660533905029], "LICS_1990": [6.8739190101623535, 8.236515045166016], "LICS_2002": [7.6404500007629395, 6.247368812561035], "LICS_1986": [3.3795650005340576, 1.9908334016799927], "LICS_2006": [9.037992477416992, 4.850667476654053], "LICS_2008": [8.255875587463379, 3.4549691677093506], "LICS_2009": [8.479005813598633, 4.768122673034668], "LICS_2000": [9.396270751953125, 5.696369171142578], "LICS_1987": [2.9225189685821533, 0.9776409268379211], "LICS_2004": [5.480173587799072, 9.167028427124023], "LICS_1994": [5.343977928161621, 10.672786712646484], "LICS_1996": [6.850805759429932, 9.312705039978027], "LICS_2003": [5.845636367797852, 6.284819602966309], "LICS_1999": [7.2962822914123535, 7.58912992477417], "LICS_1985": [-4.098462104797363, -8.070035934448242], "LICS_1993": [5.7146687507629395, 10.406484603881836], "LICS_2007": [8.912076950073242, 4.334436893463135], "LICS_1978": [0.45644450187683105, -8.18722915649414], "LICS_1981": [-0.6261460781097412, -9.700621604919434], "TABLEAUX_2000": [5.1113457679748535, -4.416223049163818], "TABLEAUX_2011": [4.39810848236084, -6.498498916625977], "TABLEAUX_1997": [3.4509987831115723, -6.165428161621094], "TABLEAUX_2002": [4.439557075500488, -6.344973087310791], "TABLEAUX_2005": [5.1986775398254395, -4.254876136779785], "TABLEAUX_1999": [4.93912935256958, -4.69113302230835], "TABLEAUX_1998": [5.246693134307861, -4.145283222198486], "TABLEAUX_2007": [3.484926223754883, -7.542080402374268], "TABLEAUX_2013": [3.0823452472686768, -5.698631763458252], "TABLEAUX_1992": [2.014071226119995, -5.465902328491211], "TABLEAUX_2017": [1.533831000328064, -5.401132583618164], "TABLEAUX_1995": [3.3775174617767334, -6.595722198486328], "TABLEAUX_2009": [4.3380255699157715, -7.141620635986328], "TABLEAUX_2015": [4.342180252075195, -7.120043754577637], "TABLEAUX_2003": [4.447997570037842, -5.232374668121338], "TABLEAUX_1996": [4.001777648925781, -6.084686279296875], "TABLEAUX_1993": [8.830009460449219, -8.879125595092773], "POPL_1993": [-15.612289428710938, -7.810630798339844], "POPL_2017": [1.3636729717254639, 12.187453269958496], "POPL_1980": [-9.216221809387207, -7.598189353942871], "POPL_2001": [-11.38268756866455, -9.706414222717285], "POPL_2016": [-17.976943969726562, -7.25461483001709], "POPL_2005": [-13.052251815795898, -9.98979663848877], "POPL_1996": [-14.212169647216797, -9.706748008728027], "POPL_1988": [-9.661872863769531, -9.676373481750488], "POPL_2006": [-14.833548545837402, -9.117837905883789], "POPL_2007": [-16.24321746826172, -7.849985122680664], "POPL_1991": [-10.105600357055664, -9.799870491027832], "POPL_1977": [-8.873401641845703, -7.446872711181641], "POPL_1982": [-13.174842834472656, -7.707239151000977], "POPL_2004": [-13.193192481994629, -8.934797286987305], "POPL_1989": [-17.002321243286133, -7.116880893707275], "POPL_1981": [-8.548377990722656, -7.872683525085449],