{"cheng-soon-ong_2007": [0.0009426820479084299, 0.0011445383204080348], "cheng-soon-ong_2015": [0.006986033597894276, 0.004100030506219759], "cheng-soon-ong_2016": [-0.0019416570081475287, 0.0005676577815601493], "cheng-soon-ong_2008": [0.01307734723019595, 0.005188860224775067], "cheng-soon-ong_2005": [0.007290110435054424, 0.010166713195103972], "cheng-soon-ong_2009": [-0.0032661491671986897, 0.000547491906255642], "cheng-soon-ong_2014": [-0.0022086097892871927, -0.0009557811581425439], "cheng-soon-ong_2017": [0.006801842358400173, 0.004287783117213937], "cheng-soon-ong_2006": [0.0018713564036200944, 0.0005364103098508321], "cheng-soon-ong_2003": [0.015346553626091742, 0.004305398342926926], "cheng-soon-ong_2004": [-0.004888820821131409, -0.0010150588889421578], "cheng-soon-ong_2012": [-0.0010022453688501055, 0.004090517071471416], "cheng-soon-ong_2010": [0.0005773692892734727, 0.001434572987057751], "cheng-soon-ong_2013": [-0.0005517710410966716, 0.0003526405322569561], "cheng-soon-ong_2011": [0.006948872209517254, 0.0031423080267878128], "cheng-soon-ong_2018": [0.006381649896594662, 0.026175763954838643], "cheng-soon-ong_2002": [0.08452724877972605, 0.037056443343696684], "ICML_2005": [-0.004072920246106867, -0.001026806829815833], "ICML_2010": [-0.004107024407296468, -0.0010416659391916422], "ICML_1989": [-0.0038929017247666562, -0.0009846260596047425], "ICML_1991": [-0.003814159847663261, -0.0009680512505272922], "ICML_2016": [-0.004152006465281351, -0.0010608411308064172], "ICML_2014": [-0.00415092338075483, -0.0010524526635382768], "ICML_2017": [-0.004156883829954361, -0.0010699237148586321], "ICML_2013": [-0.004140599290872016, -0.0010531632787750271], "ICML_2018": [-0.004162504106905799, -0.0010700407879882317], "ICML_2008": [-0.004076521587741243, -0.0010208654891793306], "ICML_2003": [-0.003993429832257775, -0.0009791048111321365], "ICML_2006": [-0.0040721780772866555, -0.0010238779053305662], "ICML_2000": [-0.003949681885473112, -0.0009902496720748516], "ICML_2007": [-0.004087864422101945, -0.001015987239098014], "ICML_2004": [-0.0040381923415067885, -0.0010083828525270881], "ICML_2009": [-0.00407139156762989, -0.0010135914363298803], "ICML_2012": [-0.004128081812191041, -0.001041218566189503], "ICML_1997": [-0.003398036804641058, -0.0007463122634100908], "ICML_2011": [-0.004103550010546102, -0.0010343783935987676], "ICML_1992": [-0.003625005094738609, -0.0008766504993934506], "ICML_1996": [-0.003580928920361707, -0.0008412335654998205], "ICML_1998": [-0.0036096146398391067, -0.0008496711693226582], "ICML_2015": [-0.00414968866455996, -0.0010564659102855795], "ICML_1994": [-0.003408063453908665, -0.000733843856313696], "ICML_1995": [-0.003751906587373441, -0.0009149843140764991], "ICML_1988": [-0.00326989921403822, -0.0007792362983158917], "ICML_1993": [-0.003335209833835687, -0.0007502796759870325], "ICML_2002": [-0.0037102509947253247, -0.000897162739905436], "ICML_1990": [-0.00346853172087358, -0.0007947686121184495], "ICML_2001": [-0.0037006222138575204, -0.0008910022410301628], "ICML_1999": [-0.0035256801862743083, -0.0008290393980448839], "ICML_1987": [-0.0005097295786393435, 9.270056844020618e-05], "ICML_1984": [0.0921607580771257, 0.05634421112666453], "NIPS_2015": [-0.004171851959610279, -0.001070372772577409], "NIPS_2002": [-0.004109689911051627, -0.001042773476294962], "NIPS_2012": [-0.0041634099381912685, -0.0010658768722365], "NIPS_2010": [-0.004145783492562126, -0.001057282844402233], "NIPS_1992": [-0.004008412600556217, -0.0010214335369755987], "NIPS_2016": [-0.004175417481982682, -0.001073677443899707], "NIPS_2005": [-0.004109035423910992, -0.001042682647286874], "NIPS_2014": [-0.0041687233322869575, -0.0010690767620486765], "NIPS_2008": [-0.004120345684477608, -0.0010484764057098277], "NIPS_1998": [-0.004058246211889811, -0.0010346527258615593], "NIPS_1999": [-0.004072925847223504, -0.0010321912250058339], "NIPS_1996": [-0.004039149711177133, -0.001026207994065348], "NIPS_2004": [-0.004097191469240309, -0.0010440743158557514], "NIPS_2017": [-0.00418193679172322, -0.0010788978362880834], "NIPS_1994": [-0.004036650195340617, -0.0010275379252327715], "NIPS_1990": [-0.003957187075958781, -0.001012041466752652], "NIPS_1989": [-0.003855850117178536, -0.0009877899879346414], "NIPS_2003": [-0.004108600614629583, -0.0010453623807331611], "NIPS_2013": [-0.004163378943075115, -0.0010667014775176185], "NIPS_2006": [-0.004108535934374461, -0.001046466579505271], "NIPS_1988": [-0.0038884606501081932, -0.0009832194490366922], "NIPS_2007": [-0.0041183650831672835, -0.001044588870820295], "NIPS_1997": [-0.0040506844665775575, -0.0010271839339806026], "NIPS_1991": [-0.004018312777299505, -0.0010242212514370715], "NIPS_2011": [-0.004146439660045379, -0.0010592901679874838], "NIPS_2009": [-0.004173657179428795, -0.001070836369904886], "NIPS_1995": [-0.004020287298378066, -0.001019984860649637], "NIPS_2018": [-0.003231403044482092, -0.0008724770700817039], "NIPS_2001": [-0.0040728596086705374, -0.001025181771482881], "NIPS_1993": [-0.003997501914048124, -0.001008792101931206], "NIPS_2000": [-0.004068689103241786, -0.001025716043947855], "NIPS_1987": [0.01034897496212123, 0.004544337950951479], "WSDM_2011": [-0.0036053212647287696, -0.001028991549918428], "WSDM_2016": [-0.003604671301270142, -0.0009201325909642704], "WSDM_2009": [-0.0029388172280354883, -0.0011275866810689984], "WSDM_2018": [-0.0037683217304699083, -0.0009266635332458028], "WSDM_2012": [-0.003559324468787502, -0.0009906086032326503], "WSDM_2017": [-0.0036844026021682985, -0.0009768236146912642], "WSDM_2014": [-0.003490758722168414, -0.0009603062063510199], "WSDM_2010": [-0.002936189812872639, -0.0010079547498553782], "WSDM_2013": [-0.0036355264364454137, -0.0009729321881131863], "WSDM_2015": [-0.003298129886682365, -0.0009076105991652379], "WSDM_2008": [-0.002260466754430694, -0.0007414742812257723], "CIKM_2008": [-0.004005778857239222, -0.0010675740472615555], "CIKM_2012": [-0.004090567268972085, -0.001069028193714614], "CIKM_2009": [-0.004074457081955858, -0.001070653917681104], "CIKM_2006": [-0.0038209353378685774, -0.0010439473019377013], "CIKM_2005": [-0.00389014530121592, -0.0010588588199724823], "CIKM_2013": [-0.004084043759890524, -0.0010682314493831054], "CIKM_2011": [-0.0040880513680803384, -0.0010740431717211206], "CIKM_2015": [-0.0040330837475382065, -0.001050446011211984], "CIKM_2003": [-0.0035994504853967707, -0.0010473762358318764], "CIKM_2010": [-0.004066702120690705, -0.0010701478332126998], "CIKM_2002": [-0.003709455205319622, -0.001035662110175449], "CIKM_1994": [-0.003457282103244283, -0.0009454430894216515], "CIKM_2007": [-0.003892986390807268, -0.0010612910017847245], "CIKM_2017": [-0.0040641869436035954, -0.001048807881188727], "CIKM_2016": [-0.004057700012028369, -0.001056522856853428], "CIKM_2014": [-0.004020285020263128, -0.0010518747890566054], "CIKM_1993": [-0.0036160108760265935, -0.0009965487748820057], "CIKM_1995": [-0.0032982174929442444, -0.0010011348324385314], "CIKM_2004": [-0.003719691838496946, -0.0010322465321505497], "CIKM_2001": [-0.0036814472773681046, -0.0010343032047967255], "CIKM_2000": [-0.0034929262334847445, -0.0010183578915295406], "CIKM_1997": [-0.003358304545510167, -0.0010694819928345868], "CIKM_1999": [-0.0036290411705748567, -0.001016954338038693], "CIKM_1998": [-0.0031455916956111374, -0.0009031625307882963], "CIKM_1992": [-0.002200750351304855, -0.0007042188586651645], "CIKM_1996": [-0.0032988774848289955, -0.0008747067626701963], "ICWSM_2007": [-0.003360679956473766, -0.0009011505742822982], "ICWSM_2008": [-0.0032619249377060676, -0.0008701563638601312], "ICWSM_2017": [-0.003638289663992147, -0.0009448601182145926], "ICWSM_2015": [-0.0034635105083792228, -0.0008051334427708545], "ICWSM_2012": [-0.0038708216911852267, -0.0009857138069947063], "ICWSM_2010": [-0.0035927058595353212, -0.0009557566904676958], "ICWSM_2011": [-0.0038795030588983136, -0.0009681477083877016],