{"cheng-soon-ong_2007": [-1.171316385269165, 0.006530825048685074], "cheng-soon-ong_2015": [-1.2536002397537231, 0.016992907971143723], "cheng-soon-ong_2016": [-0.17782801389694214, 0.5185208320617676], "cheng-soon-ong_2008": [-1.5040903091430664, 0.35475587844848633], "cheng-soon-ong_2005": [-1.3575371503829956, 0.5370185971260071], "cheng-soon-ong_2009": [0.29136165976524353, 0.9781568646430969], "cheng-soon-ong_2014": [1.103807806968689, 1.353212833404541], "cheng-soon-ong_2017": [-1.1500056982040405, -0.7831322550773621], "cheng-soon-ong_2006": [-1.0467970371246338, -0.0260827224701643], "cheng-soon-ong_2003": [-1.557949423789978, 0.6424603462219238], "cheng-soon-ong_2004": [0.31204208731651306, -2.392394542694092], "cheng-soon-ong_2012": [-0.8244141340255737, 0.949429452419281], "cheng-soon-ong_2010": [-1.1326154470443726, 0.4251576364040375], "cheng-soon-ong_2013": [-0.7806864380836487, 0.16324397921562195], "cheng-soon-ong_2011": [-1.553140640258789, -0.11503666639328003], "cheng-soon-ong_2018": [-1.5400108098983765, 0.35989367961883545], "cheng-soon-ong_2002": [-2.030853271484375, -0.029358135536313057], "robert-c-williamson_2014": [-0.3503514528274536, 0.7291326522827148], "robert-c-williamson_2007": [-1.6100971698760986, -0.49779319763183594], "robert-c-williamson_2002": [-0.024471933022141457, 0.6624923348426819], "robert-c-williamson_1998": [-0.06392523646354675, 0.7023820877075195], "robert-c-williamson_1999": [0.4340013563632965, 0.3894394040107727], "robert-c-williamson_2001": [0.12445474416017532, 0.6047137379646301], "robert-c-williamson_2006": [-1.2028249502182007, 0.30678725242614746], "robert-c-williamson_1996": [0.42094433307647705, 0.6857990026473999], "robert-c-williamson_1988": [1.1020475625991821, 1.4694303274154663], "robert-c-williamson_2011": [-0.6929091811180115, 1.0014234781265259], "robert-c-williamson_2003": [0.031075840815901756, 0.05022319778800011], "robert-c-williamson_1994": [0.36497312784194946, 1.0380334854125977], "robert-c-williamson_1993": [0.24724313616752625, 1.1327906847000122], "robert-c-williamson_2000": [0.3573013246059418, 0.5985375642776489], "robert-c-williamson_1992": [0.3783710300922394, -2.038408041000366], "robert-c-williamson_1991": [-0.05700134485960007, 0.8502417206764221], "robert-c-williamson_2015": [-0.17013049125671387, 0.9112222194671631], "robert-c-williamson_2010": [-0.26291826367378235, 1.5903972387313843], "robert-c-williamson_1995": [0.42119213938713074, 0.7254666686058044], "robert-c-williamson_2018": [0.4202424883842468, -2.0853230953216553], "robert-c-williamson_2005": [-1.0668545961380005, 0.8050934076309204], "robert-c-williamson_2016": [-0.9305217266082764, 1.1890827417373657], "robert-c-williamson_1997": [0.28866711258888245, 0.9766677021980286], "robert-c-williamson_1990": [0.493545264005661, -1.5154926776885986], "robert-c-williamson_2017": [0.2679692506790161, -1.7804136276245117], "robert-c-williamson_2009": [-0.2984391450881958, 1.5019683837890625], "robert-c-williamson_2008": [0.1444905400276184, 1.6994084119796753], "robert-c-williamson_2012": [-0.6708486080169678, 1.0403956174850464], "robert-c-williamson_1985": [0.2276373654603958, 1.9067416191101074], "robert-c-williamson_1987": [1.4841750860214233, 1.527317762374878], "robert-c-williamson_2004": [-1.5092509984970093, 0.9021417498588562], "alexander-j-smola_1998": [0.06787075847387314, 0.6195859909057617], "alexander-j-smola_2007": [0.48725947737693787, -0.16455279290676117], "alexander-j-smola_2005": [0.19160263240337372, 0.33553066849708557], "alexander-j-smola_1999": [-0.050365958362817764, 0.4796793758869171], "alexander-j-smola_2010": [0.10804024338722229, -0.31585174798965454], "alexander-j-smola_2004": [-0.1730346977710724, 0.6809370517730713], "alexander-j-smola_2018": [-1.1867214441299438, -0.6526418924331665], "alexander-j-smola_2003": [0.1840607076883316, 0.5181544423103333], "alexander-j-smola_2006": [0.16912299394607544, 0.43693408370018005], "alexander-j-smola_2016": [0.20430900156497955, -0.013223189860582352], "alexander-j-smola_2000": [0.7201156616210938, 0.1566714346408844], "alexander-j-smola_1992": [-2.1147005558013916, -0.01896132528781891], "alexander-j-smola_2001": [0.24462585151195526, 0.47819045186042786], "alexander-j-smola_2008": [-0.171166330575943, -0.16471995413303375], "alexander-j-smola_2017": [-0.10779494047164917, -0.3438207507133484], "alexander-j-smola_2009": [0.12940223515033722, 0.0101445522159338], "alexander-j-smola_2013": [-0.34079381823539734, -0.5269200205802917], "alexander-j-smola_2014": [-0.28407832980155945, -0.5223170518875122], "alexander-j-smola_2012": [-0.24075648188591003, -0.3063637614250183], "alexander-j-smola_2015": [0.0843898206949234, -0.2513996362686157], "alexander-j-smola_2011": [-0.6080795526504517, -0.4836108088493347], "alexander-j-smola_2002": [-0.20533211529254913, 0.4766801595687866], "alexander-j-smola_1997": [-1.1323535442352295, 0.33337119221687317], "alexander-j-smola_1995": [-43.340110778808594, -32.65119552612305], "alexander-j-smola_1996": [-1.4572347402572632, 0.6567949056625366], "christopher-d-manning_2003": [-0.017841029912233353, -0.8374773263931274], "christopher-d-manning_2014": [0.667873740196228, -0.6854625344276428], "christopher-d-manning_2017": [-0.21944773197174072, -1.100361943244934], "christopher-d-manning_2007": [-0.9861043691635132, -0.9416605234146118], "christopher-d-manning_2008": [1.4100128412246704, -1.0790787935256958], "christopher-d-manning_2013": [0.1491786688566208, -0.8201950192451477], "christopher-d-manning_2016": [-0.5336906313896179, -1.1493405103683472], "christopher-d-manning_2000": [-0.8012971878051758, -1.4621965885162354], "christopher-d-manning_2010": [-0.2012864649295807, -0.9617119431495667], "christopher-d-manning_2006": [-0.3378613293170929, -1.1269248723983765], "christopher-d-manning_2005": [0.15993118286132812, -0.6885597705841064], "christopher-d-manning_2002": [-0.21818716824054718, -1.072209119796753], "christopher-d-manning_2009": [0.10407498478889465, -0.9448933005332947], "christopher-d-manning_1995": [0.3412759304046631, 1.4928529262542725], "christopher-d-manning_2012": [-0.1455969512462616, -0.9627712965011597], "christopher-d-manning_1998": [-0.6800678372383118, -1.5840685367584229], "christopher-d-manning_2011": [-0.1478138417005539, -0.855319619178772], "christopher-d-manning_1996": [0.8606259226799011, -2.4416379928588867], "christopher-d-manning_2004": [-0.15906600654125214, -0.8800670504570007], "christopher-d-manning_2015": [-0.13434860110282898, -1.0269899368286133], "christopher-d-manning_2001": [-0.8912195563316345, -1.242307186126709], "christopher-d-manning_1999": [-0.7009499669075012, -1.6425893306732178], "christopher-d-manning_2018": [-1.553152322769165, -1.3003605604171753], "christopher-d-manning_1993": [-1.1760741472244263, -1.7703547477722168], "richard-socher_2014": [-1.3870230913162231, -1.0089445114135742], "richard-socher_2013": [-0.9867976307868958, -1.165557861328125], "richard-socher_2012": [-1.3456904888153076, -1.2476071119308472], "richard-socher_2011": [-1.4534519910812378, -0.24197597801685333], "richard-socher_2016": [-1.280862808227539, -1.4238173961639404], "richard-socher_2017": [-0.41693317890167236, -0.8985888957977295], "richard-socher_2018": [-0.2358296811580658, -0.7668061256408691], "richard-socher_2009": [-1.7031179666519165, -0.6904495358467102], "richard-socher_2010": [-1.7422510385513306, -0.4227781593799591], "richard-socher_2015": [-1.6871180534362793, -1.4663922786712646], "andrew-y-ng_2010": [-0.03642833232879639, -0.7453165650367737], "andrew-y-ng_2001": [-0.34385061264038086, 0.9004684686660767], "andrew-y-ng_2012": [-0.5463595390319824, -0.7863836884498596], "andrew-y-ng_1998": [-1.3005348443984985, -0.025376077741384506], "andrew-y-ng_2008": [-0.08274810761213303, -0.6697017550468445], "andrew-y-ng_2011": [0.0628175139427185, -0.5875555276870728], "andrew-y-ng_2009": [0.8081812858581543, -0.36542224884033203],