{"cheng-soon-ong_2007": [-16.389448165893555, 7.828937530517578], "cheng-soon-ong_2015": [-15.818544387817383, 5.610668659210205], "cheng-soon-ong_2016": [-14.964984893798828, 1.3305602073669434], "cheng-soon-ong_2008": [-16.452030181884766, 9.27710247039795], "cheng-soon-ong_2005": [-16.293764114379883, 7.195611476898193], "cheng-soon-ong_2009": [-17.89409065246582, 11.614346504211426], "cheng-soon-ong_2014": [-17.168947219848633, 14.511220932006836], "cheng-soon-ong_2017": [-15.13326358795166, 1.6301186084747314], "cheng-soon-ong_2006": [-16.424808502197266, 8.57082748413086], "cheng-soon-ong_2003": [-16.550235748291016, 5.2632365226745605], "cheng-soon-ong_2004": [-16.612579345703125, 4.679141521453857], "cheng-soon-ong_2012": [-18.5433406829834, 7.100249767303467], "cheng-soon-ong_2010": [-15.706857681274414, 6.250687599182129], "cheng-soon-ong_2013": [-16.452877044677734, 11.177655220031738], "cheng-soon-ong_2011": [-19.041921615600586, 7.126152515411377], "cheng-soon-ong_2018": [4.083238124847412, 3.0500473976135254], "cheng-soon-ong_2002": [-14.863106727600098, 6.038410186767578], "ICML_2005": [-9.375885963439941, -2.8494584560394287], "ICML_2010": [-7.998128890991211, -3.4670236110687256], "ICML_1989": [-3.7854485511779785, -10.900984764099121], "ICML_1991": [-3.81514048576355, -10.869291305541992], "ICML_2016": [-3.9249424934387207, -3.3974287509918213], "ICML_2014": [-6.460486888885498, -4.256077766418457], "ICML_2017": [-0.306551992893219, -1.496062994003296], "ICML_2013": [-5.916821479797363, -3.792755126953125], "ICML_2018": [-0.7848543524742126, -1.3573920726776123], "ICML_2008": [-10.358619689941406, -3.1261627674102783], "ICML_2003": [-11.790678977966309, -1.8579611778259277], "ICML_2006": [-9.924004554748535, -2.6820530891418457], "ICML_2000": [-10.95209789276123, -1.564195990562439], "ICML_2007": [-10.376690864562988, -2.973446846008301], "ICML_2004": [-10.97414493560791, -2.099710702896118], "ICML_2009": [-10.97614574432373, -3.261686325073242], "ICML_2012": [-8.121538162231445, -3.919569492340088], "ICML_1997": [-14.50833511352539, -0.35441866517066956], "ICML_2011": [-7.345401287078857, -4.0776753425598145], "ICML_1992": [-4.668008804321289, -13.097289085388184], "ICML_1996": [-13.630332946777344, -1.715977430343628], "ICML_1998": [-13.95408821105957, -1.1762230396270752], "ICML_2015": [-4.883877754211426, -3.631497859954834], "ICML_1994": [-5.088306427001953, -13.38354206085205], "ICML_1995": [-4.606226921081543, -11.200640678405762], "ICML_1988": [-4.021955966949463, -13.189959526062012], "ICML_1993": [-4.86345100402832, -13.563652038574219], "ICML_2002": [-12.88286304473877, -1.295629620552063], "ICML_1990": [-4.564994812011719, -13.635793685913086], "ICML_2001": [-13.245367050170898, -1.2493795156478882], "ICML_1999": [-14.310298919677734, -0.3224245309829712], "ICML_1987": [-3.9724485874176025, -14.858214378356934], "ICML_1984": [3.784916400909424, 1.1757822036743164], "NIPS_2015": [-3.9157931804656982, -2.826498508453369], "NIPS_2002": [-10.637314796447754, -6.62354040145874], "NIPS_2012": [-5.18356990814209, -2.647071361541748], "NIPS_2010": [-6.2860870361328125, -3.0673208236694336], "NIPS_1992": [-12.886698722839355, -9.187487602233887], "NIPS_2016": [-1.2323317527770996, -1.7910274267196655], "NIPS_2005": [-9.312836647033691, -5.751039028167725], "NIPS_2014": [-4.531188488006592, -2.686295509338379], "NIPS_2008": [-8.359428405761719, -4.733356475830078], "NIPS_1998": [-11.597846031188965, -8.061140060424805], "NIPS_1999": [-11.504805564880371, -7.479681015014648], "NIPS_1996": [-12.928261756896973, -7.916071891784668], "NIPS_2004": [-10.091700553894043, -5.683325290679932], "NIPS_2017": [-0.13915866613388062, -1.3751894235610962], "NIPS_1994": [-12.34994888305664, -8.483266830444336], "NIPS_1990": [-12.386940002441406, -9.32241439819336], "NIPS_1989": [-11.72058391571045, -10.437764167785645], "NIPS_2003": [-10.094619750976562, -6.544278621673584], "NIPS_2013": [-5.342254161834717, -3.0937700271606445], "NIPS_2006": [-9.617461204528809, -5.680173397064209], "NIPS_1988": [-11.44938850402832, -10.96582317352295], "NIPS_2007": [-8.990362167358398, -5.0566086769104], "NIPS_1997": [-13.07564926147461, -8.224042892456055], "NIPS_1991": [-11.914205551147461, -9.142709732055664], "NIPS_2011": [-6.34865665435791, -3.3479342460632324], "NIPS_2009": [-4.512026309967041, -2.0822863578796387], "NIPS_1995": [-13.904094696044922, -8.254700660705566], "NIPS_2018": [3.506587505340576, 2.9164676666259766], "NIPS_2001": [-12.145170211791992, -7.2377142906188965], "NIPS_1993": [-13.698629379272461, -8.752948760986328], "NIPS_2000": [-12.361523628234863, -7.590336322784424], "NIPS_1987": [31.100797653198242, 107.12316131591797], "WSDM_2011": [22.75470733642578, -13.117254257202148], "WSDM_2016": [21.414690017700195, -12.602331161499023], "WSDM_2009": [24.326751708984375, -14.227105140686035], "WSDM_2018": [20.90753173828125, -11.943906784057617], "WSDM_2012": [22.58755874633789, -13.073285102844238], "WSDM_2017": [21.460824966430664, -12.360432624816895], "WSDM_2014": [22.078413009643555, -13.116365432739258], "WSDM_2010": [24.286792755126953, -14.327399253845215], "WSDM_2013": [21.281633377075195, -12.444562911987305], "WSDM_2015": [22.55364227294922, -13.68274211883545], "WSDM_2008": [24.032867431640625, -15.346541404724121], "CIKM_2008": [20.77812385559082, -7.321249485015869], "CIKM_2012": [17.998435974121094, -7.289671421051025], "CIKM_2009": [19.191503524780273, -7.253896713256836], "CIKM_2006": [23.470918655395508, -6.934962272644043], "CIKM_2005": [22.76959228515625, -6.938705921173096], "CIKM_2013": [17.68836784362793, -7.228344440460205], "CIKM_2011": [18.4088077545166, -7.231871128082275], "CIKM_2015": [18.814517974853516, -8.104720115661621], "CIKM_2003": [24.986377716064453, -6.696149826049805], "CIKM_2010": [19.01691436767578, -7.12528133392334], "CIKM_2002": [25.257038116455078, -6.288039684295654], "CIKM_1994": [27.891151428222656, -4.876105785369873], "CIKM_2007": [22.76793670654297, -6.973351001739502], "CIKM_2017": [17.231407165527344, -7.937994003295898], "CIKM_2016": [18.088611602783203, -7.951141357421875], "CIKM_2014": [19.58022117614746, -7.94931173324585], "CIKM_1993": [26.589027404785156, -5.03141450881958], "CIKM_1995": [27.800939559936523, -4.847051620483398], "CIKM_2004": [24.106033325195312, -6.872604846954346], "CIKM_2001": [25.97612953186035, -6.029368877410889], "CIKM_2000": [26.942777633666992, -6.048351287841797], "CIKM_1997": [26.22952651977539, -5.378020763397217], "CIKM_1999": [26.010282516479492, -5.795408725738525], "CIKM_1998": [28.290197372436523, -5.582614421844482], "CIKM_1992": [28.98398208618164, -4.5438551902771], "CIKM_1996": [27.88105010986328, -5.1898884773254395], "ICWSM_2007": [16.06688117980957, -15.25827407836914], "ICWSM_2008": [18.037723541259766, -15.792315483093262], "ICWSM_2017": [17.432641983032227, -13.299978256225586], "ICWSM_2015": [18.37320327758789, -15.032121658325195], "ICWSM_2012": [17.564048767089844, -13.251623153686523], "ICWSM_2010": [17.455915451049805, -14.374930381774902], "ICWSM_2011": [17.788511276245117, -13.042032241821289], "ICWSM_2014": [18.304210662841797, -14.815529823303223], "ICWSM_2013": [17.688867568969727, -13.469401359558105], "ICWSM_2009": [16.910608291625977, -14.95185375213623], "ICWSM_2016": [17.873397827148438, -13.865898132324219], "ICWSM_2006": [24.053813934326172, -15.92823314666748], "WWW_2001": [19.382022857666016, -1.8002285957336426], "WWW_2016": [16.698366165161133, -6.963207244873047], "WWW_2012": [17.293527603149414, -6.318345069885254], "WWW_2008": [19.536956787109375, -4.33241605758667], "WWW_2009": [20.245332717895508, -4.658321380615234], "WWW_1998": [18.934505462646484, -0.0024734826292842627], "WWW_2007": [19.61034393310547, -3.679307460784912], "WWW_2005": [19.778884887695312, -3.1728293895721436], "WWW_2011": [19.396791458129883, -5.076249122619629], "WWW_2015": [15.996805191040039, -6.613572120666504],