{"cheng-soon-ong_2007": [11.231098175048828, -0.423725962638855], "cheng-soon-ong_2015": [9.358100891113281, -2.324878692626953], "cheng-soon-ong_2016": [5.255583763122559, -10.906960487365723], "cheng-soon-ong_2008": [12.873048782348633, 0.4730079472064972], "cheng-soon-ong_2005": [11.159041404724121, -1.647087574005127], "cheng-soon-ong_2009": [15.000409126281738, 1.8951449394226074], "cheng-soon-ong_2014": [18.097984313964844, 3.673431873321533], "cheng-soon-ong_2017": [5.1677093505859375, -10.091832160949707], "cheng-soon-ong_2006": [11.932316780090332, 0.04157635197043419], "cheng-soon-ong_2003": [10.307645797729492, -3.1562983989715576], "cheng-soon-ong_2004": [9.645883560180664, -3.9437901973724365], "cheng-soon-ong_2012": [9.341958045959473, 1.8377783298492432], "cheng-soon-ong_2010": [9.510690689086914, -1.2366255521774292], "cheng-soon-ong_2013": [14.199734687805176, 3.6850383281707764], "cheng-soon-ong_2011": [9.043025970458984, 2.6377437114715576], "cheng-soon-ong_2018": [-9.619523048400879, -53.00182342529297], "cheng-soon-ong_2002": [8.292743682861328, -1.4603456258773804], "ICML_2005": [-2.2492682933807373, -18.3718204498291], "ICML_2010": [-6.019250869750977, -21.687389373779297], "ICML_1989": [7.383861064910889, -16.729297637939453], "ICML_1991": [7.3189520835876465, -16.69272804260254], "ICML_2016": [-6.169856071472168, -28.013935089111328], "ICML_2014": [-5.991160869598389, -24.10432243347168], "ICML_2017": [-5.270838737487793, -34.3613395690918], "ICML_2013": [-6.601078033447266, -24.946916580200195], "ICML_2018": [-6.210604190826416, -34.45846176147461], "ICML_2008": [-2.1624858379364014, -16.939945220947266], "ICML_2003": [0.8176851272583008, -16.057161331176758], "ICML_2006": [-1.7511138916015625, -17.777889251708984], "ICML_2000": [0.488220751285553, -17.2376708984375], "ICML_2007": [-1.732590675354004, -16.98353385925293], "ICML_2004": [-0.21498966217041016, -16.839017868041992], "ICML_2009": [-2.189046859741211, -16.088064193725586], "ICML_2012": [-6.350214004516602, -21.243362426757812], "ICML_1997": [4.96480131149292, -12.858121871948242], "ICML_2011": [-6.896714687347412, -22.562685012817383], "ICML_1992": [10.735254287719727, -16.421531677246094], "ICML_1996": [4.448048114776611, -15.24382495880127], "ICML_1998": [4.930917263031006, -14.475869178771973], "ICML_2015": [-6.347667694091797, -26.724151611328125], "ICML_1994": [11.177842140197754, -15.727238655090332], "ICML_1995": [7.294468879699707, -15.516694068908691], "ICML_1988": [10.744470596313477, -17.31611442565918], "ICML_1993": [11.58445930480957, -16.115520477294922], "ICML_2002": [3.071382522583008, -14.860566139221191], "ICML_1990": [11.598567962646484, -16.799592971801758], "ICML_2001": [3.6133129596710205, -14.681194305419922], "ICML_1999": [5.396852970123291, -13.275814056396484], "ICML_1987": [13.121305465698242, -17.31743812561035], "ICML_1984": [-8.853437423706055, -53.9325065612793], "NIPS_2015": [-6.9759063720703125, -28.1701717376709], "NIPS_2002": [-10.442907333374023, -17.37281036376953], "NIPS_2012": [-8.03414535522461, -26.647043228149414], "NIPS_2010": [-7.8443708419799805, -24.9207820892334], "NIPS_1992": [-15.748445510864258, -13.731463432312012], "NIPS_2016": [-5.645439624786377, -33.57710266113281], "NIPS_2005": [-9.128185272216797, -19.02964973449707], "NIPS_2014": [-7.613317012786865, -27.525407791137695], "NIPS_2008": [-7.605977535247803, -20.27517318725586], "NIPS_1998": [-13.516617774963379, -15.386502265930176], "NIPS_1999": [-12.70029354095459, -15.495685577392578], "NIPS_1996": [-13.838608741760254, -13.532464981079102], "NIPS_2004": [-8.97369384765625, -17.9534854888916], "NIPS_2017": [-5.260522842407227, -34.63758087158203], "NIPS_1994": [-14.561466217041016, -14.336405754089355], "NIPS_1990": [-16.022335052490234, -14.551201820373535], "NIPS_1989": [-17.136573791503906, -15.758646011352539], "NIPS_2003": [-10.093480110168457, -18.07492446899414], "NIPS_2013": [-7.384368419647217, -26.14733123779297], "NIPS_2006": [-8.659024238586426, -18.535572052001953], "NIPS_1988": [-17.713926315307617, -16.33671760559082], "NIPS_2007": [-8.133807182312012, -19.522829055786133], "NIPS_1997": [-14.277254104614258, -13.167254447937012], "NIPS_1991": [-15.678382873535156, -15.057793617248535], "NIPS_2011": [-7.413372039794922, -24.643251419067383], "NIPS_2009": [-8.529367446899414, -27.727495193481445], "NIPS_1995": [-14.38870906829834, -11.845212936401367], "NIPS_2018": [-10.547706604003906, -53.570648193359375], "NIPS_2001": [-12.515138626098633, -14.62688159942627], "NIPS_1993": [-15.025979995727539, -12.117209434509277], "NIPS_2000": [-13.076348304748535, -14.308238983154297], "NIPS_1987": [-15.188675880432129, -8.096267700195312], "WSDM_2011": [-22.94127082824707, 13.08066463470459], "WSDM_2016": [-25.131383895874023, 13.34791088104248], "WSDM_2009": [-21.001270294189453, 11.266319274902344], "WSDM_2018": [-26.083898544311523, 14.165642738342285], "WSDM_2012": [-23.2965145111084, 13.412918090820312], "WSDM_2017": [-25.143218994140625, 13.980826377868652], "WSDM_2014": [-24.04646110534668, 12.977226257324219], "WSDM_2010": [-21.076169967651367, 11.09327507019043], "WSDM_2013": [-25.550912857055664, 13.562703132629395], "WSDM_2015": [-23.3016357421875, 12.224213600158691], "WSDM_2008": [-21.46230125427246, 9.818775177001953], "CIKM_2008": [-29.118263244628906, 25.139602661132812], "CIKM_2012": [-32.87690734863281, 24.961036682128906], "CIKM_2009": [-31.070472717285156, 25.329004287719727], "CIKM_2006": [-24.7045841217041, 26.6043643951416], "CIKM_2005": [-25.70216941833496, 26.392534255981445], "CIKM_2013": [-33.24436569213867, 24.451353073120117], "CIKM_2011": [-32.26610565185547, 25.184574127197266], "CIKM_2015": [-31.256975173950195, 23.53622055053711], "CIKM_2003": [-22.753318786621094, 27.352148056030273], "CIKM_2010": [-31.34029197692871, 24.926443099975586], "CIKM_2002": [-21.96426010131836, 27.370107650756836], "CIKM_1994": [-17.684526443481445, 29.125919342041016], "CIKM_2007": [-25.672273635864258, 26.38129997253418], "CIKM_2017": [-33.32157516479492, 22.95855712890625], "CIKM_2016": [-32.412353515625, 23.733556747436523], "CIKM_2014": [-30.31580352783203, 23.951496124267578], "CIKM_1993": [-19.24660301208496, 27.526626586914062], "CIKM_1995": [-17.885202407836914, 28.650911331176758], "CIKM_2004": [-23.84941864013672, 26.85167694091797], "CIKM_2001": [-21.03809356689453, 27.990808486938477], "CIKM_2000": [-20.189958572387695, 28.888690948486328], "CIKM_1997": [-19.980152130126953, 27.45821762084961], "CIKM_1999": [-20.705411911010742, 27.591325759887695], "CIKM_1998": [-18.326555252075195, 30.1151123046875], "CIKM_1992": [-16.712862014770508, 30.11016082763672], "CIKM_1996": [-18.36301040649414, 29.21490478515625], "ICWSM_2007": [-28.370609283447266, 9.650979042053223], "ICWSM_2008": [-31.071550369262695, 10.515506744384766], "ICWSM_2017": [-31.53434181213379, 7.011026859283447], "ICWSM_2015": [-31.890260696411133, 9.652445793151855], "ICWSM_2012": [-30.94976806640625, 6.804644584655762], "ICWSM_2010": [-30.321651458740234, 8.596503257751465], "ICWSM_2011": [-30.307401657104492, 6.982667446136475], "ICWSM_2014": [-31.7718448638916, 9.23965072631836], "ICWSM_2013": [-30.946556091308594, 7.420633316040039], "ICWSM_2009": [-29.367368698120117, 9.267074584960938], "ICWSM_2016": [-31.39954376220703, 7.96332311630249], "ICWSM_2006": [-21.63007926940918, 8.976067543029785], "WWW_2001": [-33.80376052856445, 34.85230255126953], "WWW_2016": [-35.421722412109375, 23.98921012878418], "WWW_2012": [-35.09121322631836, 25.054506301879883], "WWW_2008": [-33.22863006591797, 31.076190948486328], "WWW_2009": [-32.14173889160156, 30.749696731567383], "WWW_1998": [-33.2190055847168, 37.288516998291016], "WWW_2007": [-33.57797622680664, 32.07114028930664], "WWW_2005": [-33.4317741394043, 32.96732711791992], "WWW_2011": [-32.911380767822266, 29.936555862426758], "WWW_2015": [-36.705909729003906, 23.854930877685547],