{"cheng-soon-ong_2007": [4.251982688903809, -5.442265510559082], "cheng-soon-ong_2015": [5.144528865814209, -5.233572006225586], "cheng-soon-ong_2016": [4.502476215362549, -3.5022313594818115], "cheng-soon-ong_2008": [3.6990292072296143, -6.1353535652160645], "cheng-soon-ong_2005": [4.638063430786133, -5.522856712341309], "cheng-soon-ong_2009": [-8.034126281738281, -3.5596752166748047], "cheng-soon-ong_2014": [-7.111950874328613, -2.692460536956787], "cheng-soon-ong_2017": [4.561356067657471, -3.2913753986358643], "cheng-soon-ong_2006": [3.921577215194702, -5.776735305786133], "cheng-soon-ong_2003": [5.370280742645264, -5.442275524139404], "cheng-soon-ong_2004": [5.6033616065979, -5.444447994232178], "cheng-soon-ong_2012": [3.957789182662964, -4.391234397888184], "cheng-soon-ong_2010": [4.747955322265625, -5.1211957931518555], "cheng-soon-ong_2013": [3.289531946182251, -5.499838829040527], "cheng-soon-ong_2011": [3.769906520843506, -4.179171562194824], "cheng-soon-ong_2018": [-0.48654061555862427, -0.839194118976593], "cheng-soon-ong_2002": [4.998143672943115, -5.031991481781006], "ICML_2005": [2.1241681575775146, 2.0621964931488037], "ICML_2010": [1.5671650171279907, 1.7673399448394775], "ICML_1989": [5.019375801086426, 1.6837283372879028], "ICML_1991": [4.983776092529297, 1.7288981676101685], "ICML_2016": [0.32347944378852844, 1.0521636009216309], "ICML_2014": [1.147341251373291, 1.5239193439483643], "ICML_2017": [-0.06038866564631462, 0.21540513634681702], "ICML_2013": [0.9226138591766357, 1.4172641038894653], "ICML_2018": [-0.049213655292987823, 0.3845159411430359], "ICML_2008": [2.3065342903137207, 2.4608614444732666], "ICML_2003": [3.2115285396575928, 2.6065762042999268], "ICML_2006": [2.2382898330688477, 2.353524684906006], "ICML_2000": [2.9480230808258057, 2.283588409423828], "ICML_2007": [2.326625108718872, 2.482320547103882], "ICML_2004": [2.707326650619507, 2.6384804248809814], "ICML_2009": [2.50342059135437, 2.6679296493530273], "ICML_2012": [1.5457512140274048, 1.9132403135299683], "ICML_1997": [4.659546375274658, 2.7034189701080322], "ICML_2011": [1.347030758857727, 1.7047038078308105], "ICML_1992": [6.242142200469971, 2.009532928466797], "ICML_1996": [4.228043079376221, 2.438448667526245], "ICML_1998": [4.526556491851807, 2.4769060611724854], "ICML_2015": [0.5628278255462646, 1.2171505689620972], "ICML_1994": [6.300046920776367, 2.0435478687286377], "ICML_1995": [5.150405406951904, 2.1042697429656982], "ICML_1988": [6.227413654327393, 1.8510774374008179], "ICML_1993": [6.35237455368042, 2.0011935234069824], "ICML_2002": [3.854372978210449, 2.5510196685791016], "ICML_1990": [6.360943794250488, 1.988396167755127], "ICML_2001": [4.0573601722717285, 2.5994954109191895], "ICML_1999": [4.675023078918457, 2.625663995742798], "ICML_1987": [6.9373860359191895, 1.6222410202026367], "ICML_1984": [-0.11448267102241516, -1.2128055095672607], "NIPS_2015": [0.43540439009666443, 0.7850608229637146], "NIPS_2002": [1.3010190725326538, 3.0863420963287354], "NIPS_2012": [0.7249643206596375, 0.9699152708053589], "NIPS_2010": [0.8087254762649536, 1.56955087184906], "NIPS_1992": [0.9330869317054749, 4.209936141967773], "NIPS_2016": [0.12770040333271027, 0.43643718957901], "NIPS_2005": [1.2512753009796143, 2.547820806503296], "NIPS_2014": [0.511950671672821, 0.8222013115882874], "NIPS_2008": [1.2684086561203003, 2.124946117401123], "NIPS_1998": [1.1203937530517578, 3.669387102127075], "NIPS_1999": [1.31960129737854, 3.5567781925201416], "NIPS_1996": [1.3321064710617065, 4.059874057769775], "NIPS_2004": [1.4611932039260864, 2.77584171295166], "NIPS_2017": [-0.11834417283535004, 0.15166155993938446], "NIPS_1994": [-3.7276105880737305, -0.05910622701048851], "NIPS_1990": [0.8370351195335388, 4.133049011230469], "NIPS_1989": [0.20641295611858368, 4.095940589904785], "NIPS_2003": [1.0794289112091064, 2.9102346897125244], "NIPS_2013": [0.6734262704849243, 1.2251367568969727], "NIPS_2006": [1.2765804529190063, 2.6309423446655273], "NIPS_1988": [-0.22115547955036163, 4.0588297843933105], "NIPS_2007": [1.3195617198944092, 2.3383584022521973], "NIPS_1997": [1.3107134103775024, 4.1488871574401855], "NIPS_1991": [0.7872580289840698, 3.9886465072631836], "NIPS_2011": [0.8335686922073364, 1.5839546918869019], "NIPS_2009": [0.5646357536315918, 0.5314054489135742], "NIPS_1995": [1.3526021242141724, 4.440878391265869], "NIPS_2018": [-0.718444287776947, -0.6856532096862793], "NIPS_2001": [1.4884461164474487, 3.684457540512085], "NIPS_1993": [1.326691746711731, 4.392186164855957], "NIPS_2000": [1.4532228708267212, 3.811232089996338], "NIPS_1987": [-78.52802276611328, 2.370565176010132], "WSDM_2011": [0.41312122344970703, -5.322625637054443], "WSDM_2016": [0.37200435996055603, -4.766025066375732], "WSDM_2009": [0.6738166809082031, -6.269423007965088], "WSDM_2018": [0.19804859161376953, -4.2880988121032715], "WSDM_2012": [0.4427163004875183, -5.246196746826172], "WSDM_2017": [0.29720401763916016, -4.752928256988525], "WSDM_2014": [0.4175701141357422, -5.122049331665039], "WSDM_2010": [0.6600489616394043, -6.297387599945068], "WSDM_2013": [0.3602310121059418, -4.685038089752197], "WSDM_2015": [0.449083149433136, -5.392935276031494], "WSDM_2008": [0.5436571836471558, -6.625028610229492], "CIKM_2008": [-2.1122066974639893, 1.573467493057251], "CIKM_2012": [-1.2115651369094849, 0.5494595170021057], "CIKM_2009": [-1.5525950193405151, 0.9494383931159973], "CIKM_2006": [-2.951540231704712, 2.3986990451812744], "CIKM_2005": [-2.7504494190216064, 2.0702381134033203], "CIKM_2013": [-1.2342448234558105, 0.5719739198684692], "CIKM_2011": [-1.2697919607162476, 0.6891778707504272], "CIKM_2015": [-1.2442858219146729, 1.1736927032470703], "CIKM_2003": [-3.3311288356781006, 3.0646209716796875], "CIKM_2010": [-1.5715535879135132, 0.8833671808242798], "CIKM_2002": [-3.4064548015594482, 3.1662135124206543], "CIKM_1994": [-3.9410400390625, 4.397946834564209], "CIKM_2007": [-2.729696750640869, 2.0638039112091064], "CIKM_2017": [-0.8963893055915833, 0.7996771931648254], "CIKM_2016": [-1.151266098022461, 0.8868377208709717], "CIKM_2014": [-1.5294406414031982, 1.3202718496322632], "CIKM_1993": [-3.7422943115234375, 3.8985977172851562], "CIKM_1995": [-3.9351513385772705, 4.381176471710205], "CIKM_2004": [-3.1011877059936523, 2.671616315841675], "CIKM_2001": [-3.5635900497436523, 3.508650779724121], "CIKM_2000": [-3.7226521968841553, 3.877521514892578], "CIKM_1997": [-3.653994083404541, 3.6767795085906982], "CIKM_1999": [-3.594362258911133, 3.547274112701416], "CIKM_1998": [-3.9587230682373047, 4.451812267303467], "CIKM_1992": [-4.131656646728516, 4.800619125366211], "CIKM_1996": [-3.930971384048462, 4.376551628112793], "ICWSM_2007": [1.637176275253296, -4.662987232208252], "ICWSM_2008": [1.8625788688659668, -4.084719657897949], "ICWSM_2017": [1.211519479751587, -3.4092867374420166], "ICWSM_2015": [1.6715441942214966, -3.889200210571289], "ICWSM_2012": [1.1896898746490479, -3.411282777786255], "ICWSM_2010": [1.3809411525726318, -3.7394094467163086], "ICWSM_2011": [1.0609889030456543, -3.497789144515991], "ICWSM_2014": [1.6205867528915405, -3.8067407608032227], "ICWSM_2013": [1.2262630462646484, -3.483123779296875], "ICWSM_2009": [1.3700666427612305, -4.2745866775512695], "ICWSM_2016": [1.3237991333007812, -3.5664987564086914], "ICWSM_2006": [0.42384660243988037, -6.941978931427002], "WWW_2001": [-3.10768461227417, 0.6780150532722473], "WWW_2016": [-1.3507057428359985, 0.17111580073833466], "WWW_2012": [-1.633870244026184, 0.26589298248291016], "WWW_2008": [-2.225713014602661, 0.6461213231086731], "WWW_2009": [-2.4311459064483643, 0.9971230626106262], "WWW_1998": [-4.194082736968994, 1.0697637796401978], "WWW_2007": [-2.4504737854003906, 0.4677526652812958], "WWW_2005": [-2.6512506008148193, 0.5065756440162659], "WWW_2011": [-2.10841703414917, 0.7688874006271362], "WWW_2015": [-1.1745274066925049, 0.015805985778570175], "WWW_2014": [-1.2332791090011597, 0.06150221824645996],