{"rajeev-gore_2002": [-0.2510007619857788, 11.807215690612793], "rajeev-gore_1999": [-0.34649181365966797, 12.009559631347656], "rajeev-gore_2005": [-0.207561194896698, 12.11489486694336], "rajeev-gore_2011": [-0.3937447965145111, 11.80396842956543], "rajeev-gore_2012": [-0.39592796564102173, 11.902044296264648], "rajeev-gore_1997": [0.302709698677063, 11.168221473693848], "rajeev-gore_2001": [-0.349404513835907, 11.691133499145508], "rajeev-gore_1998": [-0.44324710965156555, 11.885788917541504], "rajeev-gore_2010": [-0.4135550260543823, 11.81381607055664], "rajeev-gore_2016": [-0.3227250576019287, 11.609028816223145], "rajeev-gore_2000": [-0.3646085262298584, 11.838783264160156], "rajeev-gore_2013": [-0.3609395921230316, 11.858813285827637], "rajeev-gore_2009": [-0.42694902420043945, 11.824542045593262], "rajeev-gore_2017": [-0.72087562084198, 11.286763191223145], "rajeev-gore_2018": [-0.306477427482605, 10.909296989440918], "rajeev-gore_2014": [-0.4769440293312073, 11.798990249633789], "rajeev-gore_2007": [-0.35468584299087524, 11.866167068481445], "rajeev-gore_2004": [0.23342642188072205, 11.43521499633789], "rajeev-gore_2003": [0.04377894476056099, 11.562909126281738], "rajeev-gore_1996": [0.12094362825155258, 12.663800239562988], "rajeev-gore_2008": [-0.1380564272403717, 11.933065414428711], "rajeev-gore_2015": [-0.40566548705101013, 11.60376262664795], "rajeev-gore_1989": [-1.5993552207946777, 11.93713092803955], "alwen-tiu_2007": [-0.26556411385536194, 11.73766040802002], "alwen-tiu_2014": [-0.20700569450855255, 11.635278701782227], "alwen-tiu_2011": [0.17414450645446777, 12.423909187316895], "alwen-tiu_2006": [-0.23827314376831055, 11.659317970275879], "alwen-tiu_2004": [-0.6213298439979553, 11.832052230834961], "alwen-tiu_2017": [-0.5088119506835938, 11.647289276123047], "alwen-tiu_2010": [-0.20935598015785217, 11.750295639038086], "alwen-tiu_2015": [-0.35620224475860596, 11.642632484436035], "alwen-tiu_2012": [-0.17993853986263275, 11.7370023727417], "alwen-tiu_2008": [0.07153808325529099, 12.113886833190918], "alwen-tiu_2018": [-0.38560909032821655, 11.401595115661621], "alwen-tiu_2016": [-0.4261864721775055, 11.699578285217285], "alwen-tiu_2003": [0.35069650411605835, 11.71458625793457], "alwen-tiu_2013": [-0.15383099019527435, 11.85073184967041], "alwen-tiu_2005": [-0.058665644377470016, 11.720480918884277], "alwen-tiu_2009": [-0.3259974718093872, 11.738788604736328], "alwen-tiu_2002": [0.5536676645278931, 11.60533332824707], "alwen-tiu_2001": [0.5572432279586792, 11.561383247375488], "CSL_2015": [-0.6004930138587952, 11.826610565185547], "CSL_2000": [-0.5790660381317139, 11.8213529586792], "CSL_2006": [-0.5630766749382019, 11.807746887207031], "CSL_1999": [-0.5866163969039917, 11.821172714233398], "CSL_2002": [-0.579679012298584, 11.818426132202148], "CSL_2012": [-0.587415337562561, 11.817366600036621], "CSL_1991": [-0.5968524813652039, 11.829886436462402], "CSL_2016": [-0.6018005013465881, 11.825541496276855], "CSL_1987": [-0.5976066589355469, 11.83191967010498], "CSL_1996": [-0.5827016234397888, 11.819746017456055], "CSL_2013": [-0.586730420589447, 11.819565773010254], "CSL_1997": [-0.5767177939414978, 11.824481010437012], "CSL_1998": [-0.5808835029602051, 11.822830200195312], "CSL_1994": [-0.5983479022979736, 11.82922649383545], "CSL_2009": [-0.5818299651145935, 11.81374740600586], "CSL_2001": [-0.5800559520721436, 11.820015907287598], "CSL_2017": [-0.6005557179450989, 11.824630737304688], "CSL_2007": [-0.5729652047157288, 11.813706398010254], "CSL_2003": [-0.593147337436676, 11.824124336242676], "CSL_2005": [-0.5605551600456238, 11.80911922454834], "CSL_2011": [-0.5815815329551697, 11.818904876708984], "CSL_2008": [-0.5603845715522766, 11.810730934143066], "CSL_2018": [-0.6213301420211792, 11.832048416137695], "CSL_1992": [-0.5871611833572388, 11.831840515136719], "CSL_1993": [-0.5760504603385925, 11.832284927368164], "CSL_2004": [-0.5566202998161316, 11.807212829589844], "CSL_1989": [-0.5936444401741028, 11.832935333251953], "CSL_2010": [-0.578987181186676, 11.822111129760742], "CSL_1988": [-0.6010240316390991, 11.832908630371094], "CSL_1990": [-0.5966301560401917, 11.829063415527344], "CSL_1995": [-0.576089084148407, 11.825411796569824], "CSL_1976": [-0.6213296055793762, 11.832052230834961], "LICS_1988": [-0.600209653377533, 11.824512481689453], "LICS_2016": [-0.6094120740890503, 11.826594352722168], "LICS_2011": [-0.5810398459434509, 11.809364318847656], "LICS_2017": [-0.609149694442749, 11.826181411743164], "LICS_1991": [-0.5976437330245972, 11.820138931274414], "LICS_2013": [-0.6049008369445801, 11.825337409973145], "LICS_2014": [-0.605181872844696, 11.8224515914917], "LICS_2015": [-0.606024980545044, 11.824583053588867], "LICS_2010": [-0.5910536050796509, 11.819608688354492], "LICS_2005": [-0.5915815830230713, 11.818668365478516], "LICS_1997": [-0.6051894426345825, 11.825786590576172], "LICS_1995": [-0.6068103313446045, 11.827006340026855], "LICS_2018": [-0.6078794598579407, 11.824018478393555], "LICS_2012": [-0.5951974987983704, 11.820213317871094], "LICS_1998": [-0.5904281139373779, 11.82196044921875], "LICS_1992": [-0.6063361167907715, 11.825993537902832], "LICS_1989": [-0.6013277769088745, 11.824660301208496], "LICS_2001": [-0.5840333700180054, 11.814889907836914], "LICS_1990": [-0.6038938760757446, 11.826836585998535], "LICS_2002": [-0.5806070566177368, 11.808011054992676], "LICS_1986": [-0.7097471952438354, 11.761695861816406], "LICS_2006": [-0.5690368413925171, 11.812131881713867], "LICS_2008": [-0.5757869482040405, 11.811362266540527], "LICS_2009": [-0.575600802898407, 11.811667442321777], "LICS_2000": [-0.578973114490509, 11.810667037963867], "LICS_1987": [-0.5856727957725525, 11.8222017288208], "LICS_2004": [-0.5862785577774048, 11.816959381103516], "LICS_1994": [-0.6070271730422974, 11.827147483825684], "LICS_1996": [-0.6006279587745667, 11.821379661560059], "LICS_2003": [-0.573703408241272, 11.810759544372559], "LICS_1999": [-0.5871631503105164, 11.816479682922363], "LICS_1985": [-0.6213288903236389, 11.832051277160645], "LICS_1993": [-0.6061823964118958, 11.825661659240723], "LICS_2007": [-0.5750092267990112, 11.807823181152344], "LICS_1978": [-0.6213300824165344, 11.832051277160645], "LICS_1981": [-0.621329665184021, 11.832050323486328], "TABLEAUX_2000": [-0.5654816031455994, 11.837054252624512], "TABLEAUX_2011": [-0.539490282535553, 11.82382583618164], "TABLEAUX_1997": [-0.5710316896438599, 11.844264030456543], "TABLEAUX_2002": [-0.5195038914680481, 11.82230281829834], "TABLEAUX_2005": [-0.5291025638580322, 11.806563377380371], "TABLEAUX_1999": [-0.5556267499923706, 11.832292556762695], "TABLEAUX_1998": [-0.5809891819953918, 11.83687686920166], "TABLEAUX_2007": [-0.5019552707672119, 11.818635940551758], "TABLEAUX_2013": [-0.5431098341941833, 11.823929786682129], "TABLEAUX_1992": [-0.7359517216682434, 12.038601875305176], "TABLEAUX_2017": [-0.5321606993675232, 11.832511901855469], "TABLEAUX_1995": [-0.5636717081069946, 11.844904899597168], "TABLEAUX_2009": [-0.5369773507118225, 11.827442169189453], "TABLEAUX_2015": [-0.5537870526313782, 11.830572128295898], "TABLEAUX_2003": [-0.5335596799850464, 11.82421875], "TABLEAUX_1996": [-0.5603910088539124, 11.858285903930664], "TABLEAUX_1993": [-0.6213291883468628, 11.832052230834961], "POPL_1993": [-0.6141793727874756, 11.801299095153809], "POPL_2017": [-0.6155534386634827, 11.818854331970215], "POPL_1980": [-0.6370648145675659, 11.811877250671387], "POPL_2001": [-0.5802205204963684, 11.771510124206543], "POPL_2016": [-0.6108107566833496, 11.80411434173584], "POPL_2005": [-0.5743930339813232, 11.769511222839355], "POPL_1996": [-0.6148585081100464, 11.792926788330078], "POPL_1988": [-0.6186652183532715, 11.793876647949219], "POPL_2006": [-0.5901560187339783, 11.777706146240234], "POPL_2007": [-0.5808382034301758, 11.786798477172852], "POPL_1991": [-0.6093674302101135, 11.799408912658691], "POPL_1977": [-0.6299275755882263, 11.785877227783203],