{"cheng-soon-ong_2007": [7.00254487991333, -1.259286880493164], "cheng-soon-ong_2015": [8.242228507995605, -0.05790435150265694], "cheng-soon-ong_2016": [5.162250518798828, -0.35315877199172974], "cheng-soon-ong_2008": [7.07887601852417, -2.191351890563965], "cheng-soon-ong_2005": [7.33128547668457, -0.6593953967094421], "cheng-soon-ong_2009": [6.844397068023682, -1.735675573348999], "cheng-soon-ong_2014": [5.842504024505615, -1.9914242029190063], "cheng-soon-ong_2017": [1.8037142753601074, -2.2817189693450928], "cheng-soon-ong_2006": [6.928830146789551, -1.8071929216384888], "cheng-soon-ong_2003": [7.81967306137085, 0.3176771402359009], "cheng-soon-ong_2004": [7.732461929321289, 0.9083031415939331], "cheng-soon-ong_2012": [9.10626220703125, 2.1039280891418457], "cheng-soon-ong_2010": [7.731439590454102, -0.7768957018852234], "cheng-soon-ong_2013": [6.060044288635254, -1.565460205078125], "cheng-soon-ong_2011": [9.42666244506836, 2.3256032466888428], "cheng-soon-ong_2018": [-1.972137689590454, -0.6096780896186829], "cheng-soon-ong_2002": [9.178641319274902, -0.9921748042106628], "robert-c-williamson_2014": [4.802970886230469, 1.441129207611084], "robert-c-williamson_2007": [8.961848258972168, -0.7785114645957947], "robert-c-williamson_2002": [5.058673858642578, 2.351191520690918], "robert-c-williamson_1998": [4.409772872924805, 4.006863594055176], "robert-c-williamson_1999": [2.893545389175415, 3.3382728099823], "robert-c-williamson_2001": [3.872208833694458, 3.4712092876434326], "robert-c-williamson_2006": [7.026759624481201, 2.0487918853759766], "robert-c-williamson_1996": [-1.0737777948379517, -5.84663724899292], "robert-c-williamson_1988": [-1.6757175922393799, -7.0888848304748535], "robert-c-williamson_2011": [6.2461981773376465, 2.7749876976013184], "robert-c-williamson_2003": [3.824871063232422, 3.9463138580322266], "robert-c-williamson_1994": [4.216993808746338, 4.466180801391602], "robert-c-williamson_1993": [3.9005985260009766, 5.080564975738525], "robert-c-williamson_2000": [3.7492873668670654, 3.450146198272705], "robert-c-williamson_1992": [4.041308879852295, 5.276817321777344], "robert-c-williamson_1991": [-1.4475187063217163, -6.594833850860596], "robert-c-williamson_2015": [6.238713264465332, 2.637014389038086], "robert-c-williamson_2010": [8.632098197937012, 0.3962668776512146], "robert-c-williamson_1995": [3.836576461791992, 3.619986057281494], "robert-c-williamson_2018": [1.5010279417037964, -2.677485942840576], "robert-c-williamson_2005": [8.016610145568848, -0.18932199478149414], "robert-c-williamson_2016": [8.376487731933594, 0.0496051162481308], "robert-c-williamson_1997": [4.034679889678955, 4.310907363891602], "robert-c-williamson_1990": [-1.623436450958252, -6.976088523864746], "robert-c-williamson_2017": [1.5548648834228516, -2.5646581649780273], "robert-c-williamson_2009": [6.06846809387207, 4.573375225067139], "robert-c-williamson_2008": [6.002898693084717, 4.922943115234375], "robert-c-williamson_2012": [6.252172470092773, 3.3612236976623535], "robert-c-williamson_1985": [-1.4920088052749634, -1.2046741247177124], "robert-c-williamson_1987": [-1.4923808574676514, -1.2042245864868164], "robert-c-williamson_2004": [7.718173027038574, 0.8286023736000061], "alexander-j-smola_1998": [4.323062896728516, 2.018430471420288], "alexander-j-smola_2007": [3.429802656173706, 0.48421475291252136], "alexander-j-smola_2005": [4.397709369659424, 0.8475148677825928], "alexander-j-smola_1999": [3.9769446849823, 2.6669790744781494], "alexander-j-smola_2010": [3.815251111984253, 0.3522612452507019], "alexander-j-smola_2004": [5.618524551391602, 1.304455280303955], "alexander-j-smola_2018": [1.0460536479949951, -3.5240163803100586], "alexander-j-smola_2003": [4.3970723152160645, 1.1345975399017334], "alexander-j-smola_2006": [4.695197105407715, 0.88560551404953], "alexander-j-smola_2016": [2.329771041870117, -0.8223404884338379], "alexander-j-smola_2000": [2.4545187950134277, 3.3603696823120117], "alexander-j-smola_1992": [-1.9469000101089478, -0.639898955821991], "alexander-j-smola_2001": [3.906740665435791, 2.6706793308258057], "alexander-j-smola_2008": [4.774911880493164, 0.3845726549625397], "alexander-j-smola_2017": [2.310258150100708, -1.314284324645996], "alexander-j-smola_2009": [4.1493425369262695, 0.22078461945056915], "alexander-j-smola_2013": [5.129417419433594, 0.11784593015909195], "alexander-j-smola_2014": [4.838907241821289, 0.12073514610528946], "alexander-j-smola_2012": [4.92516565322876, 0.29301196336746216], "alexander-j-smola_2015": [2.5698513984680176, -0.5551217198371887], "alexander-j-smola_2011": [5.601248741149902, 0.14445605874061584], "alexander-j-smola_2002": [5.737888813018799, 1.4397708177566528], "alexander-j-smola_1997": [4.764650821685791, 2.48354434967041], "alexander-j-smola_1995": [-1.4923855066299438, -1.2042241096496582], "alexander-j-smola_1996": [-1.4923895597457886, -1.2042245864868164], "christopher-d-manning_2003": [2.3437206745147705, -5.589297294616699], "christopher-d-manning_2014": [2.889751672744751, -4.291294574737549], "christopher-d-manning_2017": [1.1495577096939087, -5.224034309387207], "christopher-d-manning_2007": [4.311201095581055, -5.152124881744385], "christopher-d-manning_2008": [2.8777947425842285, -4.275696754455566], "christopher-d-manning_2013": [3.1196329593658447, -4.59524393081665], "christopher-d-manning_2016": [1.5011513233184814, -5.341737747192383], "christopher-d-manning_2000": [-7.061386585235596, -0.4150943458080292], "christopher-d-manning_2010": [3.5910022258758545, -5.227063179016113], "christopher-d-manning_2006": [3.13974928855896, -5.366244792938232], "christopher-d-manning_2005": [2.802198648452759, -5.2823309898376465], "christopher-d-manning_2002": [2.1323773860931396, -5.61533260345459], "christopher-d-manning_2009": [3.4770150184631348, -5.116576194763184], "christopher-d-manning_1995": [-7.318134784698486, 0.6034535765647888], "christopher-d-manning_2012": [3.3342511653900146, -4.886594295501709], "christopher-d-manning_1998": [-7.23819637298584, 0.7174397110939026], "christopher-d-manning_2011": [3.4018542766571045, -4.951948642730713], "christopher-d-manning_1996": [-0.7803747057914734, -4.754784107208252], "christopher-d-manning_2004": [2.6275739669799805, -5.458165168762207], "christopher-d-manning_2015": [2.7841053009033203, -5.036214828491211], "christopher-d-manning_2001": [-7.149018287658691, 0.30340084433555603], "christopher-d-manning_1999": [-7.206390857696533, 0.5502526760101318], "christopher-d-manning_2018": [0.5949288010597229, -3.664250612258911], "christopher-d-manning_1993": [5.158253192901611, -5.284327030181885], "richard-socher_2014": [5.401248455047607, -4.519129753112793], "richard-socher_2013": [5.15594482421875, -4.590787410736084], "richard-socher_2012": [5.436629772186279, -4.388256549835205], "richard-socher_2011": [5.7392988204956055, -4.252861499786377], "richard-socher_2016": [0.7475010752677917, -3.763903856277466], "richard-socher_2017": [0.9256978034973145, -4.915424823760986], "richard-socher_2018": [0.959781289100647, -4.932665824890137], "richard-socher_2009": [9.246129989624023, 0.9718672633171082], "richard-socher_2010": [6.162333965301514, -4.072577476501465], "richard-socher_2015": [0.7179645895957947, -3.9308903217315674], "andrew-y-ng_2010": [3.624607801437378, -1.0180554389953613], "andrew-y-ng_2001": [5.015701770782471, -1.2132103443145752], "andrew-y-ng_2012": [4.1472859382629395, -1.1203805208206177], "andrew-y-ng_1998": [6.36751127243042, 1.2953602075576782], "andrew-y-ng_2008": [3.695854425430298, -0.9158658981323242], "andrew-y-ng_2011": [3.600937843322754, -0.5383815169334412], "andrew-y-ng_2009": [3.2593088150024414, -0.07914017140865326], "andrew-y-ng_2013": [5.055336952209473, -4.45639181137085], "andrew-y-ng_2004": [4.575065612792969, -1.309285044670105], "andrew-y-ng_1999": [6.371845245361328, 0.5638371109962463], "andrew-y-ng_2000": [6.185155391693115, 0.6706762313842773],