{"rajeev-gore_2002": [-0.004933988548419877, 0.015920522050579446], "rajeev-gore_1999": [-0.0038501144800397874, 0.0031756947895289736], "rajeev-gore_2005": [-0.004593505768558427, 0.004811791500753127], "rajeev-gore_2011": [-0.004006577821201804, -0.0014360511135157088], "rajeev-gore_2012": [-0.004055749926768488, -0.00046519649436381466], "rajeev-gore_1997": [-0.007198764176500054, 0.046451839659745135], "rajeev-gore_2001": [-0.004394518241631481, 0.007071106263892017], "rajeev-gore_1998": [-0.003875496626162296, -0.003929030205597659], "rajeev-gore_2010": [-0.0041124116731252915, 0.0006606018900822404], "rajeev-gore_2016": [-0.0044526354889180405, 0.008345262461988252], "rajeev-gore_2000": [-0.0038483892652070215, 0.00479163543164118], "rajeev-gore_2013": [-0.00419593260018677, 0.0005463338206907218], "rajeev-gore_2009": [-0.00401607505515996, -0.001098888286138382], "rajeev-gore_2017": [-0.004781707789277996, 0.015402477827129899], "rajeev-gore_2018": [-0.006048607992709941, 0.02341442653167885], "rajeev-gore_2014": [-0.003809571072641585, -0.004427374414266488], "rajeev-gore_2007": [-0.004243818014288767, 0.0019233565351453863], "rajeev-gore_2004": [-0.00691387464954249, 0.04827789129034875], "rajeev-gore_2003": [-0.005790400475700647, 0.027752537029456535], "rajeev-gore_1996": [-0.005934375730685655, 0.007484096862529163], "rajeev-gore_2008": [-0.0051227995254801775, 0.01577888406765716], "rajeev-gore_2015": [-0.004280807528836418, 0.0013334615861208187], "rajeev-gore_1989": [0.6699498308769136, 0.02175640553185927], "alwen-tiu_2007": [-0.004784103870296685, 0.01096909864767841], "alwen-tiu_2014": [-0.004664351178102175, 0.007273855529609691], "alwen-tiu_2011": [-0.006255335380798558, 0.02808478206698236], "alwen-tiu_2006": [-0.005039303858966663, 0.018087176963748678], "alwen-tiu_2004": [-0.003362785011385016, -0.011668149952666297], "alwen-tiu_2017": [-0.003935952123856113, -0.002773759762548133], "alwen-tiu_2010": [-0.0051155428124631955, 0.016801238562123753], "alwen-tiu_2015": [-0.0043656310743515146, 0.0033632946153016215], "alwen-tiu_2012": [-0.00515531071284016, 0.019414719744544912], "alwen-tiu_2008": [-0.006255236516058201, 0.03331137215838966], "alwen-tiu_2018": [-0.004746386271176947, 0.007547971701801081], "alwen-tiu_2016": [-0.004187933880824104, 0.0014528402792708577], "alwen-tiu_2003": [-0.008288943951553506, 0.07414519554639917], "alwen-tiu_2013": [-0.005093465225120388, 0.015599685648454736], "alwen-tiu_2005": [-0.00587760663435538, 0.03100690440773074], "alwen-tiu_2009": [-0.004514723661888948, 0.0071191548494181295], "alwen-tiu_2002": [-0.016658549470300425, 0.22354631495659968], "alwen-tiu_2001": [-0.025699877051534602, 0.46485399165909713], "CSL_2015": [-0.003435679414830988, -0.010457175340309936], "CSL_2000": [-0.003550102123319636, -0.00820016624570127], "CSL_2006": [-0.0035717164260568963, -0.007971194497837293], "CSL_1999": [-0.003466541993733958, -0.008922509609578444], "CSL_2002": [-0.0035400060400364447, -0.008444596531782757], "CSL_2012": [-0.0035094629715829774, -0.009089179025189641], "CSL_1991": [-0.003475843570007623, -0.008696475128687644], "CSL_2016": [-0.0034488267694325185, -0.01009320425620349], "CSL_1987": [-0.003524277054210937, -0.00849973932462684], "CSL_1996": [-0.003532614790007567, -0.008760341658781225], "CSL_2013": [-0.00350973208874687, -0.009087792796675074], "CSL_1997": [-0.0034868992168262665, -0.008060622842748414], "CSL_1998": [-0.003479698945261817, -0.00854624739144036], "CSL_1994": [-0.003470107994286036, -0.009520197918467983], "CSL_2009": [-0.003508267312693138, -0.00883808869048069], "CSL_2001": [-0.0035312552193682216, -0.008600993366958447], "CSL_2017": [-0.003353869178728324, -0.010435533699196475], "CSL_2007": [-0.0035415098494122337, -0.00856677007261639], "CSL_2003": [-0.0034695271419302115, -0.009736108228911423], "CSL_2005": [-0.003597874960681277, -0.007412036557019039], "CSL_2011": [-0.003535314923549168, -0.008448909755462291], "CSL_2008": [-0.0036065400502716402, -0.0071769137442473626], "CSL_2018": [-0.003362785011385016, -0.011668149952666297], "CSL_1992": [-0.0034950339945027777, -0.008378839800934837], "CSL_1993": [-0.0035863089800776053, -0.007838723745593893], "CSL_2004": [-0.0035876101071503066, -0.0077511380222079155], "CSL_1989": [-0.003567762505819244, -0.007653881685837537], "CSL_2010": [-0.0035296874743843756, -0.008645662829754961], "CSL_1988": [-0.003396646805031713, -0.008871317620789968], "CSL_1990": [-0.0035266632332137103, -0.00831351351663332], "CSL_1995": [-0.0035971856147401487, -0.007245704402235227], "CSL_1976": [-0.003362785011385016, -0.011668149952666297], "LICS_1988": [-0.0034812851703584554, -0.009422212794972112], "LICS_2016": [-0.0034121458115766237, -0.010711754567585536], "LICS_2011": [-0.0035220431226699283, -0.008727917381218414], "LICS_2017": [-0.003418839251911808, -0.01066242096657483], "LICS_1991": [-0.0034346140416931983, -0.00938207617868558], "LICS_2013": [-0.003433114318908097, -0.010438389866236283], "LICS_2014": [-0.0034318794718325835, -0.010496809096405046], "LICS_2015": [-0.0034285237727787196, -0.010467047968169762], "LICS_2010": [-0.003477514601509316, -0.009465402907101112], "LICS_2005": [-0.0034882441444985097, -0.009389630323266089], "LICS_1997": [-0.003289426456443836, -0.009962781618725986], "LICS_1995": [-0.00342002256775028, -0.010311879383826078], "LICS_2018": [-0.003420982225403638, -0.010671701568077636], "LICS_2012": [-0.0034665422590816845, -0.009834418328875109], "LICS_1998": [-0.0034941024085235087, -0.009345683910803763], "LICS_1992": [-0.0034435047770357786, -0.00995574409135914], "LICS_1989": [-0.003435864480310071, -0.009620617841956832], "LICS_2001": [-0.0035231327746837213, -0.008746655030904707], "LICS_1990": [-0.0034102742939886646, -0.00974598598928321], "LICS_2002": [-0.0033252039639819694, -0.008682417824097548], "LICS_1986": [-0.003402216816103828, -0.011758154862820216], "LICS_2006": [-0.0035661319365594686, -0.008037511303688162], "LICS_2008": [-0.0035228928169521905, -0.008691161681110903], "LICS_2009": [-0.003538611533241181, -0.008618573198845719], "LICS_2000": [-0.003547791813839121, -0.008436059607372618], "LICS_1987": [-0.0035928741061980233, -0.0071619334434137785], "LICS_2004": [-0.003465072705830405, -0.009000814055353397], "LICS_1994": [-0.0034378881263225866, -0.010347164928134894], "LICS_1996": [-0.003411113880115903, -0.009897726333915063], "LICS_2003": [-0.003539115351256749, -0.008375290631258431], "LICS_1999": [-0.0035092951624910254, -0.009123037201198256], "LICS_1985": [-0.003362785011385016, -0.011668149952666297], "LICS_1993": [-0.0034272672271266113, -0.010325387644154206], "LICS_2007": [-0.0035126133144080026, -0.008270588971467189], "LICS_1978": [-0.003362785011385016, -0.011668149952666297], "LICS_1981": [-0.003362785011385016, -0.011668149952666297], "TABLEAUX_2000": [-0.00352643854058989, -0.00900167996974461], "TABLEAUX_2011": [-0.0036132352947961075, -0.007476285291031633], "TABLEAUX_1997": [-0.0035120700922401625, -0.009474003805925866], "TABLEAUX_2002": [-0.003692467955139117, -0.005844622193996601], "TABLEAUX_2005": [-0.003553967679941956, -0.006053263260218291], "TABLEAUX_1999": [-0.0031961694006789453, -0.00812447809698104], "TABLEAUX_1998": [-0.0030840889407605493, -0.009290763000010879], "TABLEAUX_2007": [-0.0034814806638776927, -0.0052540175904762215], "TABLEAUX_2013": [-0.0035046595337222624, -0.007687945080457774], "TABLEAUX_1992": [-0.0033911143104005206, -0.011646549222659404], "TABLEAUX_2017": [-0.0035936244017038006, -0.0074081772642869805], "TABLEAUX_1995": [-0.003594288709687295, -0.007618597659020671], "TABLEAUX_2009": [-0.00344342168070597, -0.0070981233178804394], "TABLEAUX_2015": [-0.003554238736936518, -0.008788699120903543], "TABLEAUX_2003": [-0.0029620494095532485, -0.006594876850373678], "TABLEAUX_1996": [-0.0035413549889810043, -0.008406521684293403], "TABLEAUX_1993": [-0.003362785011385016, -0.011668149952666297],