{"cheng-soon-ong_2007": [0.14587345719337463, 7.563992500305176], "cheng-soon-ong_2015": [0.4652685523033142, 8.000715255737305], "cheng-soon-ong_2016": [0.9637376070022583, 8.609786033630371], "cheng-soon-ong_2008": [-0.07761148363351822, 7.209385395050049], "cheng-soon-ong_2005": [0.31951063871383667, 7.82063627243042], "cheng-soon-ong_2009": [-0.25864705443382263, 6.992596626281738], "cheng-soon-ong_2014": [-0.8661759495735168, 6.684021472930908], "cheng-soon-ong_2017": [1.361928939819336, 8.86670970916748], "cheng-soon-ong_2006": [-0.0791226252913475, 7.205479145050049], "cheng-soon-ong_2003": [0.40544331073760986, 7.911314964294434], "cheng-soon-ong_2004": [0.42258262634277344, 7.926348686218262], "cheng-soon-ong_2012": [0.09623260051012039, 7.662764072418213], "cheng-soon-ong_2010": [0.3843700587749481, 7.9568305015563965], "cheng-soon-ong_2013": [-0.22488057613372803, 7.072638034820557], "cheng-soon-ong_2011": [-1.2051254510879517, 6.955376625061035], "cheng-soon-ong_2018": [5.180423736572266, 15.833322525024414], "cheng-soon-ong_2002": [0.29370278120040894, 7.798729419708252], "ICML_2005": [2.1139657497406006, 10.610305786132812], "ICML_2010": [2.84600567817688, 11.82101821899414], "ICML_1989": [2.4528138637542725, 9.15220832824707], "ICML_1991": [2.2889015674591064, 9.242359161376953], "ICML_2016": [3.5712080001831055, 13.04603099822998], "ICML_2014": [3.210935354232788, 12.390044212341309], "ICML_2017": [4.345720291137695, 14.318340301513672], "ICML_2013": [3.083164691925049, 12.367916107177734], "ICML_2018": [4.285836696624756, 14.240618705749512], "ICML_2008": [2.046232223510742, 10.505827903747559], "ICML_2003": [1.8028078079223633, 9.968484878540039], "ICML_2006": [1.951370358467102, 10.464323997497559], "ICML_2000": [2.013350248336792, 10.257343292236328], "ICML_2007": [1.9364899396896362, 10.419285774230957], "ICML_2004": [1.855647325515747, 10.237713813781738], "ICML_2009": [2.035585641860962, 10.558394432067871], "ICML_2012": [2.8595733642578125, 11.739554405212402], "ICML_1997": [1.4359843730926514, 9.10976791381836], "ICML_2011": [2.8762428760528564, 11.997836112976074], "ICML_1992": [2.023453712463379, 8.741226196289062], "ICML_1996": [1.7547688484191895, 9.563424110412598], "ICML_1998": [1.6861768960952759, 9.38300895690918], "ICML_2015": [3.453631639480591, 12.86213207244873], "ICML_1994": [1.9158822298049927, 8.812808990478516], "ICML_1995": [2.059911012649536, 9.155383110046387], "ICML_1988": [2.243656635284424, 8.871646881103516], "ICML_1993": [2.0501909255981445, 8.721671104431152], "ICML_2002": [1.7616521120071411, 9.715337753295898], "ICML_1990": [2.080836057662964, 8.701310157775879], "ICML_2001": [1.6490731239318848, 9.51962947845459], "ICML_1999": [1.5708140134811401, 9.270249366760254], "ICML_1987": [2.1595168113708496, 8.657637596130371], "ICML_1984": [5.391339302062988, 15.818516731262207], "NIPS_2015": [3.588926076889038, 13.062179565429688], "NIPS_2002": [2.012342691421509, 11.76319694519043], "NIPS_2012": [3.1934878826141357, 12.587976455688477], "NIPS_2010": [3.043274402618408, 12.383790016174316], "NIPS_1992": [1.1088590621948242, 11.972658157348633], "NIPS_2016": [4.269384860992432, 14.06943416595459], "NIPS_2005": [2.340611696243286, 11.649974822998047], "NIPS_2014": [3.327369213104248, 12.743739128112793], "NIPS_2008": [2.604828357696533, 11.832392692565918], "NIPS_1998": [1.597626805305481, 12.022552490234375], "NIPS_1999": [1.6251505613327026, 11.95362663269043], "NIPS_1996": [1.181015968322754, 12.075750350952148], "NIPS_2004": [2.282621145248413, 11.562955856323242], "NIPS_2017": [4.3998613357543945, 14.394134521484375], "NIPS_1994": [1.1435905694961548, 12.032711029052734], "NIPS_1990": [1.4545303583145142, 11.827319145202637], "NIPS_1989": [1.2779091596603394, 11.67748737335205], "NIPS_2003": [2.0684287548065186, 11.847479820251465], "NIPS_2013": [3.150087833404541, 12.546162605285645], "NIPS_2006": [2.264167070388794, 11.74018669128418], "NIPS_1988": [1.3123339414596558, 11.514254570007324], "NIPS_2007": [2.448967695236206, 11.608092308044434], "NIPS_1997": [1.2657901048660278, 12.051170349121094], "NIPS_1991": [1.211225986480713, 11.78518009185791], "NIPS_2011": [2.953993082046509, 12.250847816467285], "NIPS_2009": [3.251677989959717, 12.682374954223633], "NIPS_1995": [1.188157320022583, 12.118324279785156], "NIPS_2018": [5.498020648956299, 15.94113540649414], "NIPS_2001": [1.6599997282028198, 12.043994903564453], "NIPS_1993": [1.1883785724639893, 12.03771686553955], "NIPS_2000": [1.5278440713882446, 11.988078117370605], "NIPS_1987": [-2.6184709072113037, 5.865876197814941], "CIKM_2008": [16.741697311401367, 2.2273073196411133], "CIKM_2012": [17.04876708984375, 2.5943961143493652], "CIKM_2009": [17.000829696655273, 2.501147747039795], "CIKM_2006": [16.67066764831543, 2.1471385955810547], "CIKM_2005": [16.72495460510254, 2.2039527893066406], "CIKM_2013": [16.976186752319336, 2.5477077960968018], "CIKM_2011": [16.95644760131836, 2.5695457458496094], "CIKM_2015": [17.059938430786133, 2.704440116882324], "CIKM_2003": [16.373472213745117, 1.8441214561462402], "CIKM_2010": [16.951753616333008, 2.507268190383911], "CIKM_2002": [16.46566390991211, 1.8228923082351685], "CIKM_1994": [16.284696578979492, 1.3279227018356323], "CIKM_2007": [16.679967880249023, 2.1600394248962402], "CIKM_2017": [17.24949836730957, 2.4596920013427734], "CIKM_2016": [17.043432235717773, 2.5773935317993164], "CIKM_2014": [16.842809677124023, 2.6966569423675537], "CIKM_1993": [16.293624877929688, 1.4047398567199707], "CIKM_1995": [16.32457160949707, 1.2850136756896973], "CIKM_2004": [16.504638671875, 1.9500906467437744], "CIKM_2001": [16.386913299560547, 1.7167757749557495], "CIKM_2000": [16.322784423828125, 1.5003389120101929], "CIKM_1997": [16.44062042236328, 1.7471553087234497], "CIKM_1999": [16.332775115966797, 1.6377032995224], "CIKM_1998": [16.322946548461914, 1.3589717149734497], "CIKM_1992": [16.363468170166016, 1.2451107501983643], "CIKM_1996": [16.326457977294922, 1.3062070608139038], "AAAI_2016": [5.083384037017822, 15.644179344177246], "AAAI_2017": [4.55223274230957, 15.156936645507812], "AAAI_2018": [4.7149529457092285, 15.042379379272461], "AAAI_1997": [4.383037567138672, 9.547439575195312], "AAAI_2007": [3.8054518699645996, 15.243059158325195], "AAAI_2005": [3.693122148513794, 15.142513275146484], "AAAI_2015": [4.388681411743164, 15.28929328918457], "AAAI_2011": [4.1025848388671875, 15.342918395996094], "AAAI_2014": [4.2168097496032715, 15.335184097290039], "AAAI_2009": [3.594909429550171, 15.050660133361816], "AAAI_2012": [3.996638059616089, 15.427746772766113], "AAAI_2006": [3.7358250617980957, 15.10004997253418], "AAAI_1996": [4.298931121826172, 9.725353240966797], "AAAI_1986": [3.937321662902832, 9.347587585449219], "AAAI_2010": [4.049928188323975, 15.37890625], "AAAI_2013": [4.120755672454834, 15.297819137573242], "AAAI_1999": [4.35999870300293, 9.6168212890625], "AAAI_2000": [4.21630334854126, 9.803044319152832], "AAAI_1982": [3.7071399688720703, 9.028156280517578], "AAAI_2008": [3.8552002906799316, 15.32030963897705], "AAAI_1994": [4.216389179229736, 9.807426452636719], "AAAI_1987": [3.602954864501953, 8.90178108215332], "AAAI_1992": [3.9375569820404053, 9.098773002624512], "AAAI_1991": [3.634228229522705, 8.850493431091309], "AAAI_1983": [3.5318377017974854, 9.022808074951172], "AAAI_2004": [4.319457530975342, 9.842639923095703], "AAAI_1998": [4.373486042022705, 9.746522903442383], "AAAI_1988": [3.6987171173095703, 8.8556489944458], "AAAI_2002": [4.276281356811523, 9.742942810058594], "AAAI_1990": [3.8402485847473145, 8.974733352661133], "AAAI_1993": [3.726304054260254, 8.888020515441895], "AAAI_1995": [3.5263330936431885, 8.93786334991455], "AAAI_2001": [3.2772693634033203, 9.070850372314453], "AAAI_1980": [3.804950475692749, 9.097563743591309], "AAAI_2003": [3.6784181594848633, 9.13620662689209], "AAAI_1984": [3.541888952255249, 8.990127563476562], "AAAI_1989": [2.5477192401885986, 8.754079818725586],