{"cheng-soon-ong_2007": [-2.107198476791382, 2.938279151916504], "cheng-soon-ong_2015": [-2.080470323562622, 3.440648078918457], "cheng-soon-ong_2016": [-1.6882895231246948, 2.4962291717529297], "cheng-soon-ong_2008": [-2.5552992820739746, 2.9214229583740234], "cheng-soon-ong_2005": [-2.077357769012451, 3.2151410579681396], "cheng-soon-ong_2009": [-2.2410054206848145, 2.8230531215667725], "cheng-soon-ong_2014": [1.2901880741119385, 0.15686559677124023], "cheng-soon-ong_2017": [-0.8280601501464844, 3.1874611377716064], "cheng-soon-ong_2006": [-2.2921230792999268, 2.8882155418395996], "cheng-soon-ong_2003": [-2.1855928897857666, 3.532773494720459], "cheng-soon-ong_2004": [-2.333512783050537, 3.6492919921875], "cheng-soon-ong_2012": [-2.7352097034454346, 2.640653133392334], "cheng-soon-ong_2010": [-2.112837553024292, 3.1396567821502686], "cheng-soon-ong_2013": [-1.9261826276779175, 2.5304672718048096], "cheng-soon-ong_2011": [-3.039151668548584, 2.4395291805267334], "cheng-soon-ong_2018": [-0.1307767778635025, 0.5898772478103638], "cheng-soon-ong_2002": [-1.642045259475708, 3.8451719284057617], "robert-c-williamson_2014": [-1.2557941675186157, 2.667224407196045], "robert-c-williamson_2007": [-1.7626211643218994, 3.7073802947998047], "robert-c-williamson_2002": [-1.1177314519882202, 2.7415997982025146], "robert-c-williamson_1998": [-0.41819140315055847, 2.8125364780426025], "robert-c-williamson_1999": [-0.5218839645385742, 2.1867904663085938], "robert-c-williamson_2001": [-0.47025060653686523, 2.4623284339904785], "robert-c-williamson_2006": [-1.5861458778381348, 3.4168622493743896], "robert-c-williamson_1996": [-0.2677645683288574, 2.43213152885437], "robert-c-williamson_1988": [1.0649889707565308, 2.6366171836853027], "robert-c-williamson_2011": [-1.2535643577575684, 3.1129231452941895], "robert-c-williamson_2003": [-0.3065543472766876, 2.5087366104125977], "robert-c-williamson_1994": [-0.17468787729740143, 2.7774085998535156], "robert-c-williamson_1993": [0.15982428193092346, 2.833087921142578], "robert-c-williamson_2000": [-0.4654792547225952, 2.2924389839172363], "robert-c-williamson_1992": [0.19223791360855103, 2.994842767715454], "robert-c-williamson_1991": [0.5551259517669678, 2.5760529041290283], "robert-c-williamson_2015": [-1.3830033540725708, 3.0758121013641357], "robert-c-williamson_2010": [-1.8442018032073975, 3.496713638305664], "robert-c-williamson_1995": [-0.41349121928215027, 2.2590160369873047], "robert-c-williamson_2018": [-0.6314910054206848, 3.4562313556671143], "robert-c-williamson_2005": [-1.9967011213302612, 3.4196174144744873], "robert-c-williamson_2016": [-1.8594121932983398, 3.389383316040039], "robert-c-williamson_1997": [-0.30463480949401855, 2.72308087348938], "robert-c-williamson_1990": [0.9166765213012695, 2.6223721504211426], "robert-c-williamson_2017": [-0.6440338492393494, 3.456193685531616], "robert-c-williamson_2009": [-0.15000219643115997, 3.3602240085601807], "robert-c-williamson_2008": [0.0847611278295517, 3.4201385974884033], "robert-c-williamson_2012": [-0.9533275365829468, 3.2577857971191406], "robert-c-williamson_1985": [-0.1307755410671234, 0.5898748636245728], "robert-c-williamson_1987": [-0.1307772696018219, 0.5898748636245728], "robert-c-williamson_2004": [-2.239529609680176, 3.618424654006958], "alexander-j-smola_1998": [-1.256025791168213, 2.5109503269195557], "alexander-j-smola_2007": [-1.4757894277572632, 1.9420993328094482], "alexander-j-smola_2005": [-1.5495535135269165, 2.3410842418670654], "alexander-j-smola_1999": [-0.8677732348442078, 2.511714220046997], "alexander-j-smola_2010": [-1.6342546939849854, 2.0785868167877197], "alexander-j-smola_2004": [-1.7832210063934326, 2.6666340827941895], "alexander-j-smola_2018": [-2.791048765182495, 0.05470707267522812], "alexander-j-smola_2003": [-1.5642120838165283, 2.35783314704895], "alexander-j-smola_2006": [-1.6302632093429565, 2.4415624141693115], "alexander-j-smola_2016": [-1.6336828470230103, 1.791712760925293], "alexander-j-smola_2000": [-0.9472427368164062, 1.983494520187378], "alexander-j-smola_1992": [-0.13077640533447266, 0.589876651763916], "alexander-j-smola_2001": [-0.9132448434829712, 2.456123113632202], "alexander-j-smola_2008": [-1.7256641387939453, 2.386892318725586], "alexander-j-smola_2017": [-1.9125618934631348, 1.678911566734314], "alexander-j-smola_2009": [-1.7224221229553223, 2.1514127254486084], "alexander-j-smola_2013": [-1.7385516166687012, 2.35555362701416], "alexander-j-smola_2014": [-1.6889452934265137, 2.36332631111145], "alexander-j-smola_2012": [-1.6701455116271973, 2.445772886276245], "alexander-j-smola_2015": [-1.5899317264556885, 1.9328557252883911], "alexander-j-smola_2011": [-2.0553762912750244, 2.4415316581726074], "alexander-j-smola_2002": [-1.7293542623519897, 2.740000009536743], "alexander-j-smola_1997": [-1.0748085975646973, 2.920576572418213], "alexander-j-smola_1995": [-0.13077706098556519, 0.589878261089325], "alexander-j-smola_1996": [-0.1307741105556488, 0.5898744463920593], "christopher-d-manning_2003": [-2.2275774478912354, 0.3318769931793213], "christopher-d-manning_2014": [-1.9478509426116943, 0.6233237385749817], "christopher-d-manning_2017": [-2.362278699874878, -0.04063630476593971], "christopher-d-manning_2007": [-2.708606719970703, 0.8346356749534607], "christopher-d-manning_2008": [-1.9352833032608032, 0.6066634654998779], "christopher-d-manning_2013": [-2.1470751762390137, 0.6380774974822998], "christopher-d-manning_2016": [-2.429429531097412, 0.1356082707643509], "christopher-d-manning_2000": [-2.53957462310791, -0.3551331162452698], "christopher-d-manning_2010": [-2.362917184829712, 0.5585280060768127], "christopher-d-manning_2006": [-2.345453977584839, 0.490022212266922], "christopher-d-manning_2005": [-2.2215781211853027, 0.4706760346889496], "christopher-d-manning_2002": [-2.298637866973877, 0.1757582724094391], "christopher-d-manning_2009": [-2.3165106773376465, 0.5762311816215515], "christopher-d-manning_1995": [-1.812137246131897, -0.9863056540489197], "christopher-d-manning_2012": [-2.2580864429473877, 0.6294198036193848], "christopher-d-manning_1998": [-1.7094768285751343, -0.9770504832267761], "christopher-d-manning_2011": [-2.2950074672698975, 0.640433669090271], "christopher-d-manning_1996": [-2.159959077835083, -0.8446858525276184], "christopher-d-manning_2004": [-2.279622793197632, 0.4258381426334381], "christopher-d-manning_2015": [-2.237858772277832, 0.45760443806648254], "christopher-d-manning_2001": [-2.138467788696289, -0.5460690259933472], "christopher-d-manning_1999": [-1.8702808618545532, -0.8647457957267761], "christopher-d-manning_2018": [-2.9681644439697266, -0.17461372911930084], "christopher-d-manning_1993": [-3.0757715702056885, 0.8519411087036133], "richard-socher_2014": [-3.0025713443756104, 1.1496163606643677], "richard-socher_2013": [-2.9249930381774902, 1.1119807958602905], "richard-socher_2012": [-2.9625394344329834, 1.3414454460144043], "richard-socher_2011": [-3.027196168899536, 1.3667360544204712], "richard-socher_2016": [-2.863396167755127, -0.13379518687725067], "richard-socher_2017": [-2.4387567043304443, -0.08194509893655777], "richard-socher_2018": [-2.3672337532043457, 0.0030819247476756573], "richard-socher_2009": [-2.6157593727111816, 3.1320927143096924], "richard-socher_2010": [-3.175935745239258, 1.4784237146377563], "richard-socher_2015": [-3.0892467498779297, -0.025558512657880783], "andrew-y-ng_2010": [-1.9912998676300049, 1.760351300239563], "andrew-y-ng_2001": [-2.390554904937744, 2.1030800342559814], "andrew-y-ng_2012": [-2.1349539756774902, 1.9363504648208618], "andrew-y-ng_1998": [-2.4047646522521973, 2.5882668495178223], "andrew-y-ng_2008": [-1.9648146629333496, 1.8379164934158325], "andrew-y-ng_2011": [-1.8250128030776978, 1.8349379301071167], "andrew-y-ng_2009": [-1.6271086931228638, 1.7356290817260742], "andrew-y-ng_2013": [-2.8181722164154053, 1.2270455360412598], "andrew-y-ng_2004": [-2.2444663047790527, 2.0342049598693848],