{"cheng-soon-ong_2007": [-5.82843017578125, 7.757748603820801], "cheng-soon-ong_2015": [-4.363613128662109, 7.829922676086426], "cheng-soon-ong_2016": [-1.1402333974838257, 8.525068283081055], "cheng-soon-ong_2008": [-6.842637538909912, 7.918981552124023], "cheng-soon-ong_2005": [-5.390432357788086, 8.068648338317871], "cheng-soon-ong_2009": [-8.639067649841309, 7.829248905181885], "cheng-soon-ong_2014": [-10.792094230651855, 6.545767784118652], "cheng-soon-ong_2017": [-0.9655729532241821, 8.602994918823242], "cheng-soon-ong_2006": [-6.401027679443359, 7.779027462005615], "cheng-soon-ong_2003": [-4.186065196990967, 8.299562454223633], "cheng-soon-ong_2004": [-3.8629939556121826, 8.413919448852539], "cheng-soon-ong_2012": [-8.425226211547852, -3.4191877841949463], "cheng-soon-ong_2010": [-4.806609630584717, 7.50722599029541], "cheng-soon-ong_2013": [-8.078137397766113, 6.857476711273193], "cheng-soon-ong_2011": [-8.438417434692383, -3.490899085998535], "cheng-soon-ong_2018": [0.5734974145889282, -1.1606336832046509], "cheng-soon-ong_2002": [-10.638564109802246, -3.9573066234588623], "ICML_2005": [5.705639362335205, 5.315770149230957], "ICML_2010": [5.8996262550354, 4.4014787673950195], "ICML_1989": [11.143046379089355, 3.187007427215576], "ICML_1991": [11.11311149597168, 3.2168009281158447], "ICML_2016": [4.531779766082764, 2.1618990898132324], "ICML_2014": [5.446762561798096, 3.6855146884918213], "ICML_2017": [3.034303665161133, -0.32443785667419434], "ICML_2013": [5.478318214416504, 3.2403781414031982], "ICML_2018": [3.2407283782958984, 0.15026184916496277], "ICML_2008": [5.504136085510254, 5.833602428436279], "ICML_2003": [5.687567710876465, 6.923048496246338], "ICML_2006": [5.839408874511719, 5.756420612335205], "ICML_2000": [5.749051570892334, 6.87832498550415], "ICML_2007": [5.569569110870361, 5.895773410797119], "ICML_2004": [5.75338077545166, 6.597681999206543], "ICML_2009": [5.107211112976074, 6.062472820281982], "ICML_2012": [6.035297870635986, 4.478959083557129], "ICML_1997": [10.928633689880371, 4.989643096923828], "ICML_2011": [6.31006383895874, 3.909451723098755], "ICML_1992": [12.96180534362793, 3.5382866859436035], "ICML_1996": [10.113580703735352, 4.450255870819092], "ICML_1998": [10.528063774108887, 4.493402004241943], "ICML_2015": [4.992187976837158, 2.6955158710479736], "ICML_1994": [13.107575416564941, 3.6792426109313965], "ICML_1995": [11.377762794494629, 3.732219696044922], "ICML_1988": [12.901485443115234, 3.251967191696167], "ICML_1993": [13.193599700927734, 3.575129985809326], "ICML_2002": [9.57116985321045, 4.876017093658447], "ICML_1990": [13.201321601867676, 3.4973397254943848], "ICML_2001": [9.85858154296875, 4.804122447967529], "ICML_1999": [10.913189888000488, 4.878710746765137], "ICML_1987": [14.25795841217041, 3.154726266860962], "ICML_1984": [0.9537255167961121, -2.34230375289917], "NIPS_2015": [4.631603717803955, 1.7985938787460327], "NIPS_2002": [7.612115383148193, 6.559723854064941], "NIPS_2012": [5.451878070831299, 2.322841167449951], "NIPS_2010": [5.938290119171143, 3.152066230773926], "NIPS_1992": [8.373276710510254, 8.770054817199707], "NIPS_2016": [3.6681127548217773, 0.4450141489505768], "NIPS_2005": [7.1403489112854, 5.444883823394775], "NIPS_2014": [5.086838722229004, 1.9710309505462646], "NIPS_2008": [6.6106791496276855, 4.583097457885742], "NIPS_1998": [7.863907337188721, 7.747934341430664], "NIPS_1999": [7.892585754394531, 7.377872943878174], "NIPS_1996": [8.665921211242676, 7.999807357788086], "NIPS_2004": [7.194026470184326, 5.937803745269775], "NIPS_2017": [2.8016886711120605, -0.37330910563468933], "NIPS_1994": [8.228687286376953, 8.228867530822754], "NIPS_1990": [8.099641799926758, 8.775640487670898], "NIPS_1989": [7.42287540435791, 9.552346229553223], "NIPS_2003": [7.604704856872559, 6.209105491638184], "NIPS_2013": [5.445539951324463, 2.607036590576172], "NIPS_2006": [7.218815803527832, 5.564457893371582], "NIPS_1988": [7.1052703857421875, 9.961883544921875], "NIPS_2007": [6.856743335723877, 4.99048376083374], "NIPS_1997": [8.76471996307373, 8.120565414428711], "NIPS_1991": [7.858857154846191, 8.60956859588623], "NIPS_2011": [5.8849711418151855, 3.233917713165283], "NIPS_2009": [5.015217304229736, 1.485283374786377], "NIPS_1995": [9.174290657043457, 8.524958610534668], "NIPS_2018": [0.4104970097541809, -1.3776615858078003], "NIPS_2001": [8.245498657226562, 7.381888389587402], "NIPS_1993": [9.040789604187012, 8.56949520111084], "NIPS_2000": [8.402033805847168, 7.60075569152832], "NIPS_1987": [54.03143310546875, -80.03713989257812], "WSDM_2011": [0.8965408205986023, 6.304805278778076], "WSDM_2016": [1.1848865747451782, 5.410210132598877], "WSDM_2009": [10.41678524017334, -7.206153392791748], "WSDM_2018": [1.4566081762313843, 4.9383745193481445], "WSDM_2012": [0.8775456547737122, 6.185481548309326], "WSDM_2017": [1.2536840438842773, 5.4013190269470215], "WSDM_2014": [0.9897878170013428, 6.005229473114014], "WSDM_2010": [10.407632827758789, -7.2090983390808105], "WSDM_2013": [1.2148253917694092, 5.298250198364258], "WSDM_2015": [0.7928983569145203, 6.449699878692627], "WSDM_2008": [-0.7322878837585449, 5.999683380126953], "CIKM_2008": [8.399995803833008, -2.900918483734131], "CIKM_2012": [6.33711051940918, -2.4272654056549072], "CIKM_2009": [7.190616130828857, -2.6973061561584473], "CIKM_2006": [10.098796844482422, -3.4767496585845947], "CIKM_2005": [9.59168529510498, -3.395341157913208], "CIKM_2013": [6.251344203948975, -2.480428457260132], "CIKM_2011": [6.62453556060791, -2.590350389480591], "CIKM_2015": [7.159015655517578, -2.1024162769317627], "CIKM_2003": [11.190692901611328, -3.736269474029541], "CIKM_2010": [7.075648784637451, -2.7301650047302246], "CIKM_2002": [11.417534828186035, -3.8821418285369873], "CIKM_1994": [13.487040519714355, -4.5904059410095215], "CIKM_2007": [9.580817222595215, -3.3716182708740234], "CIKM_2017": [6.094912052154541, -1.8015097379684448], "CIKM_2016": [6.611289024353027, -2.075636625289917], "CIKM_2014": [7.616808891296387, -2.2986302375793457], "CIKM_1993": [12.539346694946289, -4.537376403808594], "CIKM_1995": [13.453107833862305, -4.591481685638428], "CIKM_2004": [10.554744720458984, -3.5701277256011963], "CIKM_2001": [11.953765869140625, -4.063095569610596], "CIKM_2000": [12.64770221710205, -4.015532493591309], "CIKM_1997": [12.230889320373535, -4.341557025909424], "CIKM_1999": [12.024762153625488, -4.15041971206665], "CIKM_1998": [13.684957504272461, -4.324791431427002], "CIKM_1992": [14.248453140258789, -4.928961277008057], "CIKM_1996": [13.464974403381348, -4.5172553062438965], "ICWSM_2007": [-0.628635048866272, 3.8333144187927246], "ICWSM_2008": [4.1051106452941895, -5.765244007110596], "ICWSM_2017": [0.8537700772285461, 2.517775535583496], "ICWSM_2015": [4.054487228393555, -5.210711479187012], "ICWSM_2012": [0.8389427065849304, 2.5362730026245117], "ICWSM_2010": [0.7410503029823303, 3.1749114990234375], "ICWSM_2011": [0.7554547786712646, 2.6683316230773926], "ICWSM_2014": [1.5693055391311646, 3.019890785217285], "ICWSM_2013": [0.8717550039291382, 2.604447603225708], "ICWSM_2009": [0.162107914686203, 3.7151782512664795], "ICWSM_2016": [0.9816544055938721, 2.7376341819763184], "ICWSM_2006": [4.6371541023254395, -9.74858570098877], "WWW_2001": [7.18498420715332, -6.018650054931641], "WWW_2016": [5.607705116271973, -2.4802539348602295], "WWW_2012": [6.02168607711792, -3.0927350521087646], "WWW_2008": [7.08447265625, -4.1851091384887695], "WWW_2009": [7.76745080947876, -4.174685478210449], "WWW_1998": [7.174349784851074, -7.580111503601074], "WWW_2007": [7.14354944229126, -4.675044536590576], "WWW_2005": [7.26428747177124, -5.013470649719238], "WWW_2011": [7.067640781402588, -3.775800943374634], "WWW_2015": [5.046787738800049, -2.5128519535064697], "WWW_2014": [5.203184127807617, -2.577688455581665], "WWW_2003": [6.5860772132873535, -5.042813301086426], "WWW_2013": [5.597287654876709, -2.9077839851379395], "WWW_2004": [6.892906665802002, -5.033559322357178],