{"cheng-soon-ong_2007": [0.45811471343040466, -8.597184181213379], "cheng-soon-ong_2015": [1.115840196609497, -15.12949275970459], "cheng-soon-ong_2016": [1.7933049201965332, -9.17148208618164], "cheng-soon-ong_2008": [-0.09326086193323135, -7.383112907409668], "cheng-soon-ong_2005": [0.8950937390327454, -13.158490180969238], "cheng-soon-ong_2009": [0.39031776785850525, -8.014243125915527], "cheng-soon-ong_2014": [-4.858724594116211, 1.3068760633468628], "cheng-soon-ong_2017": [5.158112525939941, -4.905303955078125], "cheng-soon-ong_2006": [0.2321084886789322, -7.926547050476074], "cheng-soon-ong_2003": [2.134486436843872, -14.990065574645996], "cheng-soon-ong_2004": [3.1126410961151123, -15.510099411010742], "cheng-soon-ong_2012": [-2.7651913166046143, -15.049936294555664], "cheng-soon-ong_2010": [1.402763843536377, -13.933852195739746], "cheng-soon-ong_2013": [1.1567920446395874, -8.401944160461426], "cheng-soon-ong_2011": [-3.176445960998535, -15.183708190917969], "cheng-soon-ong_2018": [-5.278324127197266, 7.0473480224609375], "cheng-soon-ong_2002": [0.15485405921936035, -16.47776985168457], "robert-c-williamson_2014": [0.06057094782590866, -10.85582447052002], "robert-c-williamson_2007": [0.2002837359905243, -16.051349639892578], "robert-c-williamson_2002": [-0.87024986743927, -10.780120849609375], "robert-c-williamson_1998": [-3.7046778202056885, -9.279778480529785], "robert-c-williamson_1999": [-4.2003583908081055, -6.280102252960205], "robert-c-williamson_2001": [-3.802985668182373, -8.017141342163086], "robert-c-williamson_2006": [-0.520721435546875, -13.148167610168457], "robert-c-williamson_1996": [-4.611241340637207, -7.817626953125], "robert-c-williamson_1988": [2.659881353378296, -3.1227946281433105], "robert-c-williamson_2011": [-1.6752679347991943, -12.337138175964355], "robert-c-williamson_2003": [-3.5042688846588135, -7.197099208831787], "robert-c-williamson_1994": [-4.007771015167236, -9.021080017089844], "robert-c-williamson_1993": [-2.513401746749878, -7.040756702423096], "robert-c-williamson_2000": [-3.660184860229492, -7.702083110809326], "robert-c-williamson_1992": [-2.396467447280884, -6.738526821136475], "robert-c-williamson_1991": [-5.798428535461426, -7.92400598526001], "robert-c-williamson_2015": [-1.495940089225769, -12.339069366455078], "robert-c-williamson_2010": [-0.3092957139015198, -14.689533233642578], "robert-c-williamson_1995": [-4.057991027832031, -7.985141754150391], "robert-c-williamson_2018": [12.974209785461426, -6.690227508544922], "robert-c-williamson_2005": [1.0228086709976196, -14.518792152404785], "robert-c-williamson_2016": [0.21562880277633667, -14.711027145385742], "robert-c-williamson_1997": [-3.263538122177124, -8.268847465515137], "robert-c-williamson_1990": [-6.250999927520752, -7.899923801422119], "robert-c-williamson_2017": [12.88962173461914, -6.751293182373047], "robert-c-williamson_2009": [-3.9931182861328125, -12.057398796081543], "robert-c-williamson_2008": [-4.6638031005859375, -12.059279441833496], "robert-c-williamson_2012": [-2.459435224533081, -12.370414733886719], "robert-c-williamson_1985": [-4.975717544555664, 7.852818965911865], "robert-c-williamson_1987": [-5.721213340759277, 7.572091579437256], "robert-c-williamson_2004": [2.7783141136169434, -15.31734848022461], "alexander-j-smola_1998": [-1.0010685920715332, -9.67325496673584], "alexander-j-smola_2007": [2.6957027912139893, -8.130762100219727], "alexander-j-smola_2005": [1.2029104232788086, -10.019518852233887], "alexander-j-smola_1999": [-2.093876600265503, -9.014622688293457], "alexander-j-smola_2010": [2.688202381134033, -8.564346313476562], "alexander-j-smola_2004": [1.2704092264175415, -11.729876518249512], "alexander-j-smola_2018": [13.076998710632324, -4.596757411956787], "alexander-j-smola_2003": [0.6625373959541321, -9.960489273071289], "alexander-j-smola_2006": [1.1605373620986938, -10.291089057922363], "alexander-j-smola_2016": [3.646791934967041, -6.310718536376953], "alexander-j-smola_2000": [-4.323639869689941, -5.6499738693237305], "alexander-j-smola_1992": [-5.003264904022217, 7.274134159088135], "alexander-j-smola_2001": [-2.1786770820617676, -8.878382682800293], "alexander-j-smola_2008": [2.011721611022949, -10.128462791442871], "alexander-j-smola_2017": [4.306344985961914, -6.097992897033691], "alexander-j-smola_2009": [2.682278633117676, -9.136744499206543], "alexander-j-smola_2013": [3.4458577632904053, -10.771846771240234], "alexander-j-smola_2014": [2.4604036808013916, -10.006308555603027], "alexander-j-smola_2012": [2.0982091426849365, -10.094735145568848], "alexander-j-smola_2015": [3.4493422508239746, -6.61518669128418], "alexander-j-smola_2011": [2.7380361557006836, -11.455026626586914], "alexander-j-smola_2002": [0.9050133228302002, -11.810545921325684], "alexander-j-smola_1997": [-1.8648810386657715, -10.216388702392578], "alexander-j-smola_1995": [-5.4125237464904785, 6.933042526245117], "alexander-j-smola_1996": [-5.215157985687256, 8.119370460510254], "christopher-d-manning_2003": [10.064685821533203, -3.9359652996063232], "christopher-d-manning_2014": [7.958805084228516, -4.428126811981201], "christopher-d-manning_2017": [11.382752418518066, -2.879356622695923], "christopher-d-manning_2007": [9.523435592651367, -7.1308746337890625], "christopher-d-manning_2008": [7.936676979064941, -4.393621921539307], "christopher-d-manning_2013": [8.377277374267578, -4.973004341125488], "christopher-d-manning_2016": [11.00291919708252, -3.131441593170166], "christopher-d-manning_2000": [12.903200149536133, -2.2871718406677246], "christopher-d-manning_2010": [9.409181594848633, -6.005221366882324], "christopher-d-manning_2006": [9.81677532196045, -5.234910488128662], "christopher-d-manning_2005": [9.577808380126953, -4.561311721801758], "christopher-d-manning_2002": [10.333993911743164, -3.6925125122070312], "christopher-d-manning_2009": [9.195064544677734, -5.777417182922363], "christopher-d-manning_1995": [13.198780059814453, 0.3037453591823578], "christopher-d-manning_2012": [8.775975227355957, -5.450429916381836], "christopher-d-manning_1998": [12.499905586242676, 0.1790345460176468], "christopher-d-manning_2011": [8.881314277648926, -5.601194381713867], "christopher-d-manning_1996": [13.300110816955566, -0.9202683568000793], "christopher-d-manning_2004": [9.878180503845215, -4.3282470703125], "christopher-d-manning_2015": [9.076664924621582, -4.526576519012451], "christopher-d-manning_2001": [12.598928451538086, -0.938262403011322], "christopher-d-manning_1999": [12.74832534790039, -0.2511827349662781], "christopher-d-manning_2018": [13.745708465576172, -4.509930610656738], "christopher-d-manning_1993": [10.25919246673584, -8.389420509338379], "richard-socher_2014": [9.336173057556152, -9.227219581604004], "richard-socher_2013": [9.179045677185059, -8.674078941345215], "richard-socher_2012": [8.98289680480957, -9.276660919189453], "richard-socher_2011": [9.018534660339355, -9.859582901000977], "richard-socher_2016": [13.4612455368042, -4.192355632781982], "richard-socher_2017": [11.915693283081055, -2.9406418800354004], "richard-socher_2018": [11.785710334777832, -2.9270598888397217], "richard-socher_2009": [-1.63435697555542, -15.313549995422363], "richard-socher_2010": [8.854170799255371, -10.586691856384277], "richard-socher_2015": [14.110302925109863, -3.7811548709869385], "andrew-y-ng_2010": [5.163349151611328, -8.740134239196777], "andrew-y-ng_2001": [5.445202827453613, -11.198617935180664], "andrew-y-ng_2012": [4.99688720703125, -9.549362182617188], "andrew-y-ng_1998": [2.6960947513580322, -12.61067008972168], "andrew-y-ng_2008": [4.9677581787109375, -8.8198881149292], "andrew-y-ng_2011": [4.316802978515625, -8.663054466247559], "andrew-y-ng_2009": [3.7710728645324707, -8.083765029907227], "andrew-y-ng_2013": [8.973414421081543, -8.533711433410645], "andrew-y-ng_2004": [5.476860523223877, -10.402411460876465], "andrew-y-ng_1999": [4.665762424468994, -13.066938400268555],