{"rajeev-gore_2002": [7.025566577911377, 0.22584177553653717], "rajeev-gore_1999": [5.9310126304626465, -0.9111267924308777], "rajeev-gore_2005": [7.187890529632568, -0.6395519375801086], "rajeev-gore_2011": [6.063083171844482, -0.095115527510643], "rajeev-gore_2012": [5.997008800506592, -0.4070325493812561], "rajeev-gore_1997": [7.954783916473389, 0.33199718594551086], "rajeev-gore_2001": [6.905617713928223, 0.2887805104255676], "rajeev-gore_1998": [5.807695388793945, -0.3600428104400635], "rajeev-gore_2010": [6.31917667388916, 0.3958240747451782], "rajeev-gore_2016": [6.166646957397461, -0.37191635370254517], "rajeev-gore_2000": [6.5195841789245605, 0.16248077154159546], "rajeev-gore_2013": [6.479827880859375, 0.8488953709602356], "rajeev-gore_2009": [6.285277843475342, 0.35059812664985657], "rajeev-gore_2017": [6.040907859802246, 1.0519952774047852], "rajeev-gore_2018": [7.204626560211182, 3.2655742168426514], "rajeev-gore_2014": [5.919860363006592, 0.37902939319610596], "rajeev-gore_2007": [6.582209587097168, 0.15793947875499725], "rajeev-gore_2004": [8.051151275634766, 0.7313218116760254], "rajeev-gore_2003": [7.8625311851501465, 0.5991708636283875], "rajeev-gore_1996": [7.594788074493408, -0.9522204399108887], "rajeev-gore_2008": [7.227784156799316, -0.4905552268028259], "rajeev-gore_2015": [6.8534159660339355, 2.8639285564422607], "rajeev-gore_1989": [6.526055812835693, 4.4705305099487305], "alwen-tiu_2007": [7.36784029006958, 1.1877909898757935], "alwen-tiu_2014": [6.844998359680176, 1.6213176250457764], "alwen-tiu_2011": [7.457318305969238, -0.8359313011169434], "alwen-tiu_2006": [7.502321720123291, 0.6606431603431702], "alwen-tiu_2004": [2.9294633865356445, 2.704376697540283], "alwen-tiu_2017": [6.26318883895874, 3.2629008293151855], "alwen-tiu_2010": [7.41258430480957, 1.3788319826126099], "alwen-tiu_2015": [6.873878002166748, 2.7353835105895996], "alwen-tiu_2012": [7.386134147644043, 1.7404870986938477], "alwen-tiu_2008": [7.528952598571777, -0.6127956509590149], "alwen-tiu_2018": [7.010666370391846, 3.1844351291656494], "alwen-tiu_2016": [6.461669921875, 2.6802661418914795], "alwen-tiu_2003": [8.125936508178711, 1.7991127967834473], "alwen-tiu_2013": [6.998619079589844, 1.6047664880752563], "alwen-tiu_2005": [7.762847423553467, 1.6974328756332397], "alwen-tiu_2009": [7.200136661529541, 1.1554676294326782], "alwen-tiu_2002": [8.203959465026855, 2.053630828857422], "alwen-tiu_2001": [8.381267547607422, 1.549259066581726], "CSL_2015": [3.5028388500213623, 2.367441415786743], "CSL_2000": [3.6175789833068848, 1.147688388824463], "CSL_2006": [4.634944915771484, 1.4160575866699219], "CSL_1999": [3.756431818008423, 1.6214725971221924], "CSL_2002": [3.8302347660064697, 1.334501028060913], "CSL_2012": [3.7793643474578857, 1.8534364700317383], "CSL_1991": [2.8742246627807617, 1.1448767185211182], "CSL_2016": [3.31596040725708, 2.1467010974884033], "CSL_1987": [2.3470065593719482, 0.8315420746803284], "CSL_1996": [3.396578788757324, 1.0810402631759644], "CSL_2013": [3.5604469776153564, 1.5343513488769531], "CSL_1997": [3.5335047245025635, 0.8843685984611511], "CSL_1998": [3.600687026977539, 1.1471986770629883], "CSL_1994": [3.0384278297424316, 1.4067721366882324], "CSL_2009": [4.167663097381592, 1.8849079608917236], "CSL_2001": [3.989853858947754, 1.4882125854492188], "CSL_2017": [3.2958457469940186, 2.1894209384918213], "CSL_2007": [4.273101806640625, 1.4789059162139893], "CSL_2003": [3.914646863937378, 2.1486098766326904], "CSL_2005": [4.506079196929932, 1.2528679370880127], "CSL_2011": [3.807382822036743, 1.3556879758834839], "CSL_2008": [4.399745464324951, 1.2224106788635254], "CSL_2018": [2.9294633865356445, 2.704376459121704], "CSL_1992": [2.8273282051086426, 0.6688272356987], "CSL_1993": [5.268240451812744, 1.8032526969909668], "CSL_2004": [4.760095119476318, 1.414717197418213], "CSL_1989": [2.2169430255889893, 0.6474921703338623], "CSL_2010": [4.047955513000488, 1.563143253326416], "CSL_1988": [2.550784111022949, 1.002339482307434], "CSL_1990": [2.7179439067840576, 0.9822837710380554], "CSL_1995": [3.1833832263946533, 0.6784089207649231], "CSL_1976": [2.9294631481170654, 2.704376697540283], "LICS_1988": [3.0320632457733154, 1.635298252105713], "LICS_2016": [3.3590505123138428, 2.4801108837127686], "LICS_2011": [4.218976974487305, 1.9345483779907227], "LICS_2017": [3.3177404403686523, 2.4491984844207764], "LICS_1991": [3.2292821407318115, 1.756888508796692], "LICS_2013": [3.4834601879119873, 2.3806657791137695], "LICS_2014": [3.6222751140594482, 2.4588887691497803], "LICS_2015": [3.478616952896118, 2.396824836730957], "LICS_2010": [3.757538318634033, 1.9198439121246338], "LICS_2005": [3.9059925079345703, 2.0522494316101074], "LICS_1997": [3.270613431930542, 1.9947761297225952], "LICS_1995": [3.1511034965515137, 2.0537984371185303], "LICS_2018": [3.436379909515381, 2.566725492477417], "LICS_2012": [3.7644379138946533, 2.151501178741455], "LICS_1998": [3.5476791858673096, 1.6128209829330444], "LICS_1992": [3.052582263946533, 1.9222958087921143], "LICS_1989": [3.0308969020843506, 1.6769777536392212], "LICS_2001": [3.954582929611206, 1.6418415307998657], "LICS_1990": [3.083371639251709, 1.7187577486038208], "LICS_2002": [4.308272361755371, 1.8232922554016113], "LICS_1986": [4.782803535461426, 5.474886894226074], "LICS_2006": [4.342979907989502, 1.3869891166687012], "LICS_2008": [4.244560718536377, 1.7423510551452637], "LICS_2009": [4.261868953704834, 1.7197800874710083], "LICS_2000": [3.783942222595215, 1.2034835815429688], "LICS_1987": [5.3321452140808105, 1.8159823417663574], "LICS_2004": [4.1138105392456055, 1.946336269378662], "LICS_1994": [3.133808135986328, 2.090022563934326], "LICS_1996": [3.1703925132751465, 1.7238597869873047], "LICS_2003": [4.4310832023620605, 1.5723037719726562], "LICS_1999": [3.6134192943573, 1.5525131225585938], "LICS_1985": [2.929464340209961, 2.704376459121704], "LICS_1993": [3.1458797454833984, 2.044370174407959], "LICS_2007": [4.224783897399902, 1.5965328216552734], "LICS_1978": [2.929464340209961, 2.704376459121704], "LICS_1981": [2.930222272872925, 2.7056050300598145], "TABLEAUX_2000": [4.49497652053833, 0.2829647958278656], "TABLEAUX_2011": [4.91576623916626, 0.43325716257095337], "TABLEAUX_1997": [4.25376558303833, -0.33564841747283936], "TABLEAUX_2002": [5.337257385253906, 0.2037801444530487], "TABLEAUX_2005": [5.255267143249512, 0.2379191517829895], "TABLEAUX_1999": [4.7252044677734375, 0.19193007051944733], "TABLEAUX_1998": [4.223350524902344, 0.15138190984725952], "TABLEAUX_2007": [5.660125255584717, 0.25457531213760376], "TABLEAUX_2013": [4.771509647369385, 0.43565770983695984], "TABLEAUX_1992": [1.738527774810791, 2.4949047565460205], "TABLEAUX_2017": [4.861543655395508, 0.12103274464607239], "TABLEAUX_1995": [4.149892807006836, -0.6023799180984497], "TABLEAUX_2009": [4.9259843826293945, 0.4454914629459381], "TABLEAUX_2015": [4.619166374206543, 0.1279304325580597], "TABLEAUX_2003": [5.23551607131958, 0.15240199863910675], "TABLEAUX_1996": [4.178438186645508, -0.6430030465126038], "TABLEAUX_1993": [2.929464340209961, 2.7043769359588623], "POPL_1993": [4.367514133453369, 4.162283897399902], "POPL_2017": [3.6481411457061768, 2.925391912460327], "POPL_1980": [2.8220369815826416, 5.084272384643555], "POPL_2001": [5.117247104644775, 4.459441184997559], "POPL_2016": [4.276120662689209, 3.095656633377075], "POPL_2005": [5.308919429779053, 3.700119733810425], "POPL_1996": [4.638225078582764, 4.287893295288086], "POPL_1988": [4.555329322814941, 5.065953731536865], "POPL_2006": [5.1171159744262695, 3.602895975112915], "POPL_2007": [4.899749279022217, 3.1965653896331787], "POPL_1991": [4.377134799957275, 4.5096917152404785], "POPL_1977": [2.7908267974853516, 5.077592849731445], "POPL_1982": [3.8477535247802734, 4.732437610626221], "POPL_2004": [5.263319969177246, 3.7466485500335693], "POPL_1989": [3.5771405696868896, 3.1207571029663086], "POPL_1981": [3.0228538513183594, 5.053107738494873],