{"cheng-soon-ong_2007": [0.011445065421892959, 0.013199539650703345], "cheng-soon-ong_2015": [0.035290621432014814, 0.04875328024730556], "cheng-soon-ong_2016": [0.003536401459034227, 0.002147134572801994], "cheng-soon-ong_2008": [0.022130981838800256, 0.02285653819640183], "cheng-soon-ong_2005": [0.021166644393725877, 0.02611867348682864], "cheng-soon-ong_2009": [0.0011593817781965746, 0.008668717233809799], "cheng-soon-ong_2014": [-0.0024977151415616753, -0.002587413942102181], "cheng-soon-ong_2017": [0.004062424595246661, 0.001422870216621209], "cheng-soon-ong_2006": [0.0077520681738736255, 0.00925112451987557], "cheng-soon-ong_2003": [0.04597190627291178, 0.0743985725994011], "cheng-soon-ong_2004": [0.04942792310935224, 0.5221310782103781], "cheng-soon-ong_2012": [0.0123196417879615, 0.021274940313998045], "cheng-soon-ong_2010": [0.02402876001852357, 0.02314510654776718], "cheng-soon-ong_2013": [0.002780828595539864, 0.0032311203492808097], "cheng-soon-ong_2011": [0.0033473994821367208, 0.005095466927144604], "cheng-soon-ong_2018": [-0.003123438124366028, -0.0029186587279515404], "cheng-soon-ong_2002": [0.570850257169944, -0.061883966548160085], "ICML_2005": [-0.002955977264174398, -0.002414350589146586], "ICML_2010": [-0.0029536175475124446, -0.0025808430028069072], "ICML_1989": [-0.0030891538642234613, -0.0028032064700092858], "ICML_1991": [-0.003087443123495499, -0.00279088581779482], "ICML_2016": [-0.0030070741722808044, -0.002778888848752184], "ICML_2014": [-0.002915597094517734, -0.0026834947134534793], "ICML_2017": [-0.0030810077385480055, -0.002865335111805681], "ICML_2013": [-0.0029582783061518937, -0.002714173521657044], "ICML_2018": [-0.0030823572592232388, -0.0028735350853151716], "ICML_2008": [-0.002858977706728425, -0.002355381103984619], "ICML_2003": [-0.002888376645196255, -0.0020612331582463782], "ICML_2006": [-0.002921330270902591, -0.0023558662747234227], "ICML_2000": [-0.0030469288070076044, -0.002403016777823849], "ICML_2007": [-0.0028526504442396954, -0.0023206509566849696], "ICML_2004": [-0.0029274808517772686, -0.002263812681491959], "ICML_2009": [-0.002808837924478113, -0.00227177629863284], "ICML_2012": [-0.0029137786874799333, -0.0025836761556135472], "ICML_1997": [-0.0028589853170540077, -0.0016135866962168326], "ICML_2011": [-0.0029263182625463994, -0.002629580121100128], "ICML_1992": [-0.00302751426151027, -0.002725935546533667], "ICML_1996": [-0.0029838219906825323, -0.0023192244646188472], "ICML_1998": [-0.0029134246585641116, -0.0017201796676539146], "ICML_2015": [-0.002982446376429797, -0.0027523139218077674], "ICML_1994": [-0.0029111817519802525, -0.002004781494428041], "ICML_1995": [-0.003012148748591361, -0.002442746466025079], "ICML_1988": [-0.0030708270791185038, -0.0027876630004431214], "ICML_1993": [-0.0029317669145674215, -0.002273711497371217], "ICML_2002": [-0.002819302726593959, -0.0015387438129624768], "ICML_1990": [-0.0030143111706220247, -0.0025678567984021086], "ICML_2001": [-0.002872053828863477, -0.0016182916252129032], "ICML_1999": [-0.0028989892189054726, -0.0012895636679210799], "ICML_1987": [-0.0028154275279014657, -0.0017831449165905844], "ICML_1984": [-0.003123438124366028, -0.0029186587279515404], "NIPS_2015": [-0.003018859674707699, -0.0027894003471139912], "NIPS_2002": [-0.003030532277511046, -0.002572905782792616], "NIPS_2012": [-0.003004449468818136, -0.002763339938930365], "NIPS_2010": [-0.002987573646975271, -0.0026959323809676557], "NIPS_1992": [-0.003062096218663545, -0.0026585171683019904], "NIPS_2016": [-0.0030580497105743743, -0.002841340454612729], "NIPS_2005": [-0.0029858241580538263, -0.0025763733142231708], "NIPS_2014": [-0.0030183572183144656, -0.0027816521668904957], "NIPS_2008": [-0.0029448911558576023, -0.0025967807617249135], "NIPS_1998": [-0.003061949456535519, -0.002594537823969751], "NIPS_1999": [-0.0030578680977138653, -0.0025572128242693894], "NIPS_1996": [-0.0030425798191573146, -0.0025221352943044944], "NIPS_2004": [-0.002987971252510295, -0.0025251171845364867], "NIPS_2017": [-0.003086400427473365, -0.0028753886881263484], "NIPS_1994": [-0.003054706159944565, -0.002611008601788399], "NIPS_1990": [-0.003075857913304721, -0.002607963423408911], "NIPS_1989": [-0.0030929208658756332, -0.002735625678387585], "NIPS_2003": [-0.0030257179856431637, -0.0026160718951124596], "NIPS_2013": [-0.0030002137927848827, -0.002746603433730891], "NIPS_2006": [-0.0029850140266668057, -0.0025518632746822775], "NIPS_1988": [-0.0031144437172742796, -0.0028692205762022357], "NIPS_2007": [-0.0029646989096285934, -0.002565193069490627], "NIPS_1997": [-0.0030645305423996974, -0.0025455900955855724], "NIPS_1991": [-0.003073573433814793, -0.0026254882554879464], "NIPS_2011": [-0.0029730642914598208, -0.0027036209029448308], "NIPS_2009": [-0.003040843036312258, -0.002788396646794796], "NIPS_1995": [-0.0030472819939057, -0.0024641175569834646], "NIPS_2018": [-0.003123438124366028, -0.0029186587279515404], "NIPS_2001": [-0.0030419351206126453, -0.0024958537669147757], "NIPS_1993": [-0.0030361901658045253, -0.002503929350804868], "NIPS_2000": [-0.0030533493510971847, -0.0025031238842506457], "NIPS_1987": [-0.0035902117312533633, -0.003417675396748739], "WSDM_2011": [-0.0029661164116008484, -0.0026384482401555776], "WSDM_2016": [-0.0030108693573245547, -0.0026387380973322888], "WSDM_2009": [-0.002833631991804568, -0.0021925670175421425], "WSDM_2018": [-0.0030245394029216515, -0.0027486188949486495], "WSDM_2012": [-0.0030060148087553548, -0.0026796378868427515], "WSDM_2017": [-0.0030153795336010673, -0.0027209089584146863], "WSDM_2014": [-0.002942105967166979, -0.0025963200627469544], "WSDM_2010": [-0.002955338600508268, -0.0021575681029464616], "WSDM_2013": [-0.0029964844835933, -0.0026663349691080753], "WSDM_2015": [-0.0028214474899040205, -0.002490410243010083], "WSDM_2008": [-0.002737161503596525, -0.002195589363633827], "CIKM_2008": [-0.0030827004692053814, -0.0027758614365832527], "CIKM_2012": [-0.0030961124369786597, -0.0028649940674228065], "CIKM_2009": [-0.0030953932211728067, -0.0028292877725735097], "CIKM_2006": [-0.0030538591713870295, -0.0026076451581424367], "CIKM_2005": [-0.003090580712777775, -0.002661541388017188], "CIKM_2013": [-0.003096551121389955, -0.002860446722503713], "CIKM_2011": [-0.003093854935779102, -0.0028484790895562176], "CIKM_2015": [-0.0030657911647259286, -0.0028352663049763887], "CIKM_2003": [-0.003041305082626034, -0.002528687490067636], "CIKM_2010": [-0.0030904429145064056, -0.002843777347171324], "CIKM_2002": [-0.00307730125999765, -0.002662365798813229], "CIKM_1994": [-0.0031227521598199783, -0.002893686242494762], "CIKM_2007": [-0.0030736019589800295, -0.002684078043692316], "CIKM_2017": [-0.0030812925813876674, -0.0028567449158665693], "CIKM_2016": [-0.003087342647666931, -0.0028641723400737685], "CIKM_2014": [-0.0030805725909360173, -0.0028362559985666076], "CIKM_1993": [-0.0031150506066725727, -0.002833500493843445], "CIKM_1995": [-0.0031202924581760663, -0.002862106921825704], "CIKM_2004": [-0.0030536554211754888, -0.00255508997491283], "CIKM_2001": [-0.0030720750174868827, -0.0025492220968192235], "CIKM_2000": [-0.0030875145698438574, -0.0025806616453235886], "CIKM_1997": [-0.0030964780248295574, -0.0028641902212811748], "CIKM_1999": [-0.0031004526991810634, -0.002677651668044879], "CIKM_1998": [-0.0030994428618445233, -0.002666483095156582], "CIKM_1992": [-0.003127855286938394, -0.0029227671624545565], "CIKM_1996": [-0.0031151961387201315, -0.002815526056474838], "ICWSM_2007": [-0.003011815516683503, -0.002410460382053557], "ICWSM_2008": [-0.0031043030904068375, -0.00273730659740142], "ICWSM_2017": [-0.0030595509958993663, -0.0028819420168251435], "ICWSM_2015": [-0.0030507411394162377, -0.0028249526484823836], "ICWSM_2012": [-0.003064023920564199, -0.002842900798153051], "ICWSM_2010": [-0.003035012976317455, -0.0027807635395294913], "ICWSM_2011": [-0.0030493691094307072, -0.0028353399921680045],