{"cheng-soon-ong_2007": [15.581684112548828, -27.519752502441406], "cheng-soon-ong_2015": [12.07691478729248, -30.21885871887207], "cheng-soon-ong_2016": [11.886176109313965, -15.593398094177246], "cheng-soon-ong_2008": [16.318897247314453, -25.446979522705078], "cheng-soon-ong_2005": [15.49662971496582, -28.91923713684082], "cheng-soon-ong_2009": [17.41050148010254, -27.2084903717041], "cheng-soon-ong_2014": [5.874635219573975, -14.659855842590332], "cheng-soon-ong_2017": [19.834779739379883, -11.445671081542969], "cheng-soon-ong_2006": [16.233909606933594, -26.503868103027344], "cheng-soon-ong_2003": [14.20815658569336, -31.553194046020508], "cheng-soon-ong_2004": [15.223419189453125, -33.59691619873047], "cheng-soon-ong_2012": [19.250268936157227, -21.03052520751953], "cheng-soon-ong_2010": [13.806282043457031, -28.000713348388672], "cheng-soon-ong_2013": [6.910801410675049, -15.177680015563965], "cheng-soon-ong_2011": [20.215818405151367, -20.55415916442871], "cheng-soon-ong_2018": [-54.09565734863281, 9.7865571975708], "cheng-soon-ong_2002": [9.763528823852539, -32.0994758605957], "robert-c-williamson_2014": [10.5192232131958, -18.888059616088867], "robert-c-williamson_2007": [10.341867446899414, -31.308732986450195], "robert-c-williamson_2002": [7.396955966949463, -22.368919372558594], "robert-c-williamson_1998": [0.8089195489883423, -23.606834411621094], "robert-c-williamson_1999": [-1.0781502723693848, -18.695951461791992], "robert-c-williamson_2001": [-0.24948543310165405, -21.21462059020996], "robert-c-williamson_2006": [9.524704933166504, -25.631887435913086], "robert-c-williamson_1996": [-1.8077815771102905, -20.663061141967773], "robert-c-williamson_1988": [-5.8069634437561035, -19.25399398803711], "robert-c-williamson_2011": [7.144201755523682, -27.61634063720703], "robert-c-williamson_2003": [0.9318287968635559, -21.960956573486328], "robert-c-williamson_1994": [-0.2849991023540497, -24.347373962402344], "robert-c-williamson_1993": [-2.282191038131714, -24.36688804626465], "robert-c-williamson_2000": [0.22978751361370087, -20.57224464416504], "robert-c-williamson_1992": [-1.7458975315093994, -25.70616912841797], "robert-c-williamson_1991": [-3.559610366821289, -20.190439224243164], "robert-c-williamson_2015": [7.424873352050781, -27.516664505004883], "robert-c-williamson_2010": [10.73227596282959, -28.5780086517334], "robert-c-williamson_1995": [-1.3374460935592651, -21.629732131958008], "robert-c-williamson_2018": [21.450403213500977, -9.765813827514648], "robert-c-williamson_2005": [13.59139633178711, -30.36292266845703], "robert-c-williamson_2016": [11.18977165222168, -29.508012771606445], "robert-c-williamson_1997": [-1.4108418226242065, -23.203716278076172], "robert-c-williamson_1990": [-4.935399532318115, -19.635316848754883], "robert-c-williamson_2017": [20.91563606262207, -10.561810493469238], "robert-c-williamson_2009": [4.1378936767578125, -28.25457763671875], "robert-c-williamson_2008": [3.153069019317627, -29.17031478881836], "robert-c-williamson_2012": [5.917003154754639, -28.117910385131836], "robert-c-williamson_1985": [-55.202274322509766, 10.526998519897461], "robert-c-williamson_1987": [-56.02344512939453, 9.59437370300293], "robert-c-williamson_2004": [14.687772750854492, -32.773902893066406], "alexander-j-smola_1998": [5.9056925773620605, -19.562028884887695], "alexander-j-smola_2007": [9.295792579650879, -13.744190216064453], "alexander-j-smola_2005": [8.896085739135742, -17.485509872436523], "alexander-j-smola_1999": [2.6625847816467285, -19.8378849029541], "alexander-j-smola_2010": [9.605572700500488, -14.502660751342773], "alexander-j-smola_2004": [9.420671463012695, -21.716054916381836], "alexander-j-smola_2018": [23.013446807861328, -7.430603504180908], "alexander-j-smola_2003": [7.559534072875977, -18.60763931274414], "alexander-j-smola_2006": [8.933501243591309, -18.44900894165039], "alexander-j-smola_2016": [16.12700843811035, -12.342939376831055], "alexander-j-smola_2000": [-5.750741958618164, -12.564894676208496], "alexander-j-smola_1992": [-52.95734786987305, 10.25671100616455], "alexander-j-smola_2001": [2.1519370079040527, -19.79749298095703], "alexander-j-smola_2008": [10.85206127166748, -17.294771194458008], "alexander-j-smola_2017": [16.69629669189453, -11.155816078186035], "alexander-j-smola_2009": [9.681818962097168, -15.41092300415039], "alexander-j-smola_2013": [14.185681343078613, -16.65193748474121], "alexander-j-smola_2014": [12.610011100769043, -16.611289978027344], "alexander-j-smola_2012": [12.011587142944336, -17.011465072631836], "alexander-j-smola_2015": [15.74264144897461, -12.66775131225586], "alexander-j-smola_2011": [13.283858299255371, -18.9836368560791], "alexander-j-smola_2002": [9.26671314239502, -22.522172927856445], "alexander-j-smola_1997": [5.054362773895264, -20.60660743713379], "alexander-j-smola_1995": [-54.42625427246094, 8.371910095214844], "alexander-j-smola_1996": [-52.81736373901367, 8.014345169067383], "christopher-d-manning_2003": [24.057525634765625, 2.041048526763916], "christopher-d-manning_2014": [19.73221778869629, 4.94163179397583], "christopher-d-manning_2017": [25.333145141601562, -1.7819050550460815], "christopher-d-manning_2007": [20.06273651123047, -0.5822387337684631], "christopher-d-manning_2008": [19.664098739624023, 5.131263732910156], "christopher-d-manning_2013": [19.769817352294922, 3.7228808403015137], "christopher-d-manning_2016": [25.358592987060547, -1.030273675918579], "christopher-d-manning_2000": [26.315834045410156, -4.317574501037598], "christopher-d-manning_2010": [19.290367126464844, 0.8296714425086975], "christopher-d-manning_2006": [21.501800537109375, 1.194177508354187], "christopher-d-manning_2005": [22.396942138671875, 2.309659004211426], "christopher-d-manning_2002": [24.84739875793457, 1.4722119569778442], "christopher-d-manning_2009": [19.77044677734375, 1.5252379179000854], "christopher-d-manning_1995": [27.426172256469727, 4.475875377655029], "christopher-d-manning_2012": [19.858644485473633, 2.6522088050842285], "christopher-d-manning_1998": [29.108585357666016, 3.9556217193603516], "christopher-d-manning_2011": [19.197145462036133, 2.310685873031616], "christopher-d-manning_1996": [28.945833206176758, 1.8925162553787231], "christopher-d-manning_2004": [23.161405563354492, 2.056053638458252], "christopher-d-manning_2015": [21.391366958618164, 3.439152717590332], "christopher-d-manning_2001": [27.228052139282227, 2.521847724914551], "christopher-d-manning_1999": [28.171226501464844, 3.2428407669067383], "christopher-d-manning_2018": [23.06233787536621, -5.967954635620117], "christopher-d-manning_1993": [28.95460319519043, -9.54598617553711], "richard-socher_2014": [28.52708625793457, -11.574928283691406], "richard-socher_2013": [29.65234375, -11.2087984085083], "richard-socher_2012": [29.43042755126953, -12.496824264526367], "richard-socher_2011": [28.10662078857422, -12.737284660339355], "richard-socher_2016": [23.85123062133789, -6.789438724517822], "richard-socher_2017": [24.804893493652344, -3.1285548210144043], "richard-socher_2018": [24.54767417907715, -2.7687807083129883], "richard-socher_2009": [19.498882293701172, -23.13298225402832], "richard-socher_2010": [27.32411003112793, -13.725372314453125], "richard-socher_2015": [25.232938766479492, -7.213931560516357], "andrew-y-ng_2010": [9.243361473083496, -7.990170001983643], "andrew-y-ng_2001": [12.901487350463867, -12.212013244628906], "andrew-y-ng_2012": [11.055947303771973, -9.148858070373535], "andrew-y-ng_1998": [10.974510192871094, -22.665775299072266], "andrew-y-ng_2008": [9.619321823120117, -8.547335624694824], "andrew-y-ng_2011": [9.302321434020996, -9.83954906463623], "andrew-y-ng_2009": [8.15660572052002, -11.089929580688477], "andrew-y-ng_2013": [30.034860610961914, -11.187561988830566], "andrew-y-ng_2004": [12.74796199798584, -10.427221298217773], "andrew-y-ng_1999": [13.607452392578125, -21.925987243652344],