{"cheng-soon-ong_2007": [20.19318199157715, 16.20789337158203], "cheng-soon-ong_2015": [17.047340393066406, 19.46724510192871], "cheng-soon-ong_2016": [17.30518913269043, 11.274429321289062], "cheng-soon-ong_2008": [22.118131637573242, 16.162464141845703], "cheng-soon-ong_2005": [19.142419815063477, 16.8638973236084], "cheng-soon-ong_2009": [20.729307174682617, 15.148442268371582], "cheng-soon-ong_2014": [22.171464920043945, 13.144100189208984], "cheng-soon-ong_2017": [18.1120548248291, 12.338172912597656], "cheng-soon-ong_2006": [21.241092681884766, 15.879715919494629], "cheng-soon-ong_2003": [17.063058853149414, 17.59274673461914], "cheng-soon-ong_2004": [16.306333541870117, 16.240739822387695], "cheng-soon-ong_2012": [11.21984577178955, 18.795591354370117], "cheng-soon-ong_2010": [18.954317092895508, 18.715421676635742], "cheng-soon-ong_2013": [21.416873931884766, 13.619669914245605], "cheng-soon-ong_2011": [10.70319938659668, 19.31568717956543], "cheng-soon-ong_2018": [-3.456352710723877, -21.69692039489746], "cheng-soon-ong_2002": [17.59095001220703, 21.69172477722168], "robert-c-williamson_2014": [13.287105560302734, 9.507638931274414], "robert-c-williamson_2007": [17.35378074645996, 21.05126953125], "robert-c-williamson_2002": [12.003865242004395, 8.339078903198242], "robert-c-williamson_1998": [10.21984577178955, 5.0051655769348145], "robert-c-williamson_1999": [9.82631778717041, 0.8114634156227112], "robert-c-williamson_2001": [11.14460563659668, 3.148508310317993], "robert-c-williamson_2006": [14.304006576538086, 17.026052474975586], "robert-c-williamson_1996": [11.80146312713623, 1.9310120344161987], "robert-c-williamson_1988": [14.976798057556152, 0.029811978340148926], "robert-c-williamson_2011": [10.67289924621582, 10.341961860656738], "robert-c-williamson_2003": [9.709670066833496, 2.7982141971588135], "robert-c-williamson_1994": [9.275931358337402, 4.992321968078613], "robert-c-williamson_1993": [7.923964977264404, 4.0008625984191895], "robert-c-williamson_2000": [10.703069686889648, 2.8341000080108643], "robert-c-williamson_1992": [7.417812824249268, 4.892805099487305], "robert-c-williamson_1991": [13.237960815429688, 0.9927413463592529], "robert-c-williamson_2015": [10.842681884765625, 10.456767082214355], "robert-c-williamson_2010": [15.274216651916504, 19.478994369506836], "robert-c-williamson_1995": [11.099516868591309, 2.2647640705108643], "robert-c-williamson_2018": [8.337762832641602, 13.794925689697266], "robert-c-williamson_2005": [17.515697479248047, 18.402191162109375], "robert-c-williamson_2016": [16.2921142578125, 19.4073486328125], "robert-c-williamson_1997": [9.119890213012695, 4.008130073547363], "robert-c-williamson_1990": [14.338171005249023, 0.34880876541137695], "robert-c-williamson_2017": [18.367088317871094, 13.229557991027832], "robert-c-williamson_2009": [8.449700355529785, 9.012544631958008], "robert-c-williamson_2008": [7.379736423492432, 8.971253395080566], "robert-c-williamson_2012": [9.647836685180664, 9.867658615112305], "robert-c-williamson_1985": [-4.080294609069824, -22.233884811401367], "robert-c-williamson_1987": [-1.5715619325637817, -21.268741607666016], "robert-c-williamson_2004": [16.27880859375, 16.85572052001953], "alexander-j-smola_1998": [13.342281341552734, 6.82987642288208], "alexander-j-smola_2007": [16.59076499938965, 7.400142192840576], "alexander-j-smola_2005": [15.115777015686035, 8.792476654052734], "alexander-j-smola_1999": [12.434000968933105, 4.877559661865234], "alexander-j-smola_2010": [16.49256706237793, 7.953428268432617], "alexander-j-smola_2004": [13.229721069335938, 11.349321365356445], "alexander-j-smola_2018": [-4.419273376464844, 19.082611083984375], "alexander-j-smola_2003": [14.426681518554688, 8.070258140563965], "alexander-j-smola_2006": [14.661300659179688, 9.362914085388184], "alexander-j-smola_2016": [16.952983856201172, 5.325858116149902], "alexander-j-smola_2000": [9.001896858215332, 0.11104267090559006], "alexander-j-smola_1992": [-2.1064469814300537, -20.562002182006836], "alexander-j-smola_2001": [12.3338623046875, 4.552057266235352], "alexander-j-smola_2008": [15.540144920349121, 10.065434455871582], "alexander-j-smola_2017": [17.796615600585938, 4.703180313110352], "alexander-j-smola_2009": [16.49960708618164, 8.793160438537598], "alexander-j-smola_2013": [15.894291877746582, 12.439508438110352], "alexander-j-smola_2014": [16.299480438232422, 10.870889663696289], "alexander-j-smola_2012": [15.811969757080078, 10.823234558105469], "alexander-j-smola_2015": [16.810867309570312, 5.7541422843933105], "alexander-j-smola_2011": [14.614739418029785, 12.22548770904541], "alexander-j-smola_2002": [12.931832313537598, 11.790529251098633], "alexander-j-smola_1997": [12.216200828552246, 6.584560871124268], "alexander-j-smola_1995": [-3.0161502361297607, -20.37612533569336], "alexander-j-smola_1996": [-3.3151705265045166, -21.01016616821289], "christopher-d-manning_2003": [-3.259626626968384, 14.560869216918945], "christopher-d-manning_2014": [-0.8803043961524963, 12.08511734008789], "christopher-d-manning_2017": [-5.3137359619140625, 16.17171859741211], "christopher-d-manning_2007": [1.169229507446289, 16.237539291381836], "christopher-d-manning_2008": [-0.9011410474777222, 12.005687713623047], "christopher-d-manning_2013": [-0.5340497493743896, 13.018250465393066], "christopher-d-manning_2016": [-4.866355895996094, 15.70090389251709], "christopher-d-manning_2000": [-6.908759117126465, 17.815298080444336], "christopher-d-manning_2010": [0.04940962791442871, 15.323862075805664], "christopher-d-manning_2006": [-1.289017677307129, 15.311054229736328], "christopher-d-manning_2005": [-2.0050430297851562, 14.428362846374512], "christopher-d-manning_2002": [-3.777656078338623, 14.920220375061035], "christopher-d-manning_2009": [-0.16568449139595032, 14.752657890319824], "christopher-d-manning_1995": [-9.528192520141602, 15.30615520477295], "christopher-d-manning_2012": [-0.341417133808136, 13.836625099182129], "christopher-d-manning_1998": [-10.23481559753418, 16.498350143432617], "christopher-d-manning_2011": [0.026457814499735832, 14.115041732788086], "christopher-d-manning_1996": [-8.92171573638916, 17.683841705322266], "christopher-d-manning_2004": [-2.577641725540161, 14.673013687133789], "christopher-d-manning_2015": [-1.7627276182174683, 13.491679191589355], "christopher-d-manning_2001": [-8.332334518432617, 16.449037551879883], "christopher-d-manning_1999": [-9.332452774047852, 16.422164916992188], "christopher-d-manning_2018": [-4.949092864990234, 20.320798873901367], "christopher-d-manning_1993": [1.7319008111953735, 18.37889862060547], "richard-socher_2014": [3.446829080581665, 18.406333923339844], "richard-socher_2013": [3.0720276832580566, 17.4692440032959], "richard-socher_2012": [4.099806785583496, 17.749784469604492], "richard-socher_2011": [4.403619766235352, 18.731966018676758], "richard-socher_2016": [-4.453454971313477, 19.614185333251953], "richard-socher_2017": [-5.36244010925293, 17.22111701965332], "richard-socher_2018": [-5.3157734870910645, 17.02088165283203], "richard-socher_2009": [13.103912353515625, 20.308433532714844], "richard-socher_2010": [5.2478437423706055, 19.363265991210938], "richard-socher_2015": [-3.3118507862091064, 20.381778717041016], "andrew-y-ng_2010": [21.03923797607422, 7.858645439147949], "andrew-y-ng_2001": [11.055057525634766, 14.720023155212402], "andrew-y-ng_2012": [20.2816162109375, 9.21454906463623], "andrew-y-ng_1998": [12.188493728637695, 12.858489990234375], "andrew-y-ng_2008": [20.646501541137695, 8.063592910766602], "andrew-y-ng_2011": [19.549732208251953, 7.97421932220459], "andrew-y-ng_2009": [18.435890197753906, 7.387358665466309], "andrew-y-ng_2013": [3.070002794265747, 17.139724731445312], "andrew-y-ng_2004": [19.408794403076172, 10.411903381347656], "andrew-y-ng_1999": [13.349493980407715, 14.334383964538574], "andrew-y-ng_2000": [13.468424797058105, 13.646781921386719],