{"cheng-soon-ong_2007": [-2.612374782562256, -0.6708474159240723], "cheng-soon-ong_2015": [-2.8894989490509033, -0.6484077572822571], "cheng-soon-ong_2016": [-2.660804510116577, -0.3991343677043915], "cheng-soon-ong_2008": [0.4528055191040039, -1.0586323738098145], "cheng-soon-ong_2005": [-2.779301404953003, -0.7040413618087769], "cheng-soon-ong_2009": [0.1689796894788742, -1.3613970279693604], "cheng-soon-ong_2014": [-0.3147297203540802, -1.739014744758606], "cheng-soon-ong_2017": [-2.8555760383605957, -0.15574368834495544], "cheng-soon-ong_2006": [0.1984681785106659, -1.0843427181243896], "cheng-soon-ong_2003": [-2.9976067543029785, -0.6724583506584167], "cheng-soon-ong_2004": [-3.072736978530884, -0.6751348376274109], "cheng-soon-ong_2012": [-2.915755271911621, -0.4469164311885834], "cheng-soon-ong_2010": [-2.769531726837158, -0.6062392592430115], "cheng-soon-ong_2013": [-0.03280710428953171, -1.2916288375854492], "cheng-soon-ong_2011": [-3.0455009937286377, -0.27666109800338745], "cheng-soon-ong_2018": [-1.2529323101043701, 0.8846827745437622], "cheng-soon-ong_2002": [0.5254286527633667, -0.5931244492530823], "ICML_2005": [-0.6013513803482056, 1.0958651304244995], "ICML_2010": [-0.7082676291465759, 1.015963077545166], "ICML_1989": [-2.7174575328826904, 0.958702564239502], "ICML_1991": [0.46373826265335083, 1.1530979871749878], "ICML_2016": [-0.9233575463294983, 0.9573538899421692], "ICML_2014": [-0.7711783647537231, 0.9962764978408813], "ICML_2017": [-1.1157840490341187, 0.9148218631744385], "ICML_2013": [-0.8204038739204407, 0.9757028222084045], "ICML_2018": [-1.1380404233932495, 0.8990623950958252], "ICML_2008": [-0.4334152340888977, 1.0466328859329224], "ICML_2003": [-0.0591113306581974, 1.075549840927124], "ICML_2006": [-0.498456746339798, 1.0341814756393433], "ICML_2000": [-0.3760943114757538, 1.0850805044174194], "ICML_2007": [-0.42725855112075806, 1.0257148742675781], "ICML_2004": [-0.31624627113342285, 1.033150315284729], "ICML_2009": [-0.2997085452079773, 1.0173872709274292], "ICML_2012": [-0.6701661348342896, 0.9981091618537903], "ICML_1997": [0.6997238397598267, 0.9985341429710388], "ICML_2011": [-0.7343377470970154, 0.9872311353683472], "ICML_1992": [-3.14350962638855, 0.8443458676338196], "ICML_1996": [0.3956098258495331, 1.016636848449707], "ICML_1998": [0.5809744000434875, 1.037936806678772], "ICML_2015": [-0.8788954019546509, 0.9683602452278137], "ICML_1994": [0.8010678291320801, 1.3457329273223877], "ICML_1995": [-2.8594532012939453, 0.7853901386260986], "ICML_1988": [-3.163788080215454, 0.947562575340271], "ICML_1993": [-3.1630218029022217, 0.8299850821495056], "ICML_2002": [0.3368033170700073, 1.1027729511260986], "ICML_1990": [-3.1800036430358887, 0.8350244760513306], "ICML_2001": [0.4529297351837158, 1.0543204545974731], "ICML_1999": [0.6940162181854248, 1.0414621829986572], "ICML_1987": [1.0518238544464111, 1.7050906419754028], "ICML_1984": [-1.2529330253601074, 0.8846827745437622], "NIPS_2015": [-0.9463768005371094, 0.9453195333480835], "NIPS_2002": [-0.5674955248832703, 0.8561856746673584], "NIPS_2012": [-0.8930214643478394, 0.9475542902946472], "NIPS_2010": [-0.8165104985237122, 0.9482370018959045], "NIPS_1992": [-0.351382851600647, 0.6452940106391907], "NIPS_2016": [-1.0442261695861816, 0.9204530715942383], "NIPS_2005": [-0.6466059684753418, 0.9038928747177124], "NIPS_2014": [-0.9304909110069275, 0.9495290517807007], "NIPS_2008": [-0.691564679145813, 0.9486526250839233], "NIPS_1998": [-0.4794469475746155, 0.7424308657646179], "NIPS_1999": [-0.45816925168037415, 0.8009359836578369], "NIPS_1996": [-0.3128683269023895, 0.740414559841156], "NIPS_2004": [-0.5925631523132324, 0.8759698867797852], "NIPS_2017": [-1.1408592462539673, 0.9059545993804932], "NIPS_1994": [-0.39934495091438293, 0.6983615756034851], "NIPS_1990": [-0.39626142382621765, 0.5978310704231262], "NIPS_1989": [-0.46027910709381104, 0.4756816327571869], "NIPS_2003": [-0.6432477235794067, 0.8219136595726013], "NIPS_2013": [-0.8658561110496521, 0.9445978403091431], "NIPS_2006": [-0.6254863142967224, 0.8897033333778381], "NIPS_1988": [-0.46972182393074036, 0.2808339595794678], "NIPS_2007": [-0.6615394353866577, 0.8981205821037292], "NIPS_1997": [-0.29488277435302734, 0.7179586887359619], "NIPS_1991": [-0.4640269875526428, 0.6574155688285828], "NIPS_2011": [-0.8110692501068115, 0.9553763270378113], "NIPS_2009": [-0.9524389505386353, 0.9195018410682678], "NIPS_1995": [-0.14122486114501953, 0.6519417762756348], "NIPS_2018": [-1.2529319524765015, 0.8846824765205383], "NIPS_2001": [-0.38921257853507996, 0.7814890742301941], "NIPS_1993": [-0.17850317060947418, 0.6716418862342834], "NIPS_2000": [-0.363553911447525, 0.7740197777748108], "NIPS_1987": [-11.371990203857422, -41.70640182495117], "WSDM_2011": [-1.4934245347976685, 2.5602757930755615], "WSDM_2016": [-1.4045610427856445, 2.1882781982421875], "WSDM_2009": [-1.5928196907043457, 2.9986443519592285], "WSDM_2018": [-1.2763069868087769, 1.8388561010360718], "WSDM_2012": [-1.5108346939086914, 2.522562265396118], "WSDM_2017": [-1.3678401708602905, 2.1454339027404785], "WSDM_2014": [-1.4954726696014404, 2.443885326385498], "WSDM_2010": [-1.6178107261657715, 3.0123836994171143], "WSDM_2013": [-1.3704299926757812, 2.143285036087036], "WSDM_2015": [-1.5668702125549316, 2.6500449180603027], "WSDM_2008": [-1.6825779676437378, 3.0910580158233643], "CIKM_2008": [-1.06862473487854, 1.4618170261383057], "CIKM_2012": [-1.1367396116256714, 1.2472190856933594], "CIKM_2009": [-1.1001783609390259, 1.3167192935943604], "CIKM_2006": [-0.9461092352867126, 1.8563491106033325], "CIKM_2005": [-0.9701535701751709, 1.6560118198394775], "CIKM_2013": [-1.148271083831787, 1.2547216415405273], "CIKM_2011": [-1.1103031635284424, 1.2668941020965576], "CIKM_2015": [-1.0925675630569458, 1.3179717063903809], "CIKM_2003": [-0.7659999132156372, 2.301586151123047], "CIKM_2010": [-1.110890507698059, 1.3141744136810303], "CIKM_2002": [-0.729394257068634, 2.1907639503479004], "CIKM_1994": [-0.3764440715312958, 2.8110923767089844], "CIKM_2007": [-1.0054469108581543, 1.676367998123169], "CIKM_2017": [-1.129114031791687, 1.241004228591919], "CIKM_2016": [-1.131024718284607, 1.2811799049377441], "CIKM_2014": [-1.1121844053268433, 1.3740308284759521], "CIKM_1993": [-0.4876236617565155, 2.511993169784546], "CIKM_1995": [-0.38467973470687866, 2.8058741092681885], "CIKM_2004": [-0.8954847455024719, 2.0299389362335205], "CIKM_2001": [-0.613651692867279, 2.3772497177124023], "CIKM_2000": [-0.5096127390861511, 2.6650168895721436], "CIKM_1997": [-0.5693874955177307, 2.4211952686309814], "CIKM_1999": [-0.6065025329589844, 2.3816685676574707], "CIKM_1998": [-0.37678197026252747, 2.859405994415283], "CIKM_1992": [-0.2669305205345154, 3.0015459060668945], "CIKM_1996": [-0.3835696578025818, 2.8098835945129395], "ICWSM_2007": [-1.633718729019165, 2.340280771255493], "ICWSM_2008": [-1.851701021194458, 2.4730539321899414], "ICWSM_2017": [-1.5245391130447388, 1.81610906124115], "ICWSM_2015": [-1.7821813821792603, 2.3554747104644775], "ICWSM_2012": [-1.5045758485794067, 1.8071802854537964], "ICWSM_2010": [-1.6252959966659546, 2.1061418056488037], "ICWSM_2011": [-1.4235633611679077, 1.8000926971435547], "ICWSM_2014": [-1.7571662664413452, 2.295180082321167], "ICWSM_2013": [-1.5327268838882446, 1.8880404233932495], "ICWSM_2009": [-1.580318570137024, 2.250614643096924], "ICWSM_2016": [-1.611268401145935, 2.0112180709838867], "ICWSM_2006": [-1.7553460597991943, 3.2655391693115234], "WWW_2001": [-1.0491358041763306, 1.4263726472854614], "WWW_2016": [-1.1787080764770508, 1.2175174951553345], "WWW_2012": [-1.1737545728683472, 1.268796682357788], "WWW_2008": [-1.1247289180755615, 1.3695327043533325], "WWW_2009": [-1.1407535076141357, 1.466288685798645], "WWW_1998": [-0.6227309703826904, 1.8282698392868042], "WWW_2007": [-1.1366304159164429, 1.3802417516708374], "WWW_2005": [-1.1222478151321411, 1.4031516313552856], "WWW_2011": [-1.1524518728256226, 1.3902531862258911],