{"rajeev-gore_2002": [-11.575682640075684, -20.368043899536133], "rajeev-gore_1999": [-17.713653564453125, -18.973665237426758], "rajeev-gore_2005": [-9.739649772644043, -28.706993103027344], "rajeev-gore_2011": [-11.306498527526855, -13.219135284423828], "rajeev-gore_2012": [-14.951334953308105, -16.3780517578125], "rajeev-gore_1997": [-10.030220031738281, -24.92559051513672], "rajeev-gore_2001": [-10.725229263305664, -19.240434646606445], "rajeev-gore_1998": [-16.90191650390625, -17.205379486083984], "rajeev-gore_2010": [-10.890286445617676, -15.541112899780273], "rajeev-gore_2016": [-11.055953979492188, -11.39829158782959], "rajeev-gore_2000": [-14.217153549194336, -19.691856384277344], "rajeev-gore_2013": [-7.922425746917725, -15.697547912597656], "rajeev-gore_2009": [-11.676531791687012, -16.470767974853516], "rajeev-gore_2017": [-6.843969345092773, -10.877677917480469], "rajeev-gore_2018": [5.3674540519714355, -13.588292121887207], "rajeev-gore_2014": [-13.240174293518066, -14.583635330200195], "rajeev-gore_2007": [-13.36279582977295, -18.566879272460938], "rajeev-gore_2004": [-12.6972074508667, -24.011545181274414], "rajeev-gore_2003": [-11.06610107421875, -23.429222106933594], "rajeev-gore_1996": [-4.103149890899658, -27.99645233154297], "rajeev-gore_2008": [-9.352725982666016, -27.75169563293457], "rajeev-gore_2015": [1.6101043224334717, -13.047791481018066], "rajeev-gore_1989": [4.76057767868042, 15.780532836914062], "alwen-tiu_2007": [-6.840235233306885, -21.033222198486328], "alwen-tiu_2014": [-2.334981679916382, -14.52258586883545], "alwen-tiu_2011": [-6.544130802154541, -28.53603172302246], "alwen-tiu_2006": [-9.302000999450684, -22.17774772644043], "alwen-tiu_2004": [-10.561004638671875, 20.814228057861328], "alwen-tiu_2017": [4.03326416015625, -9.117892265319824], "alwen-tiu_2010": [-5.397849082946777, -20.98463249206543], "alwen-tiu_2015": [0.7804537415504456, -13.369656562805176], "alwen-tiu_2012": [-4.456921577453613, -22.43626594543457], "alwen-tiu_2008": [-5.4786481857299805, -26.890796661376953], "alwen-tiu_2018": [4.025824546813965, -12.71495532989502], "alwen-tiu_2016": [2.7604875564575195, -9.523041725158691], "alwen-tiu_2003": [-1.2344084978103638, -21.60419464111328], "alwen-tiu_2013": [-5.8624162673950195, -16.505218505859375], "alwen-tiu_2005": [-3.0896997451782227, -20.58988380432129], "alwen-tiu_2009": [-7.18845272064209, -19.72386360168457], "alwen-tiu_2002": [0.06229708716273308, -20.38092041015625], "alwen-tiu_2001": [-0.6796996593475342, -23.4952449798584], "CSL_2015": [-10.084837913513184, 14.828047752380371], "CSL_2000": [-8.820755958557129, 1.8949633836746216], "CSL_2006": [-16.5195255279541, -1.0305272340774536], "CSL_1999": [-10.328036308288574, 7.001091003417969], "CSL_2002": [-10.810853004455566, 3.18190598487854], "CSL_2012": [-14.942890167236328, 9.684593200683594], "CSL_1991": [-0.24823234975337982, 6.1822686195373535], "CSL_2016": [-8.852740287780762, 13.255858421325684], "CSL_1987": [3.3288707733154297, 5.1825480461120605], "CSL_1996": [-5.287859916687012, 4.379251480102539], "CSL_2013": [-14.509523391723633, 11.412385940551758], "CSL_1997": [-6.7991533279418945, 0.5667839646339417], "CSL_1998": [-7.834133148193359, 2.5862369537353516], "CSL_1994": [-3.002042293548584, 6.728277683258057], "CSL_2009": [-14.137569427490234, 7.155011177062988], "CSL_2001": [-12.644086837768555, 4.238842487335205], "CSL_2017": [-12.390226364135742, 14.71645450592041], "CSL_2007": [-14.291574478149414, 2.162276268005371], "CSL_2003": [-9.884931564331055, 10.540355682373047], "CSL_2005": [-13.70908260345459, -2.010532855987549], "CSL_2011": [-9.634053230285645, 4.919201374053955], "CSL_2008": [-12.617432594299316, -1.066855549812317], "CSL_2018": [-9.071958541870117, 20.056838989257812], "CSL_1992": [-1.6302250623703003, 3.199078321456909], "CSL_1993": [-2.0367228984832764, 1.4995112419128418], "CSL_2004": [-16.10447120666504, -2.6676084995269775], "CSL_1989": [3.363276481628418, 3.6199824810028076], "CSL_2010": [-12.897324562072754, 6.313516616821289], "CSL_1988": [1.73090398311615, 5.655429840087891], "CSL_1990": [1.6935369968414307, 7.009939193725586], "CSL_1995": [-4.648064136505127, 2.177976131439209], "CSL_1976": [-7.360472202301025, 20.670991897583008], "LICS_1988": [-0.9646314382553101, 9.211796760559082], "LICS_2016": [-7.99354887008667, 17.077672958374023], "LICS_2011": [-15.89098072052002, 7.138652324676514], "LICS_2017": [-9.35801887512207, 16.4621524810791], "LICS_1991": [-1.1190804243087769, 11.576494216918945], "LICS_2013": [-7.6564106941223145, 14.667522430419922], "LICS_2014": [-6.709402084350586, 16.014328002929688], "LICS_2015": [-8.25326919555664, 15.768779754638672], "LICS_2010": [-12.040033340454102, 10.972582817077637], "LICS_2005": [-11.273802757263184, 9.25355052947998], "LICS_1997": [-6.735827922821045, 11.881532669067383], "LICS_1995": [-5.452046871185303, 12.480891227722168], "LICS_2018": [-10.860847473144531, 16.52899169921875], "LICS_2012": [-10.863312721252441, 12.517861366271973], "LICS_1998": [-7.874970436096191, 7.770679473876953], "LICS_1992": [-2.8044819831848145, 12.19157600402832], "LICS_1989": [-2.3327648639678955, 10.226511001586914], "LICS_2001": [-11.473930358886719, 5.361548900604248], "LICS_1990": [-3.881247043609619, 9.74374771118164], "LICS_2002": [-16.192842483520508, 2.798945903778076], "LICS_1986": [27.166200637817383, 12.90479850769043], "LICS_2006": [-14.9185152053833, 0.3680345416069031], "LICS_2008": [-15.548484802246094, 5.298131465911865], "LICS_2009": [-14.82305908203125, 4.0146331787109375], "LICS_2000": [-19.489229202270508, 5.061938285827637], "LICS_1987": [-20.549264907836914, 10.34693717956543], "LICS_2004": [-12.322877883911133, 8.02110481262207], "LICS_1994": [-4.448741912841797, 13.614752769470215], "LICS_1996": [-5.622901439666748, 9.212273597717285], "LICS_2003": [-17.417146682739258, 0.7751723527908325], "LICS_1999": [-6.64662504196167, 6.535412788391113], "LICS_1985": [-11.049116134643555, 19.203670501708984], "LICS_1993": [-4.555344581604004, 11.571725845336914], "LICS_2007": [-16.908288955688477, 4.502833366394043], "LICS_1978": [-8.905516624450684, 21.604896545410156], "LICS_1981": [-9.513880729675293, 18.726484298706055], "TABLEAUX_2000": [-21.274112701416016, -12.02748966217041], "TABLEAUX_2011": [-17.691625595092773, -9.480709075927734], "TABLEAUX_1997": [-23.89982032775879, -11.063674926757812], "TABLEAUX_2002": [-15.834457397460938, -13.502013206481934], "TABLEAUX_2005": [-17.20650291442871, -12.991179466247559], "TABLEAUX_1999": [-20.13424301147461, -12.57153034210205], "TABLEAUX_1998": [-22.475688934326172, -12.204583168029785], "TABLEAUX_2007": [-14.147246360778809, -12.69493293762207], "TABLEAUX_2013": [-19.03609275817871, -8.990691184997559], "TABLEAUX_1992": [-8.879948616027832, 14.733981132507324], "TABLEAUX_2017": [-19.779830932617188, -10.472983360290527], "TABLEAUX_1995": [-25.79561996459961, -11.067364692687988], "TABLEAUX_2009": [-18.06297492980957, -10.727157592773438], "TABLEAUX_2015": [-20.98322868347168, -9.402081489562988], "TABLEAUX_2003": [-16.071109771728516, -11.941506385803223], "TABLEAUX_1996": [-25.570829391479492, -9.90820598602295], "TABLEAUX_1993": [-7.750194549560547, 19.10045051574707], "POPL_1993": [26.88728904724121, 7.279494762420654], "POPL_2017": [-5.090173244476318, 18.80464744567871], "POPL_1980": [38.09794616699219, 9.611590385437012], "POPL_2001": [22.354257583618164, 4.813806533813477], "POPL_2016": [11.566112518310547, 10.753915786743164], "POPL_2005": [18.608200073242188, 7.032988548278809], "POPL_1996": [25.250747680664062, 6.850114822387695], "POPL_1988": [28.250804901123047, 11.23995590209961], "POPL_2006": [16.435781478881836, 6.7739338874816895], "POPL_2007": [17.193336486816406, 10.161174774169922], "POPL_1991": [28.299928665161133, 8.20686149597168], "POPL_1977": [38.694915771484375, 12.22327995300293], "POPL_1982": [33.063785552978516, 7.568061828613281],