{"rajeev-gore_2002": [-0.5889087319374084, -9.116894721984863], "rajeev-gore_1999": [2.415834426879883, -8.45957088470459], "rajeev-gore_2005": [-2.771757125854492, -9.157739639282227], "rajeev-gore_2011": [-0.08847248554229736, -6.752908229827881], "rajeev-gore_2012": [-0.09246692061424255, 4.040177822113037], "rajeev-gore_1997": [-2.2831928730010986, -10.733646392822266], "rajeev-gore_2001": [-0.6167265176773071, -8.944513320922852], "rajeev-gore_1998": [1.980042815208435, -7.9515180587768555], "rajeev-gore_2010": [0.028640838339924812, -7.81466817855835], "rajeev-gore_2016": [-0.3917257487773895, -6.55703592300415], "rajeev-gore_2000": [0.7414735555648804, -8.742124557495117], "rajeev-gore_2013": [-1.1255648136138916, -7.817461013793945], "rajeev-gore_2009": [0.11281460523605347, -7.835619926452637], "rajeev-gore_2017": [1.6085766553878784, -9.1384859085083], "rajeev-gore_2018": [2.5913543701171875, -11.015073776245117], "rajeev-gore_2014": [0.748903751373291, -7.312990188598633], "rajeev-gore_2007": [0.393903523683548, -8.618898391723633], "rajeev-gore_2004": [-1.8590669631958008, -11.488187789916992], "rajeev-gore_2003": [-1.793756365776062, -10.993436813354492], "rajeev-gore_1996": [-4.281682968139648, -9.671524047851562], "rajeev-gore_2008": [-2.7111966609954834, -9.26049518585205], "rajeev-gore_2015": [-3.7747323513031006, -6.178991317749023], "rajeev-gore_1989": [5.922786235809326, -2.692087173461914], "alwen-tiu_2007": [-0.47846487164497375, -10.567879676818848], "alwen-tiu_2014": [-2.4761416912078857, -6.9968085289001465], "alwen-tiu_2011": [-3.790313959121704, -9.35035228729248], "alwen-tiu_2006": [-1.245391607284546, -10.406380653381348], "alwen-tiu_2004": [-0.8636386394500732, 0.9523429870605469], "alwen-tiu_2017": [-4.991990566253662, -4.772702217102051], "alwen-tiu_2010": [-0.2222616970539093, -10.836589813232422], "alwen-tiu_2015": [-3.6414499282836914, -6.2621378898620605], "alwen-tiu_2012": [0.3934921324253082, -11.056690216064453], "alwen-tiu_2008": [-3.7669215202331543, -9.614429473876953], "alwen-tiu_2018": [-4.318295001983643, -5.992865085601807], "alwen-tiu_2016": [-4.747800827026367, -5.098026275634766], "alwen-tiu_2003": [-0.12623266875743866, -12.501321792602539], "alwen-tiu_2013": [-1.7338383197784424, -8.051556587219238], "alwen-tiu_2005": [-0.03582069277763367, -11.734210968017578], "alwen-tiu_2009": [-0.3737028241157532, -10.309564590454102], "alwen-tiu_2002": [0.28298407793045044, -12.780183792114258], "alwen-tiu_2001": [-0.7595566511154175, -12.781469345092773], "CSL_2015": [-0.19072213768959045, -0.2588464915752411], "CSL_2000": [3.247832775115967, -1.0316762924194336], "CSL_2006": [1.5281307697296143, -3.845259189605713], "CSL_1999": [1.7480791807174683, -1.1867817640304565], "CSL_2002": [2.6783430576324463, -1.5374889373779297], "CSL_2012": [1.571975827217102, -0.8725148439407349], "CSL_1991": [3.4053032398223877, 1.6152100563049316], "CSL_2016": [0.2538575828075409, -0.090384341776371], "CSL_1987": [3.7099854946136475, 2.891885995864868], "CSL_1996": [3.6306402683258057, -0.03642015904188156], "CSL_2013": [1.6309654712677002, -0.5696172118186951], "CSL_1997": [4.116970062255859, -0.800673246383667], "CSL_1998": [3.2683424949645996, -0.9075686931610107], "CSL_1994": [3.01521635055542, 0.6947416067123413], "CSL_2009": [1.037699818611145, -2.1049325466156006], "CSL_2001": [1.4358152151107788, -1.765977382659912], "CSL_2017": [-0.576938271522522, -1.0061265230178833], "CSL_2007": [1.9706835746765137, -2.965979814529419], "CSL_2003": [-0.11500279605388641, -1.6013710498809814], "CSL_2005": [2.6190240383148193, -3.6564385890960693], "CSL_2011": [2.3467814922332764, -1.5737507343292236], "CSL_2008": [2.983358383178711, -3.215482234954834], "CSL_2018": [-0.8626523613929749, 0.9519060254096985], "CSL_1992": [4.579856872558594, 1.092029094696045], "CSL_1993": [4.943861484527588, 0.9383866190910339], "CSL_2004": [1.462738037109375, -4.122374534606934], "CSL_1989": [3.942125082015991, 3.0999372005462646], "CSL_2010": [0.962556004524231, -2.0626518726348877], "CSL_1988": [3.5038602352142334, 2.421271324157715], "CSL_1990": [3.2882463932037354, 2.308213472366333], "CSL_1995": [4.626926422119141, 0.05947412922978401], "CSL_1976": [-1.0078141689300537, 0.8780865669250488], "LICS_1988": [2.097566604614258, 1.3982841968536377], "LICS_2016": [-0.5819547772407532, -0.00026147905737161636], "LICS_2011": [1.479832649230957, -2.20207142829895], "LICS_2017": [-0.36167818307876587, 0.16347664594650269], "LICS_1991": [1.6293821334838867, 1.0147228240966797], "LICS_2013": [-0.17638377845287323, -0.13111743330955505], "LICS_2014": [-0.5626123547554016, -0.48751702904701233], "LICS_2015": [-0.3254871070384979, -0.21253328025341034], "LICS_2010": [0.8438360691070557, -0.9345628619194031], "LICS_2005": [0.567185640335083, -1.3698493242263794], "LICS_1997": [0.8311951756477356, 0.22527870535850525], "LICS_1995": [0.8046883344650269, 0.5772735476493835], "LICS_2018": [-0.9744377732276917, -0.3752630949020386], "LICS_2012": [0.2617388069629669, -0.8695716261863708], "LICS_1998": [2.042299747467041, -0.40263503789901733], "LICS_1992": [1.114595651626587, 1.181768536567688], "LICS_1989": [1.9626423120498657, 1.130183219909668], "LICS_2001": [1.8747265338897705, -1.6742393970489502], "LICS_1990": [1.7797400951385498, 0.7232186794281006], "LICS_2002": [1.3798733949661255, -2.8079893589019775], "LICS_1986": [-8.907470703125, -0.5262342691421509], "LICS_2006": [2.116156578063965, -3.290721893310547], "LICS_2008": [2.116586208343506, -2.3850760459899902], "LICS_2009": [1.869887351989746, -2.4835774898529053], "LICS_2000": [3.6262965202331543, -1.8340773582458496], "LICS_1987": [5.390783786773682, -0.24515290558338165], "LICS_2004": [0.5837624669075012, -2.0987517833709717], "LICS_1994": [0.5795193910598755, 0.815057098865509], "LICS_1996": [1.8629592657089233, 0.3388371467590332], "LICS_2003": [0.9523324370384216, -3.318915367126465], "LICS_1999": [2.5388455390930176, -0.38848021626472473], "LICS_1985": [-1.26454496383667, 0.5132991075515747], "LICS_1993": [0.9209774136543274, 0.7317236661911011], "LICS_2007": [2.546412229537964, -2.369459629058838], "LICS_1978": [-0.8631004691123962, 0.9530024528503418], "LICS_1981": [-1.2557488679885864, 0.5123121738433838], "TABLEAUX_2000": [3.4044668674468994, -5.773021697998047], "TABLEAUX_2011": [2.384507417678833, -5.961909770965576], "TABLEAUX_1997": [4.402887344360352, -6.256506443023682], "TABLEAUX_2002": [1.4808403253555298, -6.590353012084961], "TABLEAUX_2005": [1.5036803483963013, -6.31263542175293], "TABLEAUX_1999": [3.1931538581848145, -5.905865669250488], "TABLEAUX_1998": [3.8124356269836426, -5.795217037200928], "TABLEAUX_2007": [0.9178950190544128, -6.698894500732422], "TABLEAUX_2013": [2.6483957767486572, -6.066053867340088], "TABLEAUX_1992": [-0.12532630562782288, -0.07524074614048004], "TABLEAUX_2017": [2.862841844558716, -6.546911239624023], "TABLEAUX_1995": [4.923529148101807, -6.501700401306152], "TABLEAUX_2009": [2.364596366882324, -6.010865211486816], "TABLEAUX_2015": [3.1790153980255127, -6.387768268585205], "TABLEAUX_2003": [1.5813359022140503, -6.429769039154053], "TABLEAUX_1996": [4.933818340301514, -6.522908687591553], "TABLEAUX_1993": [-1.2419848442077637, 0.5188174247741699], "POPL_1993": [-6.371031284332275, -0.1940779685974121], "POPL_2017": [-2.0231502056121826, -0.345524400472641], "POPL_1980": [-7.314286231994629, 3.669506311416626], "POPL_2001": [-7.330508708953857, -1.8375651836395264], "POPL_2016": [-3.350328207015991, -1.361322045326233], "POPL_2005": [-5.706735610961914, -2.742553472518921], "POPL_1996": [-6.562098503112793, -0.7498278617858887], "POPL_1988": [-8.310137748718262, -0.26353761553764343], "POPL_2006": [-5.270486831665039, -2.3665874004364014], "POPL_2007": [-4.543262004852295, -2.55161714553833], "POPL_1991": [-7.090186595916748, 0.02582082897424698], "POPL_1977": [-7.118001937866211, 3.8398470878601074], "POPL_1982": [-7.185129165649414, 1.5055536031723022],