{"rajeev-gore_2002": [-4.501795768737793, -19.496639251708984], "rajeev-gore_1999": [-10.146509170532227, -17.094789505004883], "rajeev-gore_2005": [-5.99762487411499, -22.63730239868164], "rajeev-gore_2011": [-4.749502658843994, -13.369364738464355], "rajeev-gore_2012": [-7.698052406311035, -16.00210189819336], "rajeev-gore_1997": [5.093355655670166, -21.05742073059082], "rajeev-gore_2001": [-3.6959502696990967, -19.117403030395508], "rajeev-gore_1998": [-9.348891258239746, -15.953272819519043], "rajeev-gore_2010": [-4.7406415939331055, -15.465102195739746], "rajeev-gore_2016": [-3.9198718070983887, -12.351177215576172], "rajeev-gore_2000": [-6.6833367347717285, -18.641782760620117], "rajeev-gore_2013": [-2.5839271545410156, -15.728455543518066], "rajeev-gore_2009": [-5.060815334320068, -16.01376724243164], "rajeev-gore_2017": [-8.550284385681152, -19.706472396850586], "rajeev-gore_2018": [9.394486427307129, -12.507691383361816], "rajeev-gore_2014": [-6.574129581451416, -14.402054786682129], "rajeev-gore_2007": [-5.923006057739258, -17.921161651611328], "rajeev-gore_2004": [4.884123802185059, -18.8231201171875], "rajeev-gore_2003": [4.272413730621338, -19.83890724182129], "rajeev-gore_1996": [-3.6701889038085938, -25.734607696533203], "rajeev-gore_2008": [-5.50514554977417, -22.691192626953125], "rajeev-gore_2015": [6.819718360900879, -11.567914962768555], "rajeev-gore_1989": [-0.3047582507133484, -0.3299245834350586], "alwen-tiu_2007": [0.8816460967063904, -19.783613204956055], "alwen-tiu_2014": [4.113760471343994, -12.929658889770508], "alwen-tiu_2011": [-5.332374095916748, -24.90182113647461], "alwen-tiu_2006": [2.815047025680542, -19.854055404663086], "alwen-tiu_2004": [4.2776994705200195, 22.2871036529541], "alwen-tiu_2017": [11.246825218200684, -8.551054954528809], "alwen-tiu_2010": [0.49112391471862793, -20.363969802856445], "alwen-tiu_2015": [6.323486328125, -11.753615379333496], "alwen-tiu_2012": [1.027404546737671, -17.833560943603516], "alwen-tiu_2008": [-3.9894886016845703, -24.518434524536133], "alwen-tiu_2018": [8.748372077941895, -11.593561172485352], "alwen-tiu_2016": [10.389226913452148, -9.10329532623291], "alwen-tiu_2003": [1.2567260265350342, -23.614681243896484], "alwen-tiu_2013": [-1.0777579545974731, -15.992654800415039], "alwen-tiu_2005": [0.5932475328445435, -22.073896408081055], "alwen-tiu_2009": [-0.1515672504901886, -19.314546585083008], "alwen-tiu_2002": [0.46472984552383423, -24.59760093688965], "alwen-tiu_2001": [2.6630899906158447, -24.06587028503418], "CSL_2015": [-4.6169939041137695, 17.404977798461914], "CSL_2000": [-18.623958587646484, 16.971044540405273], "CSL_2006": [-14.682435035705566, 4.851986408233643], "CSL_1999": [-13.684210777282715, 15.575315475463867], "CSL_2002": [-15.886601448059082, 15.689282417297363], "CSL_2012": [-17.43327522277832, 12.84265422821045], "CSL_1991": [-17.70931053161621, 26.89173126220703], "CSL_2016": [-6.091068744659424, 19.23091697692871], "CSL_1987": [-19.598833084106445, 29.265127182006836], "CSL_1996": [-17.521520614624023, 20.538625717163086], "CSL_2013": [-18.625173568725586, 13.322649955749512], "CSL_1997": [-19.762413024902344, 18.14056396484375], "CSL_1998": [-18.266223907470703, 17.34910774230957], "CSL_1994": [-16.441486358642578, 24.599939346313477], "CSL_2009": [-14.38542652130127, 11.662158966064453], "CSL_2001": [-14.456062316894531, 13.472066879272461], "CSL_2017": [-7.0267839431762695, 18.086448669433594], "CSL_2007": [-16.034353256225586, 7.580141544342041], "CSL_2003": [-9.8856840133667, 13.733114242553711], "CSL_2005": [-17.341888427734375, 4.1320037841796875], "CSL_2011": [-12.180849075317383, 11.27552318572998], "CSL_2008": [-17.8082275390625, 4.215554237365723], "CSL_2018": [3.2223987579345703, 21.81396484375], "CSL_1992": [-18.741477966308594, 24.27401351928711], "CSL_1993": [-19.26808738708496, 23.2984561920166], "CSL_2004": [-14.749871253967285, 3.8882534503936768], "CSL_1989": [-20.58316993713379, 29.57964515686035], "CSL_2010": [-13.26850414276123, 12.355709075927734], "CSL_1988": [-18.775264739990234, 28.378211975097656], "CSL_1990": [-18.000812530517578, 28.450321197509766], "CSL_1995": [-19.865234375, 20.715665817260742], "CSL_1976": [4.173490047454834, 21.110713958740234], "LICS_1988": [-14.96802043914795, 27.025049209594727], "LICS_2016": [-2.3751134872436523, 18.17155647277832], "LICS_2011": [-15.641318321228027, 10.997386932373047], "LICS_2017": [-3.237339496612549, 18.118574142456055], "LICS_1991": [-13.130029678344727, 27.415437698364258], "LICS_2013": [-3.384511709213257, 19.537696838378906], "LICS_2014": [-2.2138612270355225, 19.288415908813477], "LICS_2015": [-3.92132830619812, 18.700437545776367], "LICS_2010": [-10.543136596679688, 15.924403190612793], "LICS_2005": [-11.347392082214355, 14.39889144897461], "LICS_1997": [-10.711309432983398, 23.587858200073242], "LICS_1995": [-11.451871871948242, 24.246421813964844], "LICS_2018": [-2.9109742641448975, 16.812089920043945], "LICS_2012": [-9.429179191589355, 16.215532302856445], "LICS_1998": [-14.262115478515625, 19.344676971435547], "LICS_1992": [-12.464534759521484, 26.32648468017578], "LICS_1989": [-13.898527145385742, 26.12716293334961], "LICS_2001": [-14.833703994750977, 15.047821044921875], "LICS_1990": [-13.596102714538574, 24.80072021484375], "LICS_2002": [-14.33691692352295, 8.780130386352539], "LICS_1986": [22.019813537597656, -10.513882637023926], "LICS_2006": [-15.7638578414917, 6.13255500793457], "LICS_2008": [-16.433916091918945, 9.615403175354004], "LICS_2009": [-15.730462074279785, 9.077767372131348], "LICS_2000": [-15.621573448181152, 18.199779510498047], "LICS_1987": [-21.10706329345703, 20.965417861938477], "LICS_2004": [-12.080618858337402, 13.557893753051758], "LICS_1994": [-10.664318084716797, 25.182226181030273], "LICS_1996": [-13.57423210144043, 23.125320434570312], "LICS_2003": [-13.46251106262207, 5.9859395027160645], "LICS_1999": [-15.398523330688477, 19.910242080688477], "LICS_1985": [2.177800416946411, 21.35422134399414], "LICS_1993": [-11.78476619720459, 24.86713409423828], "LICS_2007": [-17.118637084960938, 9.027535438537598], "LICS_1978": [3.3287301063537598, 22.988109588623047], "LICS_1981": [3.109534978866577, 20.635835647583008], "TABLEAUX_2000": [-13.851743698120117, -11.855978965759277], "TABLEAUX_2011": [-10.835596084594727, -10.09941291809082], "TABLEAUX_1997": [-16.005407333374023, -11.446125030517578], "TABLEAUX_2002": [-8.678616523742676, -13.134346961975098], "TABLEAUX_2005": [-8.556943893432617, -11.83193302154541], "TABLEAUX_1999": [-13.142788887023926, -12.1493501663208], "TABLEAUX_1998": [-14.674958229064941, -11.814156532287598], "TABLEAUX_2007": [-7.211741924285889, -12.991922378540039], "TABLEAUX_2013": [-11.630831718444824, -9.66964340209961], "TABLEAUX_1992": [-2.2005233764648438, 23.089523315429688], "TABLEAUX_2017": [-12.349653244018555, -10.65368366241455], "TABLEAUX_1995": [-17.443038940429688, -11.3364896774292], "TABLEAUX_2009": [-10.907196044921875, -10.815784454345703], "TABLEAUX_2015": [-13.09815788269043, -9.693578720092773], "TABLEAUX_2003": [-9.15591812133789, -12.365880966186523], "TABLEAUX_1996": [-17.46685028076172, -12.009119033813477], "TABLEAUX_1993": [2.260061025619507, 22.519550323486328], "POPL_1993": [23.610986709594727, -4.784615516662598], "POPL_2017": [-0.043553028255701065, 18.616884231567383], "POPL_1980": [32.84535598754883, -11.25117301940918], "POPL_2001": [19.255077362060547, -7.493339538574219], "POPL_2016": [10.201430320739746, 2.112321138381958], "POPL_2005": [13.396982192993164, -4.911228179931641], "POPL_1996": [22.18629264831543, -5.438737869262695], "POPL_1988": [22.53631591796875, -9.35827350616455], "POPL_2006": [12.894192695617676, -3.4043526649475098], "POPL_2007": [13.556588172912598, -1.4838337898254395], "POPL_1991": [24.582136154174805, -6.7837605476379395], "POPL_1977": [34.297969818115234, -10.458221435546875], "POPL_1982": [29.042009353637695, -7.383982181549072],