{"steve-blackburn_2004": [10.251311973185988, 0.6220004298224007], "steve-blackburn_1999": [-2.135990926534179, -0.48915074107490153], "steve-blackburn_2011": [2.191172907713753, -0.09602529709372766], "steve-blackburn_2006": [12.144493234507792, 0.6694964068439517], "steve-blackburn_2000": [-0.9321151815049866, -0.3188378521823045], "steve-blackburn_2015": [4.444970454578457, 0.04563721060307155], "steve-blackburn_2005": [3.7956445102766674, 0.041464677587936], "steve-blackburn_1998": [-2.2217728558760585, -0.48746806655479874], "steve-blackburn_2016": [4.225830474385401, 0.011282362822249786], "steve-blackburn_1996": [-2.159239418007167, -0.4848472370220786], "steve-blackburn_2001": [2.689562896878146, -0.10423293223076062], "steve-blackburn_2018": [-2.272831043623992, -0.4694584549061476], "steve-blackburn_2010": [6.338906416482736, 0.22425195675189674], "steve-blackburn_2012": [1.8890010882101564, -0.14577483069522063], "steve-blackburn_2013": [6.441813046324732, 0.13563571848796607], "steve-blackburn_1997": [-2.1798030407427174, -0.5037508143240242], "steve-blackburn_2002": [12.340133118501575, 0.7603882380930508], "steve-blackburn_2003": [8.129918443039866, 0.4763618451175524], "steve-blackburn_2014": [7.466680293418003, 0.27397569549854656], "steve-blackburn_2008": [1.654539082060666, -0.12091953856412234], "steve-blackburn_2009": [8.159509381651914, 0.3139197849535781], "steve-blackburn_2007": [6.362297204974967, 0.21891073614818968], "antony-l-hosking_2011": [4.068785085927911, 0.07853726481495318], "antony-l-hosking_2016": [1.8126636210358789, -0.1672666001265048], "antony-l-hosking_2009": [-0.6841953299826219, -0.2639087783522837], "antony-l-hosking_2007": [0.7019630461774241, -0.2605468740440374], "antony-l-hosking_2006": [4.274515862868429, 0.07977919100808192], "antony-l-hosking_2004": [4.196321427404846, 0.08485017163709509], "antony-l-hosking_1995": [3.1194494810325346, -0.05203740955336375], "antony-l-hosking_2015": [5.827238605390856, 0.2565533634337495], "antony-l-hosking_1999": [5.016664055306627, -0.010862680326776411], "antony-l-hosking_2014": [0.8051066089454528, -0.29107149446773306], "antony-l-hosking_2005": [5.4109636260894565, 0.17614542929192256], "antony-l-hosking_1990": [2.0810149538629226, -0.1373884311281104], "antony-l-hosking_2003": [-1.9162060967909107, -0.3545233404887879], "antony-l-hosking_2001": [10.800660126917334, 0.3682686795184349], "antony-l-hosking_2018": [-2.272831043623992, -0.4694584549061476], "antony-l-hosking_2000": [1.0438754164056725, -0.2158881804652125], "antony-l-hosking_1993": [0.9674303381191606, -0.15285431554554824], "antony-l-hosking_2012": [3.6439151416183195, 0.008293304517819095], "antony-l-hosking_1991": [-0.1747688462155899, -0.3473565965315829], "antony-l-hosking_1998": [0.6281095949642596, -0.2852678840554964], "antony-l-hosking_1992": [2.864674974121467, -0.036177205594306344], "antony-l-hosking_2013": [-2.272831043623992, -0.4694584549061476], "antony-l-hosking_1997": [6.6782422791144676, 0.12929974367990765], "antony-l-hosking_2010": [5.175986422144796, 0.20237940071653618], "antony-l-hosking_1994": [5.464118438675592, 0.12266373441860663], "antony-l-hosking_2008": [-2.272831043623992, -0.4694584549061476], "antony-l-hosking_1996": [2.364319782354826, -0.15085228679922488], "antony-l-hosking_2017": [14.110902651788406, 0.8185791876435322], "kathryn-mckinley_2009": [3.840382106478272, -5.80946251397263e-05], "kathryn-mckinley_2004": [5.692420887769425, 0.17283863884503387], "kathryn-mckinley_1994": [0.966788495557274, -0.4041372597894469], "kathryn-mckinley_1998": [5.904509104222834, -0.07342916531991016], "kathryn-mckinley_1990": [-2.069939296845615, -0.5606077469760729], "kathryn-mckinley_1995": [-1.1148807751256398, -0.480433891971113], "kathryn-mckinley_2006": [3.8062018776673536, 0.16015868795008031], "kathryn-mckinley_2015": [1.317781425736287, -0.21718723712708182], "kathryn-mckinley_1991": [4.22738216997528, -0.27470699321574005], "kathryn-mckinley_2013": [0.3870293515663601, -0.24352206449723193], "kathryn-mckinley_2007": [3.5548673059159874, 0.104941548487921], "kathryn-mckinley_2016": [0.959638964037953, -0.2558964053267629], "kathryn-mckinley_2011": [1.2526308884203299, -0.18931849873837625], "kathryn-mckinley_2000": [0.3814506900510102, -0.18841390128620006], "kathryn-mckinley_2018": [-2.272831043623992, -0.4694584549061476], "kathryn-mckinley_2008": [4.95682771813354, 0.236907863696213], "kathryn-mckinley_2003": [3.0537094610388373, 0.04682956685177901], "kathryn-mckinley_1997": [-0.8931941459720729, -0.3837383282442014], "kathryn-mckinley_2010": [4.6982163062436655, 0.1336618035619582], "kathryn-mckinley_1996": [1.1828137324029782, -0.2780299151321831], "kathryn-mckinley_2005": [1.1743798962672987, -0.22976257335139633], "kathryn-mckinley_1992": [-0.011127202116782607, -0.4508461721836595], "kathryn-mckinley_1993": [1.7701296689594015, -0.4070539449323961], "kathryn-mckinley_2012": [1.8934142675525416, -0.1251471726949197], "kathryn-mckinley_2002": [6.696889027008944, 0.31989327507479637], "kathryn-mckinley_2001": [3.3980673828467203, -0.10756153085441773], "kathryn-mckinley_2017": [3.3331135293952525, 0.1345696614704725], "kathryn-mckinley_1999": [2.8532678772509636, -0.05073521605558361], "kathryn-mckinley_2014": [3.2310915155429343, 0.10731020799607603], "kathryn-mckinley_1989": [-0.008963507399311505, -0.45695386919040093], "robert-c-williamson_2014": [-2.4927695694706142, 2.1827159697874623], "robert-c-williamson_2007": [-2.4981850348645707, 3.7332054507929695], "robert-c-williamson_2002": [-2.379499609258928, 1.020810628935505], "robert-c-williamson_1998": [-2.399671887320444, 0.7046941402567609], "robert-c-williamson_1999": [-2.3101290721228502, -0.06476324923263643], "robert-c-williamson_2001": [-2.351027239819088, 0.3338333106427651], "robert-c-williamson_2006": [-2.5264900142760234, 2.7846688354867952], "robert-c-williamson_1996": [-2.306444444327503, 0.03574622243780971], "robert-c-williamson_1988": [-2.288318626898153, -0.3778264666856092], "robert-c-williamson_2011": [-2.7361396367001056, 5.687208037032629], "robert-c-williamson_2003": [-2.3543032996140636, 0.2954575731621328], "robert-c-williamson_1994": [-2.317257181538781, 0.16537799915583182], "robert-c-williamson_1993": [-2.2847542148096602, -0.389450213605847], "robert-c-williamson_2000": [-2.329023072342304, 0.16872529451304746], "robert-c-williamson_1992": [-2.3421464377354355, -0.06749557903961534], "robert-c-williamson_1991": [-2.2965714411732514, -0.06117277563616598], "robert-c-williamson_2015": [-2.5946493808573385, 3.7626426259522017], "robert-c-williamson_2010": [-2.6283924040682547, 4.26555954096874], "robert-c-williamson_1995": [-2.3275487582143053, 0.2653047346121228], "robert-c-williamson_2018": [-2.2869526333901713, -0.3216259655002578], "robert-c-williamson_2005": [-2.4674840355918546, 2.127356600789872], "robert-c-williamson_2016": [-3.0238664325652436, 9.63658086965926], "robert-c-williamson_1997": [-2.373184180480778, 0.4835165220168117], "robert-c-williamson_1990": [-2.356383266119055, 0.26075711252466427], "robert-c-williamson_2017": [-2.415224887530251, 1.2603123538528054], "robert-c-williamson_2009": [-2.42896645512744, 0.9756270262455377], "robert-c-williamson_2008": [-2.367892100878902, 0.12009663321403481], "robert-c-williamson_2012": [-2.568809743014948, 2.9728180663982715], "robert-c-williamson_1985": [-2.272831043623992, -0.4694584549061476], "robert-c-williamson_1987": [-2.272831043623992, -0.4694584549061476], "robert-c-williamson_2004": [-2.89705369743983, 9.099291749836905], "POPL_1993": [-1.6133698607585039, -0.45653675673318267], "POPL_2017": [-0.37321335358942587, -0.2777178507492346], "POPL_1980": [-2.072691236460503, -0.4520495471249454], "POPL_2001": [-1.8863967118258003, -0.4035179984133913], "POPL_2016": [-0.3765184431119649, -0.22957665751674494], "POPL_2005": [-1.1464629198747331, -0.31180742200647116],