{"christopher-d-manning_2003": [0.8636675165904728, 0.39400175754964845], "christopher-d-manning_2014": [3.059637131192956, -1.2152363052185986], "christopher-d-manning_2017": [2.043027736543936, 2.3207973816006326], "christopher-d-manning_2007": [0.07606580347084504, -0.5901393659932512], "christopher-d-manning_2008": [0.24078102327329665, -0.46938932885184365], "christopher-d-manning_2013": [4.034741299203261, -2.3097164144811972], "christopher-d-manning_2016": [3.9562765222525256, 1.5491387956769695], "christopher-d-manning_2000": [0.22322169643944356, 1.3969715663923563], "christopher-d-manning_2010": [3.3772084942548077, -1.7974132712482664], "christopher-d-manning_2006": [0.8917520367338337, -0.3175618883766782], "christopher-d-manning_2005": [2.3054972417222928, -0.4726790810194481], "christopher-d-manning_2002": [0.4685980394704181, 0.6260359582890667], "christopher-d-manning_2009": [3.1241504685237276, -1.7954063464473693], "christopher-d-manning_1995": [-1.0593941676225516, 0.19440254418649489], "christopher-d-manning_2012": [3.4890015137564925, -2.2379796632497206], "christopher-d-manning_1998": [-1.0366780737363237, 0.16232485770661254], "christopher-d-manning_2011": [2.1081672405270484, -1.348449803930264], "christopher-d-manning_1996": [-0.4573218273568279, 0.9016708150858179], "christopher-d-manning_2004": [0.8635590862291698, -0.02498547235051532], "christopher-d-manning_2015": [3.7482713610547163, 0.47321697090817927], "christopher-d-manning_2001": [-0.11370693472304508, 0.7233841065669098], "christopher-d-manning_1999": [-0.9173242217069503, 0.3869385611837516], "christopher-d-manning_2018": [0.40794263509611506, 2.4179469872096506], "christopher-d-manning_1993": [0.015322566455066106, -0.3751395705737632], "richard-socher_2014": [4.906530726373724, -1.2792008756797453], "richard-socher_2013": [5.183633685093297, -3.1388054007139674], "richard-socher_2012": [4.086566107864144, -3.3675864581418473], "richard-socher_2011": [2.6622277903921487, -1.437282323616555], "richard-socher_2016": [3.5263513032675156, 4.3983968166099965], "richard-socher_2017": [3.953843447925859, 5.018130796345682], "richard-socher_2018": [2.8920463341427047, 4.1404479358070185], "richard-socher_2009": [-0.34460655006910235, -0.5683572354289929], "richard-socher_2010": [0.4698072936223247, -2.3419792707111315], "richard-socher_2015": [9.428152206284713, 3.650788168942598], "andrew-y-ng_2010": [-0.06450506582238297, -1.6670296246520142], "andrew-y-ng_2001": [-0.8862549263230445, -0.0793481517871758], "andrew-y-ng_2012": [1.12115236942213, -2.0215976076403357], "andrew-y-ng_1998": [-0.8976484224916615, -0.06644216239051991], "andrew-y-ng_2008": [0.35266554100286585, -2.0735744209403233], "andrew-y-ng_2011": [1.192726397910445, -2.3176389489930687], "andrew-y-ng_2009": [0.36656494585701843, -1.7333497974096528], "andrew-y-ng_2013": [1.7963441106367621, -1.4328046128821226], "andrew-y-ng_2004": [-0.2610737842776254, -0.4590203869178241], "andrew-y-ng_1999": [-0.7984002856760076, -0.15966638449592738], "andrew-y-ng_2000": [-0.6103645987597911, -0.3743685833448425], "andrew-y-ng_2007": [-0.07120999810550858, -0.8883545275447338], "andrew-y-ng_2005": [0.12175202964685047, -0.45341558811958066], "andrew-y-ng_2006": [0.040705828297545245, -0.8872702977350656], "andrew-y-ng_2016": [1.3727329507028332, 0.5231921740658676], "andrew-y-ng_2014": [0.4528099708716577, -0.8988535633789557], "andrew-y-ng_2017": [0.7347052851282722, 1.3841776170928555], "andrew-y-ng_2003": [-0.6597172690469374, -0.04459935424241424], "andrew-y-ng_2018": [-0.6118789413768475, 0.6272581396269307], "andrew-y-ng_2015": [0.06311573728970524, -0.12527433178109193], "andrew-y-ng_1997": [-1.0654276837708012, 0.1886105944336554], "andrew-y-ng_2002": [-0.7794124715396314, -0.19323369051275227], "andrew-y-ng_1996": [-1.0613983779063323, 0.19199690348684467], "andrew-y-ng_1995": [-0.7957359219087957, -0.23002024142976296], "ICML_2005": [-0.9708493681273448, 0.09047102415013336], "ICML_2010": [-0.9971626635335679, 0.11982818554096211], "ICML_1989": [-1.053174681628241, 0.18028980770943598], "ICML_1991": [-1.0453537191989755, 0.17163982439734002], "ICML_2016": [-0.9004469794699109, 0.12425302230035387], "ICML_2014": [-0.9051646804233181, 0.07392698625641089], "ICML_2017": [-0.9607529380526368, 0.2216717306793467], "ICML_2013": [-0.9288248175896856, 0.05775239678406849], "ICML_2018": [-0.9992267229115099, 0.23276370540868477], "ICML_2008": [-0.9410359838045851, 0.0624352322208862], "ICML_2003": [-0.9775797242841284, 0.09856968176132906], "ICML_2006": [-0.9682083846759623, 0.08753122994839348], "ICML_2000": [-1.0378767689919828, 0.1629537225790644], "ICML_2007": [-0.9690717739616541, 0.09668448836664434], "ICML_2004": [-0.993839161785067, 0.12300170447782123], "ICML_2009": [-0.9671688471583105, 0.08659751624631015], "ICML_2012": [-0.9621852270200527, 0.0855655218046881], "ICML_1997": [-1.056149957690052, 0.18405952355166855], "ICML_2011": [-0.9664586850932783, 0.08190117282541401], "ICML_1992": [-1.0440817156360704, 0.1657921280226556], "ICML_1996": [-1.0438050051206735, 0.18675884977367677], "ICML_1998": [-1.0451493138599124, 0.18895853553940412], "ICML_2015": [-0.9412130113107087, 0.12419234438904629], "ICML_1994": [-1.0225896817193592, 0.13490560332103646], "ICML_1995": [-1.0323507697421321, 0.15489632291299357], "ICML_1988": [-1.0530840760570512, 0.1784450957869265], "ICML_1993": [-1.0403189859469895, 0.16216159647248363], "ICML_2002": [-1.0351195999795995, 0.1665860842925295], "ICML_1990": [-1.034437363823998, 0.14784667512202765], "ICML_2001": [-1.0008059745192879, 0.1408924819924494], "ICML_1999": [-1.0474413390667834, 0.17211414061937227], "ICML_1987": [-1.0510172347372626, 0.17725530015976187], "ICML_1984": [-1.0613983779063323, 0.19199690348684467], "NIPS_2015": [-0.9419963943127665, 0.15967569349022953], "NIPS_2002": [-1.0295499680280977, 0.15238367674761089], "NIPS_2012": [-0.9839746750389449, 0.10518445982951503], "NIPS_2010": [-0.9943344215562118, 0.11390718287990467], "NIPS_1992": [-1.0492047634818356, 0.17609404770342496], "NIPS_2016": [-0.9749392969090841, 0.19792250076074602], "NIPS_2005": [-1.0225684761635876, 0.1483882151626516], "NIPS_2014": [-0.948333539067457, 0.10398464165541835], "NIPS_2008": [-1.009511478851387, 0.1296826023847558], "NIPS_1998": [-1.0384551548302232, 0.16363602987916792], "NIPS_1999": [-1.0395627170044182, 0.16617494208650935], "NIPS_1996": [-1.0464260394396747, 0.1731797923514669], "NIPS_2004": [-1.026828947316503, 0.15028915321059635], "NIPS_2017": [-0.9967966117803824, 0.2157107664799315], "NIPS_1994": [-1.0481816329764633, 0.1762868352672163], "NIPS_1990": [-1.0538076193774526, 0.18180856868248008], "NIPS_1989": [-1.0545422267014912, 0.18221742764722568], "NIPS_2003": [-1.0370975416156942, 0.1692318881575423], "NIPS_2013": [-0.9713958591522562, 0.10745345851715228], "NIPS_2006": [-1.025202016901861, 0.14032226164655637], "NIPS_1988": [-1.0604049580097643, 0.1914044964761601], "NIPS_2007": [-1.004292352955768, 0.12140290835759604], "NIPS_1997": [-1.0416042467293802, 0.16435175399345092], "NIPS_1991": [-1.0579829640024383, 0.18999751878392288], "NIPS_2011": [-0.988192201297961, 0.10880311126558931], "NIPS_2009": [-0.9989730096361458, 0.11712567104903773], "NIPS_1995": [-1.0473061546212143, 0.1754868319210049], "NIPS_2018": [-1.0613983779063323, 0.19199690348684467], "NIPS_2001": [-1.0409305339660897, 0.16499677294061782], "NIPS_1993": [-1.0432994717915676, 0.17005060759074084], "NIPS_2000": [-1.0406854967350314, 0.165027657002011], "NIPS_1987": [-1.0613983779063323, 0.19199690348684467], "ICML_Anchor": [-0.8630250955873701, -0.09414920367473921], "NIPS_Anchor": [-0.8737177958251746, -0.08338371265558084]}