{"cheng-soon-ong_2007": [1.3484095335006714, -6.832268714904785], "cheng-soon-ong_2015": [-7.2806315422058105, -0.7466208338737488], "cheng-soon-ong_2016": [-1.1013023853302002, -2.3657190799713135], "cheng-soon-ong_2008": [0.21884268522262573, 6.38268518447876], "cheng-soon-ong_2005": [-7.231241703033447, -1.06821870803833], "cheng-soon-ong_2009": [1.6864755153656006, -7.101297855377197], "cheng-soon-ong_2014": [-0.7384304404258728, -1.6781895160675049], "cheng-soon-ong_2017": [-3.650001287460327, -6.1389923095703125], "cheng-soon-ong_2006": [1.5178660154342651, -6.944564342498779], "cheng-soon-ong_2003": [-7.863272666931152, -1.0481470823287964], "cheng-soon-ong_2004": [-8.40615463256836, -1.1419012546539307], "robert-c-williamson_2014": [-5.278687953948975, 0.19471563398838043], "robert-c-williamson_2007": [-6.9100446701049805, -0.4123239815235138], "robert-c-williamson_2002": [0.8945322036743164, -5.413072109222412], "robert-c-williamson_1998": [2.8152124881744385, -5.119670391082764], "robert-c-williamson_1999": [2.7043378353118896, -4.082859992980957], "robert-c-williamson_2001": [2.5182015895843506, -4.668361186981201], "robert-c-williamson_2006": [-7.554619312286377, 0.42890292406082153], "robert-c-williamson_1996": [3.2861266136169434, -4.105440139770508], "robert-c-williamson_1988": [-3.0772900581359863, -73.77896881103516], "robert-c-williamson_2011": [-6.0003981590271, 0.5533327460289001], "robert-c-williamson_2003": [2.849092721939087, -4.3372602462768555], "robert-c-williamson_1994": [3.0677881240844727, -5.18000602722168], "robert-c-williamson_1993": [4.175264835357666, -5.134629249572754], "robert-c-williamson_2000": [2.6658856868743896, -4.350537300109863], "robert-c-williamson_1992": [4.306743144989014, -5.227527618408203], "robert-c-williamson_1991": [4.1389851570129395, -3.577516794204712], "robert-c-williamson_2015": [-6.040786266326904, 0.475608229637146], "robert-c-williamson_2010": [-6.978105545043945, -0.2295038104057312], "robert-c-williamson_1995": [3.3391194343566895, -4.797204494476318], "robert-c-williamson_2018": [-4.078417778015137, -6.331447124481201], "robert-c-williamson_2005": [-7.208227157592773, -0.8072055578231812], "robert-c-williamson_2016": [-6.951848983764648, -0.46504491567611694], "robert-c-williamson_1997": [3.8116064071655273, -5.011838436126709], "robert-c-williamson_1990": [4.447700500488281, -3.4550981521606445], "robert-c-williamson_2017": [-3.97772479057312, -6.331402778625488], "robert-c-williamson_2009": [-5.825521945953369, 1.853636622428894], "robert-c-williamson_2008": [-5.785841941833496, 2.130234718322754], "robert-c-williamson_2012": [-5.989768981933594, 0.9795675873756409], "robert-c-williamson_1985": [1.1658333539962769, 1.6238051652908325], "robert-c-williamson_1987": [1.1497318744659424, 1.6238689422607422], "robert-c-williamson_2004": [-8.247971534729004, -1.0583351850509644], "alexander-j-smola_1998": [0.7681087851524353, -4.997415542602539], "alexander-j-smola_2007": [-0.4308987259864807, -4.0155205726623535], "alexander-j-smola_2005": [-0.09798059612512589, -4.745952606201172], "alexander-j-smola_1999": [1.6890727281570435, -4.758950233459473], "alexander-j-smola_2010": [-0.6794810891151428, -4.387024402618408], "alexander-j-smola_2004": [0.2682689130306244, -5.668534278869629], "alexander-j-smola_2018": [-4.747560024261475, -5.276626110076904], "alexander-j-smola_2003": [0.10316335409879684, -4.892511367797852], "alexander-j-smola_2006": [-0.09066851437091827, -4.974823951721191], "alexander-j-smola_2016": [-2.1091651916503906, -4.451726913452148], "alexander-j-smola_2000": [1.943260669708252, -3.6523995399475098], "alexander-j-smola_1992": [1.1499063968658447, 1.6240208148956299], "alexander-j-smola_2001": [1.8525389432907104, -4.685762882232666], "alexander-j-smola_2008": [-0.6446369290351868, -4.9185285568237305], "alexander-j-smola_2017": [-2.5512919425964355, -4.588047027587891], "alexander-j-smola_2009": [-0.6712109446525574, -4.540571212768555], "alexander-j-smola_2013": [-1.1334223747253418, -5.813442707061768], "alexander-j-smola_2014": [-1.0142407417297363, -5.076083660125732], "alexander-j-smola_2012": [-0.8057126998901367, -5.079257488250732], "alexander-j-smola_2015": [-1.7208342552185059, -4.464608669281006], "alexander-j-smola_2011": [-0.8185116648674011, -5.490999221801758], "alexander-j-smola_2002": [0.3751164376735687, -5.7750725746154785], "alexander-j-smola_1997": [1.096192717552185, -5.222307205200195], "alexander-j-smola_1995": [1.149730920791626, 1.6238685846328735], "alexander-j-smola_1996": [0.8367315530776978, 1.1740916967391968], "christopher-d-manning_2003": [-3.864058494567871, -2.5366744995117188], "christopher-d-manning_2014": [-3.251523733139038, -1.592422366142273], "christopher-d-manning_2017": [-4.4555511474609375, -3.934072256088257], "christopher-d-manning_2007": [-4.687196731567383, -1.6013120412826538], "christopher-d-manning_2008": [-3.239647626876831, -1.5836260318756104], "christopher-d-manning_2013": [-3.5416057109832764, -1.649651288986206], "christopher-d-manning_2016": [-4.4701409339904785, -3.640889883041382], "christopher-d-manning_2000": [-4.886081695556641, -4.386281490325928], "christopher-d-manning_2010": [-4.221733570098877, -1.4705311059951782], "christopher-d-manning_2006": [-4.230693340301514, -1.7953791618347168], "christopher-d-manning_2005": [-3.801457643508911, -2.0609934329986572], "christopher-d-manning_2002": [-3.9490580558776855, -2.7197093963623047], "christopher-d-manning_2009": [-4.083256244659424, -1.521186113357544], "christopher-d-manning_1995": [3.7419724464416504, 4.872635364532471], "christopher-d-manning_2012": [-3.8373029232025146, -1.6217303276062012], "christopher-d-manning_1998": [3.762733221054077, 4.843957424163818], "christopher-d-manning_2011": [-3.924229145050049, -1.6048071384429932], "christopher-d-manning_1996": [3.707953929901123, 5.066676616668701], "christopher-d-manning_2004": [-3.893517255783081, -2.2245569229125977], "christopher-d-manning_2015": [-3.6583468914031982, -1.9485127925872803], "christopher-d-manning_2001": [3.592665910720825, 4.866183757781982], "christopher-d-manning_1999": [3.697922706604004, 4.888942718505859], "christopher-d-manning_2018": [-5.235062599182129, -5.352056503295898], "christopher-d-manning_1993": [-5.564932823181152, -2.294285297393799], "richard-socher_2014": [-5.87969446182251, -2.7062976360321045], "richard-socher_2013": [-5.7024688720703125, -2.582632303237915], "richard-socher_2012": [-5.92755126953125, -2.6592602729797363], "richard-socher_2011": [-6.244514465332031, -2.882424831390381], "richard-socher_2016": [-5.125413417816162, -5.145086288452148], "richard-socher_2017": [-4.509246349334717, -4.328744888305664], "richard-socher_2018": [-4.373305797576904, -4.296956539154053], "richard-socher_2009": [-6.737114429473877, -0.8632622361183167], "richard-socher_2010": [-6.564309120178223, -3.1461026668548584], "richard-socher_2015": [-5.578693866729736, -4.974150657653809], "andrew-y-ng_2010": [-1.6485272645950317, -3.4142134189605713], "andrew-y-ng_2001": [-1.8324648141860962, -5.764744758605957], "andrew-y-ng_2012": [-1.4037905931472778, -4.2362213134765625], "andrew-y-ng_1998": [-0.11408909410238266, -6.339148998260498], "andrew-y-ng_2008": [-1.5317878723144531, -3.505518913269043], "andrew-y-ng_2011": [-1.133772850036621, -3.7220520973205566], "andrew-y-ng_2009": [-0.9314630031585693, -3.4772064685821533], "andrew-y-ng_2013": [-5.652472972869873, -2.6320648193359375], "andrew-y-ng_2004": [-1.995481014251709, -5.58872127532959], "andrew-y-ng_1999": [-0.1485903412103653, -7.068011283874512], "andrew-y-ng_2000": [-0.13492006063461304, -6.686262607574463], "andrew-y-ng_2007": [-1.3123699426651, -3.409359931945801], "andrew-y-ng_2005": [-2.6694295406341553, -2.5694499015808105], "andrew-y-ng_2006": [-0.9950301647186279, -3.440977096557617], "andrew-y-ng_2016": [-3.803264617919922, -3.658874988555908],