{"cheng-soon-ong_2007": [-14.26823616027832, -1.0308563709259033], "cheng-soon-ong_2015": [-13.652641296386719, 3.608013391494751], "cheng-soon-ong_2016": [-3.2537076473236084, 1.9948928356170654], "cheng-soon-ong_2008": [-14.250253677368164, -1.850766658782959], "cheng-soon-ong_2005": [-14.560422897338867, 4.279376983642578], "cheng-soon-ong_2009": [-14.909614562988281, -1.4598932266235352], "cheng-soon-ong_2014": [-3.028231382369995, 1.669777274131775], "cheng-soon-ong_2017": [-2.6244912147521973, 6.069671154022217], "cheng-soon-ong_2006": [-14.427440643310547, -1.342124581336975], "cheng-soon-ong_2003": [-14.987200736999512, 3.2274444103240967], "cheng-soon-ong_2004": [-15.409708023071289, 2.3847687244415283], "robert-c-williamson_2014": [8.234742164611816, -6.501205921173096], "robert-c-williamson_2007": [-14.178650856018066, 5.248050212860107], "robert-c-williamson_2002": [-10.261778831481934, 0.8049502968788147], "robert-c-williamson_1998": [-10.147974967956543, -1.9038273096084595], "robert-c-williamson_1999": [-7.926446914672852, -2.76356840133667], "robert-c-williamson_2001": [-9.027376174926758, -1.9237945079803467], "robert-c-williamson_2006": [-12.171910285949707, 2.6795225143432617], "robert-c-williamson_1996": [-8.240370750427246, -3.3608663082122803], "robert-c-williamson_1988": [-7.372422218322754, -5.403294563293457], "robert-c-williamson_2011": [-11.221320152282715, 4.744097709655762], "robert-c-williamson_2003": [8.189593315124512, -8.835057258605957], "robert-c-williamson_1994": [-10.334386825561523, -2.2890655994415283], "robert-c-williamson_1993": [-10.537286758422852, -3.9940996170043945], "robert-c-williamson_2000": [-8.328404426574707, -2.2908437252044678], "robert-c-williamson_1992": [-11.012879371643066, -4.081767559051514], "robert-c-williamson_1991": [-7.762439250946045, -4.2784743309021], "robert-c-williamson_2015": [-11.256783485412598, 4.60862398147583], "robert-c-williamson_2010": [-12.918362617492676, 4.352164268493652], "robert-c-williamson_1995": [-9.456497192382812, -3.063764810562134], "robert-c-williamson_2018": [-3.0244100093841553, 6.917047500610352], "robert-c-williamson_2005": [-14.139135360717773, 4.200525760650635], "robert-c-williamson_2016": [-13.308170318603516, 4.368422508239746], "robert-c-williamson_1997": [-9.980198860168457, -3.5393035411834717], "robert-c-williamson_1990": [-7.471162796020508, -5.065952777862549], "robert-c-williamson_2017": [-2.8807313442230225, 6.705638885498047], "robert-c-williamson_2009": [-10.578984260559082, 6.588374614715576], "robert-c-williamson_2008": [-10.620209693908691, 7.16788387298584], "robert-c-williamson_2012": [-11.071146011352539, 5.4702277183532715], "robert-c-williamson_1985": [1.370059609413147, -3.131169319152832], "robert-c-williamson_1987": [1.3655028343200684, -3.1353933811187744], "robert-c-williamson_2004": [-14.910978317260742, 2.1543655395507812], "alexander-j-smola_1998": [-9.10027027130127, 0.3209400475025177], "alexander-j-smola_2007": [-7.044197082519531, 1.1548469066619873], "alexander-j-smola_2005": [-8.575549125671387, 1.4063040018081665], "alexander-j-smola_1999": [-8.886719703674316, -0.9637365341186523], "alexander-j-smola_2010": [-7.400059700012207, 1.4186214208602905], "alexander-j-smola_2004": [-10.112324714660645, 1.6459505558013916], "alexander-j-smola_2018": [-3.6335384845733643, -12.57604694366455], "alexander-j-smola_2003": [-8.727256774902344, 1.0373539924621582], "alexander-j-smola_2006": [-8.879605293273926, 1.5030484199523926], "alexander-j-smola_2016": [6.403445720672607, -4.782116889953613], "alexander-j-smola_2000": [-7.282463073730469, -2.551802158355713], "alexander-j-smola_1992": [2.1381804943084717, -2.9878029823303223], "alexander-j-smola_2001": [-8.854501724243164, -1.195556640625], "alexander-j-smola_2008": [-8.409422874450684, 2.1683993339538574], "alexander-j-smola_2017": [-2.924095392227173, 3.746025800704956], "alexander-j-smola_2009": [-7.7266411781311035, 1.705928087234497], "alexander-j-smola_2013": [6.269100189208984, -6.895301342010498], "alexander-j-smola_2014": [5.899949550628662, -5.907787322998047], "alexander-j-smola_2012": [5.923585891723633, -6.112738132476807], "alexander-j-smola_2015": [6.258637428283691, -4.792071342468262], "alexander-j-smola_2011": [-9.215653419494629, 3.0554544925689697], "alexander-j-smola_2002": [-10.595681190490723, 1.422371506690979], "alexander-j-smola_1997": [-9.65546703338623, -0.06444583833217621], "alexander-j-smola_1995": [2.151597023010254, -2.983553647994995], "alexander-j-smola_1996": [1.3457646369934082, -2.861027956008911], "christopher-d-manning_2003": [-7.120721340179443, -11.099128723144531], "christopher-d-manning_2014": [-7.528011798858643, -9.022941589355469], "christopher-d-manning_2017": [-5.072674751281738, -11.356163024902344], "christopher-d-manning_2007": [-10.007099151611328, -9.932992935180664], "christopher-d-manning_2008": [-7.518409252166748, -9.005764961242676], "christopher-d-manning_2013": [-7.989095211029053, -9.226451873779297], "christopher-d-manning_2016": [-5.425298690795898, -11.139922142028809], "christopher-d-manning_2000": [-5.091398239135742, -12.630242347717285], "christopher-d-manning_2010": [-9.247529983520508, -9.718313217163086], "christopher-d-manning_2006": [-8.795988082885742, -10.688413619995117], "christopher-d-manning_2005": [-7.801451206207275, -10.559443473815918], "christopher-d-manning_2002": [-6.957850456237793, -11.428915977478027], "christopher-d-manning_2009": [-8.961295127868652, -9.633261680603027], "christopher-d-manning_1995": [-7.5649213790893555, -14.097416877746582], "christopher-d-manning_2012": [-8.496975898742676, -9.436367988586426], "christopher-d-manning_1998": [-7.021703243255615, -14.536559104919434], "christopher-d-manning_2011": [-8.620964050292969, -9.465337753295898], "christopher-d-manning_1996": [-6.24541711807251, -13.912811279296875], "christopher-d-manning_2004": [-7.675139427185059, -10.804215431213379], "christopher-d-manning_2015": [-7.391435146331787, -9.830751419067383], "christopher-d-manning_2001": [-6.93342924118042, -13.138195037841797], "christopher-d-manning_1999": [-7.002784729003906, -13.992691040039062], "christopher-d-manning_2018": [-3.112666606903076, -13.11556625366211], "christopher-d-manning_1993": [-11.504094123840332, -9.54329776763916], "richard-socher_2014": [-11.807673454284668, -8.379475593566895], "richard-socher_2013": [-11.351334571838379, -8.427053451538086], "richard-socher_2012": [-11.7313232421875, -8.030386924743652], "richard-socher_2011": [-12.323089599609375, -7.667308330535889], "richard-socher_2016": [-3.6559898853302, -12.992506980895996], "richard-socher_2017": [-4.598670959472656, -11.737760543823242], "richard-socher_2018": [-4.613360404968262, -11.586945533752441], "richard-socher_2009": [-13.181142807006836, 5.169139385223389], "richard-socher_2010": [-12.801121711730957, -7.223989963531494], "richard-socher_2015": [-3.925527572631836, -13.753326416015625], "andrew-y-ng_2010": [-5.876005172729492, 3.6665847301483154], "andrew-y-ng_2001": [-7.8547163009643555, 4.455109596252441], "andrew-y-ng_2012": [-7.332345485687256, 3.0504531860351562], "andrew-y-ng_1998": [-10.691733360290527, 2.3609611988067627], "andrew-y-ng_2008": [-6.007260799407959, 3.4401731491088867], "andrew-y-ng_2011": [-6.570305347442627, 2.5854005813598633], "andrew-y-ng_2009": [-6.134254455566406, 2.0817601680755615], "andrew-y-ng_2013": [-11.225825309753418, -8.322358131408691], "andrew-y-ng_2004": [-7.148445129394531, 4.558170318603516], "andrew-y-ng_1999": [-12.137873649597168, 0.42722561955451965], "andrew-y-ng_2000": [-11.537839889526367, 1.053300142288208], "andrew-y-ng_2007": [-5.947441577911377, 2.8811392784118652], "andrew-y-ng_2005": [-8.323070526123047, -7.827091693878174], "andrew-y-ng_2006": [-6.04081392288208, 2.039402961730957], "andrew-y-ng_2016": [-4.469727039337158, -10.125093460083008], "andrew-y-ng_2014": [-6.7376227378845215, 4.369409084320068],