{"steve-blackburn_2004": [-56.08725357055664, -34.327003479003906], "steve-blackburn_1999": [7.010444164276123, 43.275474548339844], "steve-blackburn_2011": [-14.999218940734863, -34.91704559326172], "steve-blackburn_2006": [-57.678558349609375, -34.12019729614258], "steve-blackburn_2000": [11.22602653503418, 10.637639999389648], "steve-blackburn_2015": [-35.38966751098633, -32.96503448486328], "steve-blackburn_2005": [-35.262264251708984, -40.35397720336914], "steve-blackburn_1998": [5.358929634094238, 43.17953109741211], "steve-blackburn_2016": [-31.085670471191406, -33.9488525390625], "steve-blackburn_1996": [1.687040090560913, 42.558902740478516], "steve-blackburn_2001": [-19.553789138793945, -24.064167022705078], "steve-blackburn_2018": [-6.77207088470459, 48.18453598022461], "steve-blackburn_2010": [-39.322330474853516, -33.93819808959961], "steve-blackburn_2012": [-13.076972007751465, -31.848400115966797], "steve-blackburn_2013": [-45.21099090576172, -36.894287109375], "steve-blackburn_1997": [5.815720558166504, 44.717655181884766], "steve-blackburn_2002": [-56.86263656616211, -35.35559844970703], "steve-blackburn_2003": [-54.630760192871094, -34.722740173339844], "steve-blackburn_2014": [-46.72214126586914, -35.27449035644531], "steve-blackburn_2008": [-18.522544860839844, -22.676103591918945], "steve-blackburn_2009": [-44.217491149902344, -32.00801086425781], "steve-blackburn_2007": [-38.08013153076172, -28.5025634765625], "antony-l-hosking_2011": [-37.05257797241211, -38.04756546020508], "antony-l-hosking_2016": [-13.838561058044434, -29.70543098449707], "antony-l-hosking_2009": [-4.2791218757629395, -6.2923383712768555], "antony-l-hosking_2007": [-16.831825256347656, -15.820319175720215], "antony-l-hosking_2006": [-35.4517936706543, -37.4422721862793], "antony-l-hosking_2004": [-33.758628845214844, -38.191593170166016], "antony-l-hosking_1995": [-20.600706100463867, -14.985628128051758], "antony-l-hosking_2015": [-41.131595611572266, -38.33040237426758], "antony-l-hosking_1999": [-34.59770202636719, -28.343063354492188], "antony-l-hosking_2014": [-14.064858436584473, -28.11726951599121], "antony-l-hosking_2005": [-32.56718444824219, -39.57560348510742], "antony-l-hosking_1990": [-20.266613006591797, -19.550811767578125], "antony-l-hosking_2003": [7.170316696166992, 17.526752471923828], "antony-l-hosking_2001": [-56.43867874145508, -32.822776794433594], "antony-l-hosking_2018": [-5.706010341644287, 45.77399826049805], "antony-l-hosking_2000": [-18.155349731445312, -20.832382202148438], "antony-l-hosking_1993": [-18.469268798828125, -15.089458465576172], "antony-l-hosking_2012": [-35.19700241088867, -34.960243225097656], "antony-l-hosking_1991": [-5.289530277252197, -11.763714790344238], "antony-l-hosking_1998": [-17.159425735473633, -19.595489501953125], "antony-l-hosking_1992": [-37.779991149902344, -40.370609283447266], "antony-l-hosking_2013": [-3.986435651779175, 45.44963455200195], "antony-l-hosking_1997": [-38.864097595214844, -28.670211791992188], "antony-l-hosking_2010": [-38.19485092163086, -36.862548828125], "antony-l-hosking_1994": [-33.526268005371094, -26.948057174682617], "antony-l-hosking_2008": [-3.6776459217071533, 47.08294677734375], "antony-l-hosking_1996": [-21.016191482543945, -18.079090118408203], "antony-l-hosking_2017": [-58.60485076904297, -36.016944885253906], "kathryn-mckinley_2009": [-32.7218017578125, -34.70819854736328], "kathryn-mckinley_2004": [-43.968894958496094, -35.197940826416016], "kathryn-mckinley_1994": [-5.722614288330078, -32.255271911621094], "kathryn-mckinley_1998": [-30.102373123168945, -40.638023376464844], "kathryn-mckinley_1990": [40.5599250793457, 21.116119384765625], "kathryn-mckinley_1995": [15.572478294372559, -0.9119021892547607], "kathryn-mckinley_2006": [-27.76871681213379, -35.40049362182617], "kathryn-mckinley_2015": [-11.377754211425781, -32.88335418701172], "kathryn-mckinley_1991": [-3.5861408710479736, -34.926212310791016], "kathryn-mckinley_2013": [-8.50418758392334, -16.260013580322266], "kathryn-mckinley_2007": [-34.0771484375, -35.39238739013672], "kathryn-mckinley_2016": [-13.752420425415039, -37.32000732421875], "kathryn-mckinley_2011": [-11.447056770324707, -32.0350227355957], "kathryn-mckinley_2000": [-12.231828689575195, -18.748291015625], "kathryn-mckinley_2018": [-5.454178810119629, 47.09612274169922], "kathryn-mckinley_2008": [-42.67197036743164, -35.02819061279297], "kathryn-mckinley_2003": [-19.945110321044922, -35.876136779785156], "kathryn-mckinley_1997": [13.310853004455566, 1.0921796560287476], "kathryn-mckinley_2010": [-36.707862854003906, -34.562217712402344], "kathryn-mckinley_1996": [-7.871859073638916, -32.04352569580078], "kathryn-mckinley_2005": [-12.589244842529297, -37.01436233520508], "kathryn-mckinley_1992": [-5.567923069000244, -30.972309112548828], "kathryn-mckinley_1993": [-4.4034624099731445, -33.89933776855469], "kathryn-mckinley_2012": [-14.370078086853027, -35.816219329833984], "kathryn-mckinley_2002": [-44.93557357788086, -34.387351989746094], "kathryn-mckinley_2001": [-29.834102630615234, -38.82793426513672], "kathryn-mckinley_2017": [-24.56230926513672, -35.318721771240234], "kathryn-mckinley_1999": [-20.452878952026367, -36.318824768066406], "kathryn-mckinley_2014": [-26.09271240234375, -35.42601776123047], "kathryn-mckinley_1989": [11.552525520324707, -6.425478935241699], "POPL_1993": [39.31793975830078, 10.299410820007324], "POPL_2017": [-11.997467994689941, -4.256773471832275], "POPL_1980": [29.583677291870117, 39.059696197509766], "POPL_2001": [48.59804916381836, 14.224154472351074], "POPL_2016": [-12.184619903564453, -3.53741192817688], "POPL_2005": [36.23234176635742, -4.434110164642334], "POPL_1996": [41.313514709472656, 11.337236404418945], "POPL_1988": [39.96737289428711, 15.877721786499023], "POPL_2006": [35.50141525268555, -6.252552509307861], "POPL_2007": [39.10850143432617, -6.487307548522949], "POPL_1991": [42.342159271240234, 13.517388343811035], "POPL_1977": [27.754690170288086, 40.542755126953125], "POPL_1982": [36.674556732177734, 24.728979110717773], "POPL_2004": [37.97770690917969, -0.9282933473587036], "POPL_1989": [34.17656326293945, 23.344572067260742], "POPL_1981": [36.37234878540039, 26.678483963012695], "POPL_2000": [48.029808044433594, 14.109750747680664], "POPL_2013": [31.08928871154785, -10.593722343444824], "POPL_1987": [35.36861038208008, 25.129396438598633], "POPL_1986": [33.665626525878906, 25.797035217285156], "POPL_1973": [26.705535888671875, 41.714263916015625], "POPL_1978": [28.783496856689453, 41.12614822387695], "POPL_1995": [39.90904998779297, 11.224629402160645], "POPL_1985": [39.193965911865234, 22.861366271972656], "POPL_1976": [29.858856201171875, 42.82619094848633], "POPL_2009": [35.9743766784668, -7.729587078094482], "POPL_1984": [38.63564682006836, 25.822921752929688], "POPL_2012": [32.514198303222656, -7.7947678565979], "POPL_2010": [35.59647750854492, -10.258275032043457], "POPL_1999": [38.43186950683594, 2.5744822025299072], "POPL_2014": [33.43149948120117, -7.344220161437988], "POPL_1983": [37.75904846191406, 24.15302848815918], "POPL_1975": [2.1988844871520996, 38.5377311706543], "POPL_2002": [38.17792510986328, 0.6289606094360352], "POPL_2003": [37.79539489746094, 7.72401762008667], "POPL_2011": [35.57780456542969, -8.781518936157227], "POPL_2008": [37.60373306274414, -7.321990489959717], "POPL_1994": [40.49372100830078, 13.885017395019531], "POPL_1992": [32.80862808227539, 22.394474029541016], "POPL_2015": [31.516986846923828, -9.896307945251465], "POPL_1997": [39.74195098876953, 13.340753555297852], "POPL_1998": [38.51023864746094, 3.6516644954681396], "POPL_1979": [29.720287322998047, 40.9852180480957], "PLDI_2015": [-12.523476600646973, -16.08326530456543], "PLDI_1991": [29.23896026611328, 22.194618225097656], "PLDI_2018": [16.063867568969727, 10.898954391479492], "PLDI_1996": [18.706090927124023, 3.1428098678588867], "PLDI_2001": [15.391410827636719, -5.35058069229126],