{"steve-blackburn_2004": [-23.013076782226562, 21.89417839050293], "steve-blackburn_1999": [6.778656005859375, -15.815160751342773], "steve-blackburn_2011": [-14.131333351135254, 14.891777992248535], "steve-blackburn_2006": [-23.49919891357422, 22.48602867126465], "steve-blackburn_2000": [-1.681061029434204, -1.3730233907699585], "steve-blackburn_2015": [-19.313522338867188, 18.18568229675293], "steve-blackburn_2005": [-16.92946434020996, 19.679410934448242], "steve-blackburn_1998": [7.349099636077881, -15.63086223602295], "steve-blackburn_2016": [-18.87897300720215, 17.097944259643555], "steve-blackburn_1996": [8.363889694213867, -13.287713050842285], "steve-blackburn_2001": [-16.642009735107422, 12.256591796875], "steve-blackburn_2018": [10.15761947631836, -11.942790985107422], "steve-blackburn_2010": [-20.78591537475586, 20.03799819946289], "steve-blackburn_2012": [-13.717700004577637, 13.581684112548828], "steve-blackburn_2013": [-22.306215286254883, 17.713096618652344], "steve-blackburn_1997": [7.37027645111084, -16.21528434753418], "steve-blackburn_2002": [-22.92995262145996, 22.469511032104492], "steve-blackburn_2003": [-22.18031883239746, 21.368309020996094], "steve-blackburn_2014": [-22.862028121948242, 18.257898330688477], "steve-blackburn_2008": [-15.403258323669434, 11.02607250213623], "steve-blackburn_2009": [-22.422828674316406, 19.907608032226562], "steve-blackburn_2007": [-19.858579635620117, 21.5028018951416], "antony-l-hosking_2011": [-18.47755241394043, 19.840038299560547], "antony-l-hosking_2016": [-14.122564315795898, 11.806157112121582], "antony-l-hosking_2009": [-8.74267864227295, 3.2396485805511475], "antony-l-hosking_2007": [-15.755651473999023, 7.543950080871582], "antony-l-hosking_2006": [-18.46156120300293, 19.21475601196289], "antony-l-hosking_2004": [-17.728431701660156, 18.996078491210938], "antony-l-hosking_1995": [-17.999433517456055, 8.019460678100586], "antony-l-hosking_2015": [-20.678251266479492, 19.04861068725586], "antony-l-hosking_1999": [-18.11850357055664, 21.46933364868164], "antony-l-hosking_2014": [-13.40656852722168, 10.57691478729248], "antony-l-hosking_2005": [-20.29742431640625, 16.356733322143555], "antony-l-hosking_1990": [-16.601226806640625, 9.869970321655273], "antony-l-hosking_2003": [2.967137098312378, -7.4224934577941895], "antony-l-hosking_2001": [-23.71433448791504, 21.83990478515625], "antony-l-hosking_2018": [10.461874008178711, -12.950456619262695], "antony-l-hosking_2000": [-15.054516792297363, 9.697964668273926], "antony-l-hosking_1993": [-16.622783660888672, 7.334048748016357], "antony-l-hosking_2012": [-18.4515438079834, 18.66079330444336], "antony-l-hosking_1991": [-10.809523582458496, 3.1078312397003174], "antony-l-hosking_1998": [-15.350534439086914, 8.700352668762207], "antony-l-hosking_1992": [-16.00680160522461, 19.423763275146484], "antony-l-hosking_2013": [11.610384941101074, -11.671195983886719], "antony-l-hosking_1997": [-20.33757209777832, 21.32982063293457], "antony-l-hosking_2010": [-19.544086456298828, 20.027652740478516], "antony-l-hosking_1994": [-18.477672576904297, 22.116588592529297], "antony-l-hosking_2008": [10.175812721252441, -12.510089874267578], "antony-l-hosking_1996": [-17.21453094482422, 9.266580581665039], "antony-l-hosking_2017": [-23.082561492919922, 23.323936462402344], "kathryn-mckinley_2009": [-18.48055076599121, 17.776050567626953], "kathryn-mckinley_2004": [-21.288217544555664, 17.929109573364258], "kathryn-mckinley_1994": [-8.796987533569336, 12.579806327819824], "kathryn-mckinley_1998": [-20.32061195373535, 15.288836479187012], "kathryn-mckinley_1990": [11.34827709197998, 1.1030863523483276], "kathryn-mckinley_1995": [-3.4878246784210205, 6.1020307540893555], "kathryn-mckinley_2006": [-17.88407325744629, 16.574520111083984], "kathryn-mckinley_2015": [-12.845887184143066, 13.180755615234375], "kathryn-mckinley_1991": [-8.39400863647461, 14.385976791381836], "kathryn-mckinley_2013": [-11.653773307800293, 10.315590858459473], "kathryn-mckinley_2007": [-18.13860511779785, 18.26033592224121], "kathryn-mckinley_2016": [-12.759466171264648, 15.16976261138916], "kathryn-mckinley_2011": [-12.858591079711914, 13.140063285827637], "kathryn-mckinley_2000": [-14.045524597167969, 6.266386985778809], "kathryn-mckinley_2018": [10.576648712158203, -11.270650863647461], "kathryn-mckinley_2008": [-20.385881423950195, 17.823772430419922], "kathryn-mckinley_2003": [-15.932342529296875, 15.240480422973633], "kathryn-mckinley_1997": [-3.983562469482422, 1.562822699546814], "kathryn-mckinley_2010": [-19.36488151550293, 19.05231285095215], "kathryn-mckinley_1996": [-10.030683517456055, 12.586905479431152], "kathryn-mckinley_2005": [-12.551056861877441, 14.863016128540039], "kathryn-mckinley_1992": [-8.555806159973145, 12.099358558654785], "kathryn-mckinley_1993": [-8.413684844970703, 13.768268585205078], "kathryn-mckinley_2012": [-13.503411293029785, 14.993048667907715], "kathryn-mckinley_2002": [-21.746896743774414, 18.651464462280273], "kathryn-mckinley_2001": [-17.093103408813477, 17.487585067749023], "kathryn-mckinley_2017": [-15.499475479125977, 16.547252655029297], "kathryn-mckinley_1999": [-16.00566291809082, 15.240802764892578], "kathryn-mckinley_2014": [-16.659738540649414, 16.409875869750977], "kathryn-mckinley_1989": [-4.747040748596191, 8.498345375061035], "robert-c-williamson_2014": [19.47576904296875, -8.231375694274902], "robert-c-williamson_2007": [17.063779830932617, -8.388002395629883], "robert-c-williamson_2002": [18.223438262939453, -10.414755821228027], "robert-c-williamson_1998": [19.533353805541992, -11.682336807250977], "robert-c-williamson_1999": [17.694639205932617, -12.301068305969238], "robert-c-williamson_2001": [18.26042366027832, -11.895898818969727], "robert-c-williamson_2006": [19.34995460510254, -10.296649932861328], "robert-c-williamson_1996": [18.527210235595703, -12.689494132995605], "robert-c-williamson_1988": [11.417404174804688, -14.843263626098633], "robert-c-williamson_2011": [20.241703033447266, -7.101083755493164], "robert-c-williamson_2003": [16.320940017700195, -12.746638298034668], "robert-c-williamson_1994": [19.512014389038086, -12.534204483032227], "robert-c-williamson_1993": [13.261262893676758, -11.75918960571289], "robert-c-williamson_2000": [17.483652114868164, -12.264181137084961], "robert-c-williamson_1992": [15.480677604675293, -12.679542541503906], "robert-c-williamson_1991": [19.261808395385742, 0.4981065094470978], "robert-c-williamson_2015": [19.594375610351562, -7.9893293380737305], "robert-c-williamson_2010": [18.847810745239258, -7.224357604980469], "robert-c-williamson_1995": [19.064294815063477, -13.777018547058105], "robert-c-williamson_2018": [12.045929908752441, -9.382270812988281], "robert-c-williamson_2005": [17.518108367919922, -9.166129112243652], "robert-c-williamson_2016": [20.048542022705078, -6.334358215332031], "robert-c-williamson_1997": [19.27063751220703, -14.16523265838623], "robert-c-williamson_1990": [18.997844696044922, 0.29169395565986633], "robert-c-williamson_2017": [12.174795150756836, -8.73487663269043], "robert-c-williamson_2009": [15.932295799255371, -14.79495906829834], "robert-c-williamson_2008": [15.940845489501953, -14.724485397338867], "robert-c-williamson_2012": [20.009380340576172, -7.9711833000183105], "robert-c-williamson_1985": [11.083232879638672, -13.04948616027832], "robert-c-williamson_1987": [11.210942268371582, -11.239130020141602], "robert-c-williamson_2004": [20.64102554321289, -9.443721771240234], "POPL_1993": [6.682957172393799, 1.5832175016403198], "POPL_2017": [-12.341012001037598, 4.916604042053223], "POPL_1980": [4.66743278503418, -13.230144500732422], "POPL_2001": [8.727545738220215, 3.4262125492095947], "POPL_2016": [-12.550090789794922, 4.794051170349121], "POPL_2005": [0.6309478878974915, 3.4856090545654297], "POPL_1996": [7.236621379852295, 0.9571175575256348], "POPL_1988": [9.122759819030762, 0.7082849144935608],