{"steve-blackburn_2004": [-26.41208839416504, -42.392887115478516], "steve-blackburn_1999": [6.336895942687988, 27.30289649963379], "steve-blackburn_2011": [-9.73863410949707, -32.62758255004883], "steve-blackburn_2006": [-27.663738250732422, -42.736148834228516], "steve-blackburn_2000": [12.111010551452637, 0.6789103746414185], "steve-blackburn_2015": [-17.538414001464844, -40.398277282714844], "steve-blackburn_2005": [-14.564244270324707, -45.008785247802734], "steve-blackburn_1998": [5.250739574432373, 28.0004825592041], "steve-blackburn_2016": [-15.817915916442871, -38.766990661621094], "steve-blackburn_1996": [2.249347686767578, 29.690553665161133], "steve-blackburn_2001": [-5.918013572692871, -24.910188674926758], "steve-blackburn_2018": [-3.8884902000427246, 32.575775146484375], "steve-blackburn_2010": [-20.687822341918945, -41.830406188964844], "steve-blackburn_2012": [-7.849582672119141, -31.218997955322266], "steve-blackburn_2013": [-21.875091552734375, -36.80086135864258], "steve-blackburn_1997": [6.216672420501709, 28.76321029663086], "steve-blackburn_2002": [-27.17752456665039, -41.699031829833984], "steve-blackburn_2003": [-25.189664840698242, -41.75945281982422], "steve-blackburn_2014": [-21.012588500976562, -35.71513748168945], "steve-blackburn_2008": [-4.402002811431885, -24.671255111694336], "steve-blackburn_2009": [-22.355104446411133, -39.730247497558594], "steve-blackburn_2007": [-12.679167747497559, -42.375282287597656], "antony-l-hosking_2011": [-17.927387237548828, -43.582332611083984], "antony-l-hosking_2016": [-7.171165943145752, -28.866043090820312], "antony-l-hosking_2009": [-2.5207066535949707, -11.971385955810547], "antony-l-hosking_2007": [0.7078005075454712, -24.499624252319336], "antony-l-hosking_2006": [-16.573434829711914, -43.38154983520508], "antony-l-hosking_2004": [-16.13760757446289, -44.54352951049805], "antony-l-hosking_1995": [1.6604926586151123, -27.553428649902344], "antony-l-hosking_2015": [-19.80010223388672, -39.897552490234375], "antony-l-hosking_1999": [-11.956543922424316, -44.082088470458984], "antony-l-hosking_2014": [-7.527407169342041, -27.55733299255371], "antony-l-hosking_2005": [-17.901424407958984, -45.935813903808594], "antony-l-hosking_1990": [-2.2268149852752686, -27.096590042114258], "antony-l-hosking_2003": [3.883514404296875, 10.486944198608398], "antony-l-hosking_2001": [-26.6519832611084, -43.55541229248047], "antony-l-hosking_2018": [-1.606422781944275, 32.72716522216797], "antony-l-hosking_2000": [-2.8900508880615234, -24.640443801879883], "antony-l-hosking_1993": [1.5517888069152832, -25.590938568115234], "antony-l-hosking_2012": [-16.789936065673828, -42.02740478515625], "antony-l-hosking_1991": [0.9975590109825134, -11.243279457092285], "antony-l-hosking_1998": [-1.5390877723693848, -24.919891357421875], "antony-l-hosking_1992": [-13.439007759094238, -46.69981384277344], "antony-l-hosking_2013": [-1.134360671043396, 31.578998565673828], "antony-l-hosking_1997": [-13.35329818725586, -42.197265625], "antony-l-hosking_2010": [-19.272689819335938, -43.132408142089844], "antony-l-hosking_1994": [-10.538741111755371, -43.696651458740234], "antony-l-hosking_2008": [-2.2882401943206787, 31.081279754638672], "antony-l-hosking_1996": [-0.8524873852729797, -27.518028259277344], "antony-l-hosking_2017": [-28.64209747314453, -41.48303985595703], "kathryn-mckinley_2009": [-15.826070785522461, -40.44495391845703], "kathryn-mckinley_2004": [-19.788169860839844, -37.31834411621094], "kathryn-mckinley_1994": [-1.796424388885498, -33.90556716918945], "kathryn-mckinley_1998": [-17.38069725036621, -47.818668365478516], "kathryn-mckinley_1990": [25.581466674804688, 17.197792053222656], "kathryn-mckinley_1995": [8.780714988708496, -5.287889003753662], "kathryn-mckinley_2006": [-16.931663513183594, -36.8359489440918], "kathryn-mckinley_2015": [-6.273475646972656, -31.69707489013672], "kathryn-mckinley_1991": [-1.394091248512268, -36.736690521240234], "kathryn-mckinley_2013": [-4.5377960205078125, -20.251710891723633], "kathryn-mckinley_2007": [-16.0922794342041, -41.65968704223633], "kathryn-mckinley_2016": [-8.467504501342773, -34.395503997802734], "kathryn-mckinley_2011": [-6.702884197235107, -31.491806030273438], "kathryn-mckinley_2000": [0.896782398223877, -21.064287185668945], "kathryn-mckinley_2018": [-2.595285177230835, 32.10415267944336], "kathryn-mckinley_2008": [-18.50281524658203, -37.360877990722656], "kathryn-mckinley_2003": [-12.594776153564453, -33.063941955566406], "kathryn-mckinley_1997": [8.319541931152344, -2.0810112953186035], "kathryn-mckinley_2010": [-17.93058967590332, -41.779258728027344], "kathryn-mckinley_1996": [-3.3690171241760254, -33.022281646728516], "kathryn-mckinley_2005": [-7.581126689910889, -33.97111129760742], "kathryn-mckinley_1992": [-1.239931583404541, -33.09759521484375], "kathryn-mckinley_1993": [-1.4545693397521973, -35.70321273803711], "kathryn-mckinley_2012": [-9.014593124389648, -33.303443908691406], "kathryn-mckinley_2002": [-20.73411750793457, -37.8482780456543], "kathryn-mckinley_2001": [-16.25364875793457, -46.58500671386719], "kathryn-mckinley_2017": [-13.69893741607666, -35.62248229980469], "kathryn-mckinley_1999": [-13.036934852600098, -33.029083251953125], "kathryn-mckinley_2014": [-14.864532470703125, -36.16320037841797], "kathryn-mckinley_1989": [9.693658828735352, -8.402229309082031], "robert-c-williamson_2014": [-18.99298667907715, 39.250770568847656], "robert-c-williamson_2007": [-17.15420150756836, 41.93108367919922], "robert-c-williamson_2002": [-14.87431526184082, 39.460655212402344], "robert-c-williamson_1998": [-13.093873977661133, 41.02992630004883], "robert-c-williamson_1999": [-11.817412376403809, 38.27484893798828], "robert-c-williamson_2001": [-12.635810852050781, 39.208316802978516], "robert-c-williamson_2006": [-15.571649551391602, 38.165958404541016], "robert-c-williamson_1996": [-11.249650001525879, 39.6312255859375], "robert-c-williamson_1988": [1.012833595275879, 33.37401580810547], "robert-c-williamson_2011": [-21.338539123535156, 39.09051513671875], "robert-c-williamson_2003": [-11.714142799377441, 35.84286880493164], "robert-c-williamson_1994": [-11.414161682128906, 41.27354431152344], "robert-c-williamson_1993": [-5.725718021392822, 33.93033218383789], "robert-c-williamson_2000": [-11.87555980682373, 37.79678726196289], "robert-c-williamson_1992": [-10.626948356628418, 34.836795806884766], "robert-c-williamson_1991": [-9.333499908447266, 18.37499237060547], "robert-c-williamson_2015": [-19.646549224853516, 39.2090950012207], "robert-c-williamson_2010": [-20.006505966186523, 40.83808517456055], "robert-c-williamson_1995": [-9.527668952941895, 39.8144645690918], "robert-c-williamson_2018": [-3.9384236335754395, 27.39560317993164], "robert-c-williamson_2005": [-16.207651138305664, 40.77463912963867], "robert-c-williamson_2016": [-22.163455963134766, 40.22548294067383], "robert-c-williamson_1997": [-8.666909217834473, 39.999267578125], "robert-c-williamson_1990": [-8.492554664611816, 18.885498046875], "robert-c-williamson_2017": [-4.053710460662842, 26.23302459716797], "robert-c-williamson_2009": [-13.771322250366211, 33.46564865112305], "robert-c-williamson_2008": [-13.308959007263184, 33.69660186767578], "robert-c-williamson_2012": [-20.00807762145996, 38.227989196777344], "robert-c-williamson_1985": [-1.4556883573532104, 30.281984329223633], "robert-c-williamson_1987": [-2.881736993789673, 33.233211517333984], "robert-c-williamson_2004": [-17.46920394897461, 37.35090255737305], "POPL_1993": [22.656536102294922, 9.784775733947754], "POPL_2017": [-4.925722599029541, -15.569581031799316], "POPL_1980": [18.14955711364746, 25.63404083251953], "POPL_2001": [28.743247985839844, 10.773168563842773], "POPL_2016": [-5.487279415130615, -15.479355812072754], "POPL_2005": [20.291860580444336, -1.1010050773620605], "POPL_1996": [24.318700790405273, 10.383088111877441], "POPL_1988": [23.427709579467773, 13.686626434326172],