{"steve-blackburn_2004": [-1.6789076328277588, 0.5302512049674988], "steve-blackburn_1999": [-12.485782623291016, 0.9174588322639465], "steve-blackburn_2011": [-4.1454386711120605, -0.624762773513794], "steve-blackburn_2006": [-1.5121197700500488, 0.5819814205169678], "steve-blackburn_2000": [-7.483102798461914, 2.0181777477264404], "steve-blackburn_2015": [-2.992759943008423, 0.1935812085866928], "steve-blackburn_2005": [-3.3043930530548096, 0.5479244589805603], "steve-blackburn_1998": [-12.270115852355957, 0.8069968223571777], "steve-blackburn_2016": [-3.128917932510376, 0.028642289340496063], "steve-blackburn_1996": [-11.290075302124023, -0.9220262169837952], "steve-blackburn_2001": [-3.884936571121216, 0.6197541356086731], "steve-blackburn_2018": [-11.020472526550293, 0.2669837176799774], "steve-blackburn_2010": [-2.405015230178833, 0.30948519706726074], "steve-blackburn_2012": [-4.327902793884277, -0.2903486490249634], "steve-blackburn_2013": [-2.262289047241211, -0.10644393414258957], "steve-blackburn_1997": [-12.491779327392578, 0.8960829377174377], "steve-blackburn_2002": [-1.5265820026397705, 0.5881656408309937], "steve-blackburn_2003": [-1.9571611881256104, 0.4845408797264099], "steve-blackburn_2014": [-2.0802180767059326, -0.1613386869430542], "steve-blackburn_2008": [-4.656031131744385, 0.43171951174736023], "steve-blackburn_2009": [-1.8982367515563965, 0.20487575232982635], "steve-blackburn_2007": [-2.4084272384643555, 0.6412621736526489], "antony-l-hosking_2011": [-3.152143716812134, 0.44999149441719055], "antony-l-hosking_2016": [-4.5177693367004395, 0.17919839918613434], "antony-l-hosking_2009": [-7.435622692108154, -0.7917962074279785], "antony-l-hosking_2007": [-5.2793169021606445, 0.8262190818786621], "antony-l-hosking_2006": [-3.0889718532562256, 0.3354502320289612], "antony-l-hosking_2004": [-3.0984926223754883, 0.3731438219547272], "antony-l-hosking_1995": [-4.138152599334717, 1.677081823348999], "antony-l-hosking_2015": [-2.5754387378692627, 0.23871490359306335], "antony-l-hosking_1999": [-2.858949661254883, 0.9930404424667358], "antony-l-hosking_2014": [-6.001784324645996, -1.1320109367370605], "antony-l-hosking_2005": [-2.6034390926361084, -0.13531850278377533], "antony-l-hosking_1990": [-4.379292964935303, 0.7747930884361267], "antony-l-hosking_2003": [-10.186103820800781, -0.7028042078018188], "antony-l-hosking_2001": [-1.5895861387252808, 0.5603114366531372], "antony-l-hosking_2018": [-11.020472526550293, 0.2669840455055237], "antony-l-hosking_2000": [-5.184898376464844, 0.5163906216621399], "antony-l-hosking_1993": [-5.08861780166626, 1.375640869140625], "antony-l-hosking_2012": [-3.2826666831970215, 0.4024556875228882], "antony-l-hosking_1991": [-6.80633020401001, -0.9511435031890869], "antony-l-hosking_1998": [-5.424951553344727, 1.004359483718872], "antony-l-hosking_1992": [-3.6977553367614746, 0.6058326363563538], "antony-l-hosking_2013": [-11.02047348022461, 0.26698315143585205], "antony-l-hosking_1997": [-2.326049327850342, 0.5482566356658936], "antony-l-hosking_2010": [-2.7139225006103516, 0.47473210096359253], "antony-l-hosking_1994": [-2.7403533458709717, 0.9577914476394653], "antony-l-hosking_2008": [-11.020472526550293, 0.26698288321495056], "antony-l-hosking_1996": [-4.2515082359313965, 1.096278429031372], "antony-l-hosking_2017": [-1.4231696128845215, 0.615987241268158], "kathryn-mckinley_2009": [-3.215020179748535, 0.17113158106803894], "kathryn-mckinley_2004": [-2.6407289505004883, -0.09502176940441132], "kathryn-mckinley_1994": [-5.778653144836426, 1.5369389057159424], "kathryn-mckinley_1998": [-2.4518439769744873, -0.6204540729522705], "kathryn-mckinley_1990": [-10.26876163482666, 2.6730639934539795], "kathryn-mckinley_1995": [-8.566324234008789, -1.0467686653137207], "kathryn-mckinley_2006": [-3.269653081893921, -0.1907367706298828], "kathryn-mckinley_2015": [-4.7297587394714355, -0.37376824021339417], "kathryn-mckinley_1991": [-3.1657626628875732, -1.226032018661499], "kathryn-mckinley_2013": [-5.488064289093018, -0.3253307640552521], "kathryn-mckinley_2007": [-3.314661979675293, 0.2713514566421509], "kathryn-mckinley_2016": [-4.579229354858398, -0.973525881767273], "kathryn-mckinley_2011": [-4.75286340713501, -0.34154513478279114], "kathryn-mckinley_2000": [-5.807459354400635, -0.5532304644584656], "kathryn-mckinley_2018": [-11.020471572875977, 0.2669842839241028], "kathryn-mckinley_2008": [-2.8512096405029297, -0.03660032898187637], "kathryn-mckinley_2003": [-3.6902217864990234, -0.27619001269340515], "kathryn-mckinley_1997": [-7.149703025817871, 1.554184913635254], "kathryn-mckinley_2010": [-2.917421817779541, 0.2992042899131775], "kathryn-mckinley_1996": [-5.07844877243042, -0.061708297580480576], "kathryn-mckinley_2005": [-4.573877334594727, -0.8676064610481262], "kathryn-mckinley_1992": [-6.674537658691406, -1.3187346458435059], "kathryn-mckinley_1993": [-5.540010452270508, 1.757538080215454], "kathryn-mckinley_2012": [-4.298758506774902, -0.7373760342597961], "kathryn-mckinley_2002": [-2.3547768592834473, 0.12196770310401917], "kathryn-mckinley_2001": [-3.391775131225586, -0.021150438115000725], "kathryn-mckinley_2017": [-3.544218063354492, -0.520932137966156], "kathryn-mckinley_1999": [-3.753706216812134, -0.30892646312713623], "kathryn-mckinley_2014": [-3.5518553256988525, -0.19104145467281342], "kathryn-mckinley_1989": [-7.472139358520508, -1.2209163904190063], "POPL_1993": [-9.364702224731445, 1.4458975791931152], "POPL_2017": [-6.608719825744629, 0.3153533637523651], "POPL_1980": [-11.146797180175781, 1.2664446830749512], "POPL_2001": [-9.655621528625488, 1.6033443212509155], "POPL_2016": [-6.574810028076172, -0.06019004434347153], "POPL_2005": [-7.98764181137085, 0.7816963791847229], "POPL_1996": [-9.530997276306152, 1.625404715538025], "POPL_1988": [-9.992167472839355, 1.5491877794265747], "POPL_2006": [-7.89934778213501, 0.5335812568664551], "POPL_2007": [-8.33749771118164, 0.9983929991722107], "POPL_1991": [-10.069957733154297, 1.7604347467422485], "POPL_1977": [-11.12862777709961, 1.0793393850326538], "POPL_1982": [-10.459938049316406, 1.2617928981781006], "POPL_2004": [-8.187639236450195, 1.3624874353408813], "POPL_1989": [-10.474973678588867, 1.2716073989868164], "POPL_1981": [-10.976040840148926, 1.1427799463272095], "POPL_2000": [-9.7265625, 1.4926668405532837], "POPL_2013": [-8.643779754638672, 0.37150973081588745], "POPL_1987": [-10.603940963745117, 1.1600908041000366], "POPL_1986": [-10.321202278137207, 1.3374611139297485], "POPL_1973": [-11.387223243713379, 0.9380656480789185], "POPL_1978": [-10.984200477600098, 0.892224907875061], "POPL_1995": [-9.543339729309082, 1.6534329652786255], "POPL_1985": [-10.505306243896484, 1.8727707862854004], "POPL_1976": [-10.624090194702148, 0.906251072883606], "POPL_2009": [-8.163066864013672, 0.6368656754493713], "POPL_1984": [-10.660892486572266, 1.46091890335083], "POPL_2012": [-7.836915969848633, 0.3304516673088074], "POPL_2010": [-7.769296646118164, 0.48057034611701965], "POPL_1999": [-8.573027610778809, 1.6709073781967163], "POPL_2014": [-7.869194507598877, 0.4577709138393402], "POPL_1983": [-10.665562629699707, 1.4878016710281372], "POPL_1975": [-10.92740535736084, 0.7506337761878967], "POPL_2002": [-8.059240341186523, 1.3479875326156616], "POPL_2003": [-8.843225479125977, 1.112583875656128], "POPL_2011": [-7.960354328155518, 0.5091800689697266], "POPL_2008": [-8.321587562561035, 0.5892106294631958], "POPL_1994": [-9.831489562988281, 1.7738229036331177], "POPL_1992": [-10.077412605285645, 1.059662103652954], "POPL_2015": [-8.323408126831055, 0.33877986669540405], "POPL_1997": [-9.740853309631348, 1.8371750116348267], "POPL_1998": [-8.654566764831543, 1.606871247291565], "POPL_1979": [-11.044133186340332, 0.9758579134941101], "PLDI_2015": [-6.047043323516846, 0.10807165503501892], "PLDI_1991": [-9.762040138244629, 0.9764020442962646], "PLDI_2018": [-7.656773090362549, 0.0628126934170723],