{"steve-blackburn_2004": [-39.469661712646484, 37.49383544921875], "steve-blackburn_1999": [13.222583770751953, -33.72658920288086], "steve-blackburn_2011": [-13.335579872131348, 30.198312759399414], "steve-blackburn_2006": [-40.82453536987305, 36.90467071533203], "steve-blackburn_2000": [1.1438262462615967, -9.45100212097168], "steve-blackburn_2015": [-22.253931045532227, 48.427268981933594], "steve-blackburn_2005": [-15.300533294677734, 49.375221252441406], "steve-blackburn_1998": [12.950531959533691, -35.16796875], "steve-blackburn_2016": [-20.793794631958008, 43.5909538269043], "steve-blackburn_1996": [11.698380470275879, -38.30369186401367], "steve-blackburn_2001": [-4.088830947875977, 40.17864227294922], "steve-blackburn_2018": [25.398059844970703, -42.907073974609375], "steve-blackburn_2010": [-24.171283721923828, 45.30695724487305], "steve-blackburn_2012": [-9.095319747924805, 30.880123138427734], "steve-blackburn_2013": [-30.8978271484375, 45.375152587890625], "steve-blackburn_1997": [14.404585838317871, -34.97391128540039], "steve-blackburn_2002": [-39.603599548339844, 36.32611846923828], "steve-blackburn_2003": [-38.12621307373047, 37.87389373779297], "steve-blackburn_2014": [-30.333240509033203, 43.517822265625], "steve-blackburn_2008": [-2.669447898864746, 39.38571548461914], "steve-blackburn_2009": [-26.75419807434082, 43.539405822753906], "steve-blackburn_2007": [-15.411395072937012, 55.74346923828125], "antony-l-hosking_2011": [-16.61263656616211, 47.41093826293945], "antony-l-hosking_2016": [-7.389281272888184, 32.29931640625], "antony-l-hosking_2009": [13.146210670471191, 31.188608169555664], "antony-l-hosking_2007": [4.04307222366333, 38.118221282958984], "antony-l-hosking_2006": [-17.780338287353516, 49.33640670776367], "antony-l-hosking_2004": [-17.394739151000977, 51.014530181884766], "antony-l-hosking_1995": [4.550222873687744, 41.63819122314453], "antony-l-hosking_2015": [-19.36435317993164, 49.51131820678711], "antony-l-hosking_1999": [-14.815293312072754, 52.67124938964844], "antony-l-hosking_2014": [-6.054248332977295, 32.960655212402344], "antony-l-hosking_2005": [-18.367740631103516, 52.41145324707031], "antony-l-hosking_1990": [0.27787262201309204, 41.034366607666016], "antony-l-hosking_2003": [3.872274398803711, -17.771448135375977], "antony-l-hosking_2001": [-40.47055435180664, 38.5191650390625], "antony-l-hosking_2018": [21.520368576049805, -43.06373596191406], "antony-l-hosking_2000": [-0.8775060772895813, 39.09440231323242], "antony-l-hosking_1993": [4.603650093078613, 39.67913818359375], "antony-l-hosking_2012": [-20.758056640625, 47.23749542236328], "antony-l-hosking_1991": [8.673958778381348, 27.89594268798828], "antony-l-hosking_1998": [0.2614358365535736, 38.14311981201172], "antony-l-hosking_1992": [-14.417624473571777, 46.65610885620117], "antony-l-hosking_2013": [25.800050735473633, -44.536231994628906], "antony-l-hosking_1997": [-15.912079811096191, 56.22475814819336], "antony-l-hosking_2010": [-17.19533348083496, 46.216758728027344], "antony-l-hosking_1994": [-13.075839042663574, 52.7528076171875], "antony-l-hosking_2008": [22.391216278076172, -41.67774963378906], "antony-l-hosking_1996": [1.6116273403167725, 41.77179718017578], "antony-l-hosking_2017": [-40.67152786254883, 34.95561218261719], "kathryn-mckinley_2009": [-20.26629638671875, 45.099853515625], "kathryn-mckinley_2004": [-28.95073699951172, 45.88870620727539], "kathryn-mckinley_1994": [-7.818819046020508, 26.1346378326416], "kathryn-mckinley_1998": [-20.586456298828125, 54.181156158447266], "kathryn-mckinley_1990": [-26.4958553314209, -25.522958755493164], "kathryn-mckinley_1995": [-9.680152893066406, 1.578009843826294], "kathryn-mckinley_2006": [-27.92576026916504, 48.54344940185547], "kathryn-mckinley_2015": [-10.027193069458008, 29.55715560913086], "kathryn-mckinley_1991": [-12.916132926940918, 35.99427032470703], "kathryn-mckinley_2013": [4.319538116455078, 30.25640869140625], "kathryn-mckinley_2007": [-20.14408302307129, 46.564449310302734], "kathryn-mckinley_2016": [-15.134086608886719, 28.552642822265625], "kathryn-mckinley_2011": [-9.222077369689941, 29.531721115112305], "kathryn-mckinley_2000": [1.7783063650131226, 33.6746940612793], "kathryn-mckinley_2018": [24.388898849487305, -45.71940612792969], "kathryn-mckinley_2008": [-28.291431427001953, 47.0264778137207], "kathryn-mckinley_2003": [-31.579408645629883, 53.73203659057617], "kathryn-mckinley_1997": [-6.8672614097595215, 1.3470460176467896], "kathryn-mckinley_2010": [-21.980594635009766, 46.78793716430664], "kathryn-mckinley_1996": [-8.269298553466797, 27.66771125793457], "kathryn-mckinley_2005": [-14.514178276062012, 27.64539337158203], "kathryn-mckinley_1992": [-7.572885990142822, 25.070114135742188], "kathryn-mckinley_1993": [-12.38502311706543, 35.01556396484375], "kathryn-mckinley_2012": [-13.970816612243652, 29.464582443237305], "kathryn-mckinley_2002": [-28.769392013549805, 44.6185302734375], "kathryn-mckinley_2001": [-21.485153198242188, 52.84713363647461], "kathryn-mckinley_2017": [-27.7454776763916, 51.8042106628418], "kathryn-mckinley_1999": [-31.47507095336914, 54.233619689941406], "kathryn-mckinley_2014": [-27.554439544677734, 50.4117546081543], "kathryn-mckinley_1989": [-9.296488761901855, 8.1026029586792], "robert-c-williamson_2014": [51.808475494384766, -35.900386810302734], "robert-c-williamson_2007": [49.185611724853516, -32.64387130737305], "robert-c-williamson_2002": [46.1483154296875, -34.977012634277344], "robert-c-williamson_1998": [43.9827880859375, -32.61799621582031], "robert-c-williamson_1999": [42.17304992675781, -35.682350158691406], "robert-c-williamson_2001": [43.25944137573242, -34.736568450927734], "robert-c-williamson_2006": [46.92628860473633, -36.47914505004883], "robert-c-williamson_1996": [41.74732971191406, -33.87527847290039], "robert-c-williamson_1988": [18.540714263916016, -42.62760925292969], "robert-c-williamson_2011": [54.60158920288086, -36.08892822265625], "robert-c-williamson_2003": [41.625999450683594, -38.504600524902344], "robert-c-williamson_1994": [41.93815231323242, -32.1097297668457], "robert-c-williamson_1993": [28.2244815826416, -42.19611740112305], "robert-c-williamson_2000": [42.11686706542969, -36.35790252685547], "robert-c-williamson_1992": [42.07035827636719, -39.879066467285156], "robert-c-williamson_1991": [25.82673454284668, -28.77186393737793], "robert-c-williamson_2015": [52.58879089355469, -35.889286041259766], "robert-c-williamson_2010": [52.98237228393555, -34.005348205566406], "robert-c-williamson_1995": [39.63454818725586, -33.88147735595703], "robert-c-williamson_2018": [20.83452796936035, -48.53728485107422], "robert-c-williamson_2005": [47.81492233276367, -33.628658294677734], "robert-c-williamson_2016": [55.76217269897461, -35.08378982543945], "robert-c-williamson_1997": [38.61587905883789, -33.64741134643555], "robert-c-williamson_1990": [25.424152374267578, -29.875295639038086], "robert-c-williamson_2017": [20.165420532226562, -49.60963821411133], "robert-c-williamson_2009": [39.12214279174805, -41.50502395629883], "robert-c-williamson_2008": [39.4278450012207, -40.89202880859375], "robert-c-williamson_2012": [52.947967529296875, -37.03581237792969], "robert-c-williamson_1985": [22.732717514038086, -45.99768829345703], "robert-c-williamson_1987": [24.28472137451172, -41.78025817871094], "robert-c-williamson_2004": [48.98701858520508, -37.48491668701172], "POPL_1993": [-21.472362518310547, -16.284942626953125], "POPL_2017": [18.20379638671875, 27.59376335144043], "POPL_1980": [-11.632434844970703, -43.189125061035156], "POPL_2001": [-30.90956687927246, -16.769485473632812], "POPL_2016": [18.730600357055664, 27.904541015625], "POPL_2005": [8.140397071838379, -4.637265205383301], "POPL_1996": [-23.53852081298828, -16.388036727905273], "POPL_1988": [-24.11066246032715, -20.79714012145996], "POPL_2006": [8.86933422088623, -3.138327121734619], "POPL_2007": [11.690156936645508, -3.9710006713867188],