{"cheng-soon-ong_2007": [22.408401489257812, 32.43370819091797], "cheng-soon-ong_2015": [11.03538990020752, 32.22793197631836], "cheng-soon-ong_2016": [27.31818962097168, 19.190698623657227], "cheng-soon-ong_2008": [24.251544952392578, 32.03425598144531], "cheng-soon-ong_2005": [9.683143615722656, 35.18587112426758], "cheng-soon-ong_2009": [23.119394302368164, 34.12712097167969], "cheng-soon-ong_2014": [18.644731521606445, 1.8322399854660034], "cheng-soon-ong_2017": [29.261825561523438, 18.788022994995117], "cheng-soon-ong_2006": [22.921932220458984, 32.6822509765625], "cheng-soon-ong_2003": [11.749821662902832, 35.077842712402344], "cheng-soon-ong_2004": [14.035058975219727, 36.400516510009766], "robert-c-williamson_2014": [19.188627243041992, 19.213041305541992], "robert-c-williamson_2007": [7.752614974975586, 33.85082244873047], "robert-c-williamson_2002": [12.516199111938477, 21.6728458404541], "robert-c-williamson_1998": [3.839508056640625, 16.384986877441406], "robert-c-williamson_1999": [1.5773417949676514, 10.224506378173828], "robert-c-williamson_2001": [3.8536717891693115, 13.818199157714844], "robert-c-williamson_2006": [11.725578308105469, 26.493898391723633], "robert-c-williamson_1996": [2.9999287128448486, 11.012194633483887], "robert-c-williamson_1988": [7.358313083648682, 8.209898948669434], "robert-c-williamson_2011": [6.582021713256836, 27.681028366088867], "robert-c-williamson_2003": [-1.0728729963302612, 11.362466812133789], "robert-c-williamson_1994": [2.7626092433929443, 17.00385093688965], "robert-c-williamson_1993": [-1.0851746797561646, 15.263460159301758], "robert-c-williamson_2000": [0.23863911628723145, 10.871726036071777], "robert-c-williamson_1992": [-1.890140414237976, 16.342357635498047], "robert-c-williamson_1991": [4.8650288581848145, 9.841379165649414], "robert-c-williamson_2015": [6.955677509307861, 27.892602920532227], "robert-c-williamson_2010": [9.521841049194336, 30.616924285888672], "robert-c-williamson_1995": [1.4110718965530396, 13.70751953125], "robert-c-williamson_2018": [32.317283630371094, 18.106199264526367], "robert-c-williamson_2005": [9.991180419921875, 34.01230239868164], "robert-c-williamson_2016": [9.327108383178711, 32.042076110839844], "robert-c-williamson_1997": [0.23275043070316315, 14.543516159057617], "robert-c-williamson_1990": [6.367037296295166, 8.842867851257324], "robert-c-williamson_2017": [31.248991012573242, 18.431055068969727], "robert-c-williamson_2009": [3.418825387954712, 26.132020950317383], "robert-c-williamson_2008": [1.9379959106445312, 26.425798416137695], "robert-c-williamson_2012": [5.084452152252197, 27.12104034423828], "robert-c-williamson_1985": [-28.077436447143555, -43.91556167602539], "robert-c-williamson_1987": [-28.22005844116211, -45.83576583862305], "robert-c-williamson_2004": [13.119071006774902, 35.671409606933594], "alexander-j-smola_1998": [13.531469345092773, 17.278135299682617], "alexander-j-smola_2007": [21.146934509277344, 14.78979778289795], "alexander-j-smola_2005": [17.073619842529297, 18.194520950317383], "alexander-j-smola_1999": [6.086614608764648, 13.812213897705078], "alexander-j-smola_2010": [21.251895904541016, 15.803664207458496], "alexander-j-smola_2004": [14.740103721618652, 20.739919662475586], "alexander-j-smola_2018": [39.25916290283203, 12.132673263549805], "alexander-j-smola_2003": [15.253355979919434, 17.909387588500977], "alexander-j-smola_2006": [16.397106170654297, 18.74144744873047], "alexander-j-smola_2016": [25.48568344116211, 14.588190078735352], "alexander-j-smola_2000": [1.556598424911499, 8.616106986999512], "alexander-j-smola_1992": [-26.298011779785156, -46.17179489135742], "alexander-j-smola_2001": [5.476865291595459, 13.648458480834961], "alexander-j-smola_2008": [20.90894889831543, 18.623313903808594], "alexander-j-smola_2017": [26.788665771484375, 13.882866859436035], "alexander-j-smola_2009": [20.89327049255371, 16.65452766418457], "alexander-j-smola_2013": [25.66901206970215, 22.027236938476562], "alexander-j-smola_2014": [25.366132736206055, 19.734027862548828], "alexander-j-smola_2012": [25.06540870666504, 20.279998779296875], "alexander-j-smola_2015": [24.845293045043945, 14.906505584716797], "alexander-j-smola_2011": [22.606491088867188, 20.349050521850586], "alexander-j-smola_2002": [13.52917194366455, 22.339052200317383], "alexander-j-smola_1997": [12.075531005859375, 16.77102279663086], "alexander-j-smola_1995": [-26.804975509643555, -44.87758255004883], "alexander-j-smola_1996": [-25.482284545898438, -47.84562301635742], "christopher-d-manning_2003": [46.73233413696289, 0.010672569274902344], "christopher-d-manning_2014": [40.67226791381836, -2.6331398487091064], "christopher-d-manning_2017": [41.22903823852539, 7.613161563873291], "christopher-d-manning_2007": [44.3383674621582, -7.799920558929443], "christopher-d-manning_2008": [40.16216278076172, -2.7845685482025146], "christopher-d-manning_2013": [41.39830017089844, -3.705132484436035], "christopher-d-manning_2016": [41.171749114990234, 6.899463176727295], "christopher-d-manning_2000": [42.08271408081055, 10.481866836547852], "christopher-d-manning_2010": [43.01002502441406, -7.192364692687988], "christopher-d-manning_2006": [45.894126892089844, -3.357487201690674], "christopher-d-manning_2005": [45.886749267578125, -1.7795655727386475], "christopher-d-manning_2002": [47.658416748046875, 0.7221639752388], "christopher-d-manning_2009": [42.4849739074707, -6.300999641418457], "christopher-d-manning_1995": [51.65937042236328, 0.6789162755012512], "christopher-d-manning_2012": [41.952613830566406, -4.953158855438232], "christopher-d-manning_1998": [52.32656478881836, 2.535475492477417], "christopher-d-manning_2011": [42.819156646728516, -4.8279337882995605], "christopher-d-manning_1996": [50.32517623901367, 3.7630648612976074], "christopher-d-manning_2004": [46.208534240722656, -1.201632022857666], "christopher-d-manning_2015": [42.20286560058594, -1.6196368932724], "christopher-d-manning_2001": [49.50075149536133, 1.5633668899536133], "christopher-d-manning_1999": [51.00228500366211, 2.188142776489258], "christopher-d-manning_2018": [38.59770584106445, 13.813692092895508], "christopher-d-manning_1993": [50.081459045410156, 18.035276412963867], "richard-socher_2014": [49.35883331298828, 19.544893264770508], "richard-socher_2013": [50.67314147949219, 19.766525268554688], "richard-socher_2012": [50.234317779541016, 21.281145095825195], "richard-socher_2011": [48.23165512084961, 20.97957420349121], "richard-socher_2016": [39.82569122314453, 13.07478141784668], "richard-socher_2017": [40.65159606933594, 9.610589981079102], "richard-socher_2018": [40.33710861206055, 8.996855735778809], "richard-socher_2009": [7.909554481506348, 31.674457550048828], "richard-socher_2010": [47.0866813659668, 21.580623626708984], "richard-socher_2015": [41.08210372924805, 14.085297584533691], "andrew-y-ng_2010": [17.8040771484375, 7.838050365447998], "andrew-y-ng_2001": [26.91225814819336, 6.730616092681885], "andrew-y-ng_2012": [22.023353576660156, 9.602498054504395], "andrew-y-ng_1998": [15.639143943786621, 22.848312377929688], "andrew-y-ng_2008": [18.648433685302734, 7.658649921417236], "andrew-y-ng_2011": [21.263254165649414, 8.450855255126953], "andrew-y-ng_2009": [21.18612289428711, 6.907510280609131], "andrew-y-ng_2013": [51.134891510009766, 19.96702766418457], "andrew-y-ng_2004": [26.000553131103516, 7.913888454437256], "andrew-y-ng_1999": [25.497314453125, 1.871619462966919], "andrew-y-ng_2000": [13.998810768127441, 23.534225463867188], "andrew-y-ng_2007": [19.576143264770508, 6.930128574371338], "andrew-y-ng_2005": [36.26683044433594, -2.115410089492798], "andrew-y-ng_2006": [21.353479385375977, 6.416259288787842], "andrew-y-ng_2016": [43.183807373046875, 6.8836445808410645], "andrew-y-ng_2014": [25.70540428161621, 8.484526634216309], "andrew-y-ng_2017": [28.681798934936523, 12.46906852722168], "andrew-y-ng_2003": [20.810195922851562, 25.70612907409668],