{"cheng-soon-ong_2007": [14.124238967895508, 8.588080406188965], "cheng-soon-ong_2015": [18.191143035888672, 18.73381996154785], "cheng-soon-ong_2016": [6.925543308258057, 9.915375709533691], "cheng-soon-ong_2008": [14.79551887512207, 7.593528747558594], "cheng-soon-ong_2005": [20.12188148498535, 19.6944637298584], "cheng-soon-ong_2009": [7.3058342933654785, 15.163856506347656], "cheng-soon-ong_2014": [6.138746738433838, 9.181835174560547], "cheng-soon-ong_2017": [6.850569725036621, 11.370975494384766], "cheng-soon-ong_2006": [14.247838020324707, 8.288932800292969], "cheng-soon-ong_2003": [19.59608268737793, 20.919469833374023], "cheng-soon-ong_2004": [19.52240753173828, 22.710939407348633], "robert-c-williamson_2014": [13.034934997558594, 12.372475624084473], "robert-c-williamson_2007": [17.663583755493164, 19.93779945373535], "robert-c-williamson_2002": [16.820405960083008, 12.86361026763916], "robert-c-williamson_1998": [20.071130752563477, 11.389168739318848], "robert-c-williamson_1999": [19.653030395507812, 7.8276872634887695], "robert-c-williamson_2001": [19.60865020751953, 9.720888137817383], "robert-c-williamson_2006": [18.59518051147461, 14.851524353027344], "robert-c-williamson_1996": [19.969083786010742, 6.950555324554443], "robert-c-williamson_1988": [3.3279945850372314, 16.046993255615234], "robert-c-williamson_2011": [16.89151382446289, 16.07302474975586], "robert-c-williamson_2003": [21.371084213256836, 8.118441581726074], "robert-c-williamson_1994": [21.046756744384766, 11.353865623474121], "robert-c-williamson_1993": [23.575054168701172, 9.730477333068848], "robert-c-williamson_2000": [20.37226676940918, 8.620473861694336], "robert-c-williamson_1992": [24.351055145263672, 10.05003833770752], "robert-c-williamson_1991": [19.694692611694336, 5.491184711456299], "robert-c-williamson_2015": [16.957719802856445, 15.920699119567871], "robert-c-williamson_2010": [19.32285499572754, 17.415538787841797], "robert-c-williamson_1995": [21.59446907043457, 9.809720993041992], "robert-c-williamson_2018": [5.568837642669678, 12.64232063293457], "robert-c-williamson_2005": [19.302268981933594, 19.47488021850586], "robert-c-williamson_2016": [18.75383186340332, 18.28293228149414], "robert-c-williamson_1997": [22.588647842407227, 9.877204895019531], "robert-c-williamson_1990": [19.410608291625977, 4.63798713684082], "robert-c-williamson_2017": [6.013621807098389, 12.258971214294434], "robert-c-williamson_2009": [15.789121627807617, 17.524356842041016], "robert-c-williamson_2008": [15.037324905395508, 18.19545555114746], "robert-c-williamson_2012": [16.48082160949707, 16.981231689453125], "robert-c-williamson_1985": [-14.098496437072754, -1.5476505756378174], "robert-c-williamson_1987": [-13.495087623596191, -2.0801186561584473], "robert-c-williamson_2004": [19.567495346069336, 21.980466842651367], "alexander-j-smola_1998": [15.640028953552246, 10.750361442565918], "alexander-j-smola_2007": [10.97829532623291, 8.993097305297852], "alexander-j-smola_2005": [13.092180252075195, 10.665626525878906], "alexander-j-smola_1999": [18.007776260375977, 9.983674049377441], "alexander-j-smola_2010": [11.149073600769043, 9.583276748657227], "alexander-j-smola_2004": [15.008601188659668, 12.466054916381836], "alexander-j-smola_2018": [13.925202369689941, -3.9082164764404297], "alexander-j-smola_2003": [14.264657020568848, 10.750306129455566], "alexander-j-smola_2006": [13.43222713470459, 11.131766319274902], "alexander-j-smola_2016": [8.967118263244629, 9.49074649810791], "alexander-j-smola_2000": [18.51361083984375, 7.798495292663574], "alexander-j-smola_1992": [-15.005448341369629, -1.581088900566101], "alexander-j-smola_2001": [18.36762237548828, 9.833035469055176], "alexander-j-smola_2008": [11.854547500610352, 11.27305793762207], "alexander-j-smola_2017": [8.570805549621582, 8.769227981567383], "alexander-j-smola_2009": [11.678940773010254, 9.974435806274414], "alexander-j-smola_2013": [9.743254661560059, 12.933098793029785], "alexander-j-smola_2014": [10.097140312194824, 11.468904495239258], "alexander-j-smola_2012": [10.735151290893555, 11.77310562133789], "alexander-j-smola_2015": [9.42556095123291, 9.604660034179688], "alexander-j-smola_2011": [11.545601844787598, 13.1915922164917], "alexander-j-smola_2002": [15.786774635314941, 13.223435401916504], "alexander-j-smola_1997": [16.646303176879883, 10.99142074584961], "alexander-j-smola_1995": [-14.51733684539795, -3.0174713134765625], "alexander-j-smola_1996": [-15.740625381469727, -3.934915542602539], "christopher-d-manning_2003": [9.455615997314453, -8.11638069152832], "christopher-d-manning_2014": [6.982344627380371, -4.915436267852783], "christopher-d-manning_2017": [11.892410278320312, -6.001220703125], "christopher-d-manning_2007": [5.243900299072266, -8.357074737548828], "christopher-d-manning_2008": [6.932891845703125, -4.847357273101807], "christopher-d-manning_2013": [6.9512834548950195, -5.669078826904297], "christopher-d-manning_2016": [11.48244857788086, -6.342641830444336], "christopher-d-manning_2000": [13.614217758178711, -6.618042469024658], "christopher-d-manning_2010": [5.305398941040039, -7.088741302490234], "christopher-d-manning_2006": [7.090551853179932, -8.305320739746094], "christopher-d-manning_2005": [8.227449417114258, -7.475495338439941], "christopher-d-manning_2002": [10.174242973327637, -8.083640098571777], "christopher-d-manning_2009": [5.910970687866211, -6.968425273895264], "christopher-d-manning_1995": [11.218777656555176, -11.571199417114258], "christopher-d-manning_2012": [6.552070140838623, -6.343686103820801], "christopher-d-manning_1998": [12.549734115600586, -11.56881046295166], "christopher-d-manning_2011": [6.661881923675537, -6.716136455535889], "christopher-d-manning_1996": [13.046528816223145, -9.860525131225586], "christopher-d-manning_2004": [8.635575294494629, -7.770426273345947], "christopher-d-manning_2015": [8.207695960998535, -6.02945613861084], "christopher-d-manning_2001": [11.407608032226562, -9.774816513061523], "christopher-d-manning_1999": [12.033611297607422, -10.810309410095215], "christopher-d-manning_2018": [15.038407325744629, -3.3510844707489014], "christopher-d-manning_1993": [8.041182518005371, 20.89800453186035], "richard-socher_2014": [9.609577178955078, 20.5040340423584], "richard-socher_2013": [9.258347511291504, 19.657041549682617], "richard-socher_2012": [10.235519409179688, 19.601146697998047], "richard-socher_2011": [10.792288780212402, 20.710220336914062], "richard-socher_2016": [14.636833190917969, -4.243736267089844], "richard-socher_2017": [12.670870780944824, -5.273385524749756], "richard-socher_2018": [12.420473098754883, -5.142031192779541], "richard-socher_2009": [20.64809799194336, 18.152307510375977], "richard-socher_2010": [11.54432201385498, 21.245943069458008], "richard-socher_2015": [15.69399356842041, -4.907791614532471], "andrew-y-ng_2010": [9.884873390197754, 4.071964263916016], "andrew-y-ng_2001": [13.177667617797852, 3.1654560565948486], "andrew-y-ng_2012": [11.50211238861084, 6.340212821960449], "andrew-y-ng_1998": [14.705018043518066, 14.079182624816895], "andrew-y-ng_2008": [9.974502563476562, 4.587547779083252], "andrew-y-ng_2011": [10.46145248413086, 6.307690143585205], "andrew-y-ng_2009": [9.467510223388672, 6.542179584503174], "andrew-y-ng_2013": [9.206825256347656, 19.36838722229004], "andrew-y-ng_2004": [12.528746604919434, 4.0409955978393555], "andrew-y-ng_1999": [12.810873985290527, 15.483811378479004], "andrew-y-ng_2000": [13.349267959594727, 14.893229484558105], "andrew-y-ng_2007": [9.518272399902344, 5.307390213012695], "andrew-y-ng_2005": [7.972092628479004, -2.781120538711548], "andrew-y-ng_2006": [9.264459609985352, 6.482396602630615], "andrew-y-ng_2016": [10.601666450500488, -5.5857319831848145], "andrew-y-ng_2014": [11.895062446594238, 4.103806495666504], "andrew-y-ng_2017": [11.690285682678223, -0.31527116894721985], "andrew-y-ng_2003": [14.94210147857666, 4.873132705688477],