{"cheng-soon-ong_2007": [-508.90655517578125, 176.1064453125], "cheng-soon-ong_2015": [-436.5263366699219, -437.4714050292969], "cheng-soon-ong_2016": [-185.36166381835938, 204.38656616210938], "cheng-soon-ong_2008": [-588.0767211914062, 176.69505310058594], "cheng-soon-ong_2005": [205.3463592529297, 418.7560729980469], "cheng-soon-ong_2009": [-551.9798583984375, 112.6966323852539], "cheng-soon-ong_2014": [-169.11497497558594, 171.98281860351562], "cheng-soon-ong_2017": [-159.61196899414062, 510.26226806640625], "cheng-soon-ong_2006": [-542.723876953125, 158.51370239257812], "cheng-soon-ong_2003": [312.3158874511719, -363.543212890625], "cheng-soon-ong_2004": [369.0091552734375, -330.8540344238281], "robert-c-williamson_2014": [-294.9979553222656, 297.4720458984375], "robert-c-williamson_2007": [-480.14056396484375, 345.8733215332031], "robert-c-williamson_2002": [-76.87648010253906, 313.16448974609375], "robert-c-williamson_1998": [-23.93110466003418, 331.03155517578125], "robert-c-williamson_1999": [-17.885406494140625, -449.28717041015625], "robert-c-williamson_2001": [42.14061737060547, -456.01519775390625], "robert-c-williamson_2006": [299.8758239746094, -457.1738586425781], "robert-c-williamson_1996": [293.1925048828125, 373.1156921386719], "robert-c-williamson_1988": [548.3319091796875, 414.24151611328125], "robert-c-williamson_2011": [-340.7854919433594, 367.05291748046875], "robert-c-williamson_2003": [-43.97140884399414, -499.5762634277344], "robert-c-williamson_1994": [-101.96202850341797, -531.3550415039062], "robert-c-williamson_1993": [92.32763671875, -572.1390991210938], "robert-c-williamson_2000": [4.486425876617432, -496.76727294921875], "robert-c-williamson_1992": [-612.9189453125, 15.939640045166016], "robert-c-williamson_1991": [317.6310119628906, 419.5880126953125], "robert-c-williamson_2015": [-347.73651123046875, 330.608642578125], "robert-c-williamson_2010": [-396.6736755371094, 279.2640075683594], "robert-c-williamson_1995": [89.65961456298828, -490.6893615722656], "robert-c-williamson_2018": [-632.0516357421875, -82.09183502197266], "robert-c-williamson_2005": [-455.737060546875, 291.5478515625], "robert-c-williamson_2016": [-418.9577331542969, 320.64019775390625], "robert-c-williamson_1997": [112.33760833740234, -530.0431518554688], "robert-c-williamson_1990": [323.97430419921875, 465.6344299316406], "robert-c-williamson_2017": [147.97702026367188, -428.1923522949219], "robert-c-williamson_2009": [-408.8746337890625, 424.6319885253906], "robert-c-williamson_2008": [548.8928833007812, 215.8780059814453], "robert-c-williamson_2012": [-388.44940185546875, 383.735107421875], "robert-c-williamson_1985": [136.5535430908203, 126.80614471435547], "robert-c-williamson_1987": [51.36439514160156, 113.50927734375], "robert-c-williamson_2004": [363.7076721191406, -381.8394470214844], "alexander-j-smola_1998": [-101.6869125366211, 254.81541442871094], "alexander-j-smola_2007": [-230.25558471679688, 252.05673217773438], "alexander-j-smola_2005": [-175.02012634277344, 265.33929443359375], "alexander-j-smola_1999": [22.902965545654297, -397.19830322265625], "alexander-j-smola_2010": [-236.0295867919922, 295.0480651855469], "alexander-j-smola_2004": [-138.1000518798828, 372.2667236328125], "alexander-j-smola_2018": [-78.29960632324219, 551.3709716796875], "alexander-j-smola_2003": [-132.70079040527344, 282.5827331542969], "alexander-j-smola_2006": [-154.1162872314453, 318.3612976074219], "alexander-j-smola_2016": [-132.0179901123047, 450.49578857421875], "alexander-j-smola_2000": [264.3092956542969, 248.54603576660156], "alexander-j-smola_1992": [226.7368621826172, 135.33706665039062], "alexander-j-smola_2001": [58.16170883178711, -412.6423645019531], "alexander-j-smola_2008": [-196.98707580566406, 351.59320068359375], "alexander-j-smola_2017": [-88.03662872314453, 474.33502197265625], "alexander-j-smola_2009": [-199.05686950683594, 307.4631042480469], "alexander-j-smola_2013": [-261.7598571777344, 412.6114807128906], "alexander-j-smola_2014": [-213.13404846191406, 398.50701904296875], "alexander-j-smola_2012": [-247.2198028564453, 358.3394470214844], "alexander-j-smola_2015": [-163.5254669189453, 430.0902404785156], "alexander-j-smola_2011": [116.15209197998047, 433.9216613769531], "alexander-j-smola_2002": [-102.51683807373047, 345.73431396484375], "alexander-j-smola_1997": [-324.05078125, -526.2657470703125], "alexander-j-smola_1995": [18.8486385345459, 144.2217254638672], "alexander-j-smola_1996": [90.6333236694336, -175.34823608398438], "christopher-d-manning_2003": [-265.04815673828125, -354.12353515625], "christopher-d-manning_2014": [-319.5685119628906, -241.4163360595703], "christopher-d-manning_2017": [28.2022705078125, 593.1561889648438], "christopher-d-manning_2007": [-469.7969665527344, -320.1653137207031], "christopher-d-manning_2008": [-335.5902404785156, -210.8995819091797], "christopher-d-manning_2013": [-356.3702697753906, -269.2139892578125], "christopher-d-manning_2016": [54.17950439453125, 625.2006225585938], "christopher-d-manning_2000": [78.5425796508789, 550.1649169921875], "christopher-d-manning_2010": [-459.29632568359375, -250.1930694580078], "christopher-d-manning_2006": [200.6712188720703, 512.2716064453125], "christopher-d-manning_2005": [140.93960571289062, 498.802001953125], "christopher-d-manning_2002": [-292.0504455566406, -396.2967224121094], "christopher-d-manning_2009": [-428.8749084472656, -210.1746063232422], "christopher-d-manning_1995": [471.7330322265625, 281.6056213378906], "christopher-d-manning_2012": [-390.7188720703125, -240.41366577148438], "christopher-d-manning_1998": [-161.7779541015625, -460.4316711425781], "christopher-d-manning_2011": [-409.99822998046875, -280.1795654296875], "christopher-d-manning_1996": [-223.12509155273438, -508.8734436035156], "christopher-d-manning_2004": [-315.08099365234375, -344.8378601074219], "christopher-d-manning_2015": [-300.2410888671875, -287.5198669433594], "christopher-d-manning_2001": [-244.9846649169922, -433.9261779785156], "christopher-d-manning_1999": [-204.62693786621094, -456.7740478515625], "christopher-d-manning_2018": [-19.659961700439453, -633.2513427734375], "christopher-d-manning_1993": [176.32664489746094, 603.9891357421875], "richard-socher_2014": [-296.1373291015625, 563.9664306640625], "richard-socher_2013": [-294.6672058105469, 514.2472534179688], "richard-socher_2012": [-343.3436584472656, 533.8895874023438], "richard-socher_2011": [-246.83847045898438, 555.9962158203125], "richard-socher_2016": [-67.1288070678711, -623.3347778320312], "richard-socher_2017": [-19.799652099609375, 578.7808837890625], "richard-socher_2018": [0.7366563081741333, 549.1307983398438], "richard-socher_2009": [-581.6848754882812, -291.972900390625], "richard-socher_2010": [-212.3455047607422, 587.8677368164062], "richard-socher_2015": [-119.33099365234375, -633.452880859375], "andrew-y-ng_2010": [-92.93950653076172, -407.42327880859375], "andrew-y-ng_2001": [133.16976928710938, 363.7402038574219], "andrew-y-ng_2012": [92.79529571533203, -346.4716796875], "andrew-y-ng_1998": [450.7854309082031, -327.4461975097656], "andrew-y-ng_2008": [40.35310363769531, 330.1671142578125], "andrew-y-ng_2011": [64.9497299194336, 285.3379821777344], "andrew-y-ng_2009": [35.57389450073242, 250.5181427001953], "andrew-y-ng_2013": [-310.2571105957031, 480.6110534667969], "andrew-y-ng_2004": [80.06727600097656, 370.2142639160156], "andrew-y-ng_1999": [-406.8004150390625, 188.27874755859375], "andrew-y-ng_2000": [-370.39923095703125, 210.6603240966797], "andrew-y-ng_2007": [147.22515869140625, -192.93125915527344], "andrew-y-ng_2005": [-382.7640075683594, -339.6351318359375], "andrew-y-ng_2006": [9.16118335723877, 272.4352722167969], "andrew-y-ng_2016": [-7.169748306274414, 652.81298828125], "andrew-y-ng_2014": [55.27336883544922, 405.21478271484375], "andrew-y-ng_2017": [-30.06100082397461, 491.1328430175781], "andrew-y-ng_2003": [-545.7468872070312, -103.46183013916016],