{"steve-blackburn_2004": [0.902719259262085, -7.527606964111328], "steve-blackburn_1999": [-3.1337320804595947, 0.7152947187423706], "steve-blackburn_2011": [1.3764450550079346, -4.839767932891846], "steve-blackburn_2006": [0.9196313619613647, -7.707269191741943], "steve-blackburn_2000": [-1.8029704093933105, -1.200942039489746], "steve-blackburn_2015": [0.7798866033554077, -6.108470916748047], "steve-blackburn_2005": [0.2995080053806305, -5.84137487411499], "steve-blackburn_1998": [-2.9115476608276367, 0.8854802250862122], "steve-blackburn_2016": [0.966045618057251, -5.945565223693848], "steve-blackburn_1996": [-2.7400639057159424, 1.6435656547546387], "steve-blackburn_2001": [0.1338675171136856, -5.259484767913818], "steve-blackburn_2018": [-1.4058475494384766, 2.1859090328216553], "steve-blackburn_2010": [0.8848236799240112, -6.721628665924072], "steve-blackburn_2012": [1.007700800895691, -4.679988861083984], "steve-blackburn_2013": [1.370516300201416, -6.685625076293945], "steve-blackburn_1997": [-3.12471079826355, 0.7064648866653442], "steve-blackburn_2002": [0.9279090762138367, -7.693216800689697], "steve-blackburn_2003": [0.9019058346748352, -7.226255416870117], "steve-blackburn_2014": [1.4767942428588867, -6.82824182510376], "steve-blackburn_2008": [0.18526791036128998, -4.459354877471924], "steve-blackburn_2009": [1.2046722173690796, -7.160758972167969], "steve-blackburn_2007": [0.501889705657959, -6.827658176422119], "antony-l-hosking_2011": [0.47483429312705994, -5.984592437744141], "antony-l-hosking_2016": [0.4355098009109497, -4.557901382446289], "antony-l-hosking_2009": [-1.3603020906448364, -2.1927127838134766], "antony-l-hosking_2007": [-0.4835579991340637, -3.947535991668701], "antony-l-hosking_2006": [0.5556616187095642, -6.042734146118164], "antony-l-hosking_2004": [0.44093045592308044, -6.047548770904541], "antony-l-hosking_1995": [-1.0693458318710327, -5.149865627288818], "antony-l-hosking_2015": [0.8503238558769226, -6.541353225708008], "antony-l-hosking_1999": [-0.06901330500841141, -6.391849517822266], "antony-l-hosking_2014": [1.2013224363327026, -2.881098508834839], "antony-l-hosking_2005": [0.4579445421695709, -6.56188440322876], "antony-l-hosking_1990": [-0.17116983234882355, -4.805665493011475], "antony-l-hosking_2003": [-1.9811784029006958, 0.7087112069129944], "antony-l-hosking_2001": [0.827069103717804, -7.629309177398682], "antony-l-hosking_2018": [-1.4058479070663452, 2.185908794403076], "antony-l-hosking_2000": [0.019809657707810402, -3.9693503379821777], "antony-l-hosking_1993": [-1.0272189378738403, -4.181715965270996], "antony-l-hosking_2012": [0.4799215793609619, -5.847234725952148], "antony-l-hosking_1991": [-1.380436897277832, -2.858386754989624], "antony-l-hosking_1998": [-0.717064380645752, -3.8367061614990234], "antony-l-hosking_1992": [0.18006595969200134, -5.449651718139648], "antony-l-hosking_2013": [-1.4058488607406616, 2.185908317565918], "antony-l-hosking_1997": [0.49394237995147705, -6.898055553436279], "antony-l-hosking_2010": [0.6236333250999451, -6.448455333709717], "antony-l-hosking_1994": [0.02097928337752819, -6.505327224731445], "antony-l-hosking_2008": [-1.4058476686477661, 2.185908317565918], "antony-l-hosking_1996": [-0.4975039064884186, -4.979022026062012], "antony-l-hosking_2017": [0.9378196597099304, -7.807831287384033], "kathryn-mckinley_2009": [0.7453001737594604, -5.879039287567139], "kathryn-mckinley_2004": [1.1587581634521484, -6.393528938293457], "kathryn-mckinley_1994": [2.006347417831421, -2.9294111728668213], "kathryn-mckinley_1998": [0.09316378086805344, -6.910661697387695], "kathryn-mckinley_1990": [1.4633398056030273, 1.4967572689056396], "kathryn-mckinley_1995": [1.6670862436294556, -0.6235361695289612], "kathryn-mckinley_2006": [1.1288472414016724, -5.765146732330322], "kathryn-mckinley_2015": [0.9761618375778198, -4.256498336791992], "kathryn-mckinley_1991": [2.4672372341156006, -4.024351596832275], "kathryn-mckinley_2013": [0.6595456600189209, -3.5428988933563232], "kathryn-mckinley_2007": [0.6000085473060608, -5.795429706573486], "kathryn-mckinley_2016": [1.5967583656311035, -4.385339260101318], "kathryn-mckinley_2011": [0.9495572447776794, -4.238554954528809], "kathryn-mckinley_2000": [-0.6549592614173889, -3.3985655307769775], "kathryn-mckinley_2018": [-1.405847191810608, 2.185908555984497], "kathryn-mckinley_2008": [1.073789358139038, -6.203643798828125], "kathryn-mckinley_2003": [1.1357272863388062, -5.334722995758057], "kathryn-mckinley_1997": [-1.337926983833313, -1.6116379499435425], "kathryn-mckinley_2010": [0.6867880821228027, -6.207817554473877], "kathryn-mckinley_1996": [1.3482156991958618, -3.6616885662078857], "kathryn-mckinley_2005": [1.524143934249878, -4.368439197540283], "kathryn-mckinley_1992": [1.97160005569458, -2.5031864643096924], "kathryn-mckinley_1993": [2.3019862174987793, -3.2787930965423584], "kathryn-mckinley_2012": [1.4515043497085571, -4.6713104248046875], "kathryn-mckinley_2002": [1.0360376834869385, -6.720667839050293], "kathryn-mckinley_2001": [0.8434404730796814, -5.6471381187438965], "kathryn-mckinley_2017": [1.4387872219085693, -5.465539932250977], "kathryn-mckinley_1999": [1.1536043882369995, -5.26143741607666], "kathryn-mckinley_2014": [1.0735746622085571, -5.486680507659912], "kathryn-mckinley_1989": [1.7736587524414062, -1.7843223810195923], "robert-c-williamson_2014": [-0.10221065580844879, 4.967818260192871], "robert-c-williamson_2007": [0.5356972217559814, 4.579239845275879], "robert-c-williamson_2002": [-0.7002055644989014, 4.2897047996521], "robert-c-williamson_1998": [-1.0941041707992554, 4.277299404144287], "robert-c-williamson_1999": [-1.0693973302841187, 3.6180598735809326], "robert-c-williamson_2001": [-1.1065477132797241, 3.972670078277588], "robert-c-williamson_2006": [-0.9571895003318787, 4.798756122589111], "robert-c-williamson_1996": [-1.262901782989502, 3.7319271564483643], "robert-c-williamson_1988": [-2.884387493133545, 2.039409637451172], "robert-c-williamson_2011": [0.11023082584142685, 5.28516960144043], "robert-c-williamson_2003": [-0.2839284837245941, 3.696979522705078], "robert-c-williamson_1994": [-1.3877793550491333, 4.022000789642334], "robert-c-williamson_1993": [-1.5526912212371826, 2.8996853828430176], "robert-c-williamson_2000": [-1.0099451541900635, 3.7914345264434814], "robert-c-williamson_1992": [0.07512310147285461, 3.508934497833252], "robert-c-williamson_1991": [-2.654745578765869, 2.9745194911956787], "robert-c-williamson_2015": [-0.004667630884796381, 5.07855749130249], "robert-c-williamson_2010": [0.0322398766875267, 5.198570728302002], "robert-c-williamson_1995": [-1.5142285823822021, 3.980186939239502], "robert-c-williamson_2018": [-0.7343612909317017, 2.7809031009674072], "robert-c-williamson_2005": [-0.03765903413295746, 4.457090854644775], "robert-c-williamson_2016": [0.19431382417678833, 5.417067527770996], "robert-c-williamson_1997": [-1.7052251100540161, 4.116028308868408], "robert-c-williamson_1990": [-2.9122605323791504, 2.8761165142059326], "robert-c-williamson_2017": [0.956213653087616, 2.8220303058624268], "robert-c-williamson_2009": [0.6067801713943481, 3.8057780265808105], "robert-c-williamson_2008": [0.5550475716590881, 3.7249398231506348], "robert-c-williamson_2012": [0.14626994729042053, 4.990994453430176], "robert-c-williamson_1985": [-1.405847191810608, 2.185908555984497], "robert-c-williamson_1987": [-1.4058473110198975, 2.185908794403076], "robert-c-williamson_2004": [-0.5622977614402771, 5.348933219909668], "POPL_1993": [0.3272736966609955, 0.6483969688415527], "POPL_2017": [-0.25444045662879944, -2.480185031890869], "POPL_1980": [-0.3070608079433441, 2.3633368015289307], "POPL_2001": [0.29890552163124084, 1.002768874168396], "POPL_2016": [-0.38874125480651855, -2.5752108097076416], "POPL_2005": [-0.1434086412191391, -0.9743543267250061], "POPL_1996": [0.45313364267349243, 0.8512123227119446], "POPL_1988": [0.22782763838768005, 1.3333086967468262],