{"cheng-soon-ong_2007": [-17.101037979125977, -14.707165718078613], "cheng-soon-ong_2015": [-21.138212203979492, -11.228879928588867], "cheng-soon-ong_2016": [-9.534664154052734, -7.509541988372803], "cheng-soon-ong_2008": [-17.574359893798828, -15.9989595413208], "cheng-soon-ong_2005": [-19.684545516967773, -12.571513175964355], "cheng-soon-ong_2009": [-16.240943908691406, -15.655628204345703], "cheng-soon-ong_2014": [-6.0741472244262695, 3.2372148036956787], "cheng-soon-ong_2017": [-11.281654357910156, -17.598007202148438], "cheng-soon-ong_2006": [-17.010650634765625, -15.186079978942871], "cheng-soon-ong_2003": [-21.10242462158203, -13.245928764343262], "cheng-soon-ong_2004": [-22.22871208190918, -14.209450721740723], "robert-c-williamson_2014": [-15.903870582580566, -6.642580032348633], "robert-c-williamson_2007": [-20.827312469482422, -9.83522891998291], "robert-c-williamson_2002": [-15.140974998474121, -8.607430458068848], "robert-c-williamson_1998": [-14.94603443145752, -2.7825989723205566], "robert-c-williamson_1999": [-11.383964538574219, -1.3132506608963013], "robert-c-williamson_2001": [-13.310408592224121, -2.8157927989959717], "robert-c-williamson_2006": [-17.32430076599121, -9.374199867248535], "robert-c-williamson_1996": [-11.794950485229492, -0.17528824508190155], "robert-c-williamson_1988": [-11.083195686340332, 3.265671730041504], "robert-c-williamson_2011": [-17.846948623657227, -6.924798488616943], "robert-c-williamson_2003": [-12.65633487701416, -1.684209942817688], "robert-c-williamson_1994": [-15.116170883178711, -1.9488928318023682], "robert-c-williamson_1993": [-15.439082145690918, 0.437578409910202], "robert-c-williamson_2000": [-12.097655296325684, -2.1465141773223877], "robert-c-williamson_1992": [-16.358755111694336, 0.12660370767116547], "robert-c-williamson_1991": [-11.290083885192871, 1.2988039255142212], "robert-c-williamson_2015": [-17.776714324951172, -7.1606340408325195], "robert-c-williamson_2010": [-19.344778060913086, -10.160056114196777], "robert-c-williamson_1995": [-13.922780990600586, -0.5734722018241882], "robert-c-williamson_2018": [-11.640071868896484, -19.131500244140625], "robert-c-williamson_2005": [-20.075754165649414, -11.824539184570312], "robert-c-williamson_2016": [-19.905113220214844, -10.739225387573242], "robert-c-williamson_1997": [-14.589728355407715, 0.042785871773958206], "robert-c-williamson_1990": [-11.121427536010742, 2.583686590194702], "robert-c-williamson_2017": [-11.535276412963867, -18.591398239135742], "robert-c-williamson_2009": [-18.69240951538086, -4.397983074188232], "robert-c-williamson_2008": [-19.445842742919922, -3.67695951461792], "robert-c-williamson_2012": [-18.3833065032959, -5.9173736572265625], "robert-c-williamson_1985": [7.1702094078063965, 8.870174407958984], "robert-c-williamson_1987": [9.237937927246094, 10.195650100708008], "robert-c-williamson_2004": [-22.549034118652344, -13.33316707611084], "alexander-j-smola_1998": [-13.487836837768555, -6.9487104415893555], "alexander-j-smola_2007": [-9.418720245361328, -9.524169921875], "alexander-j-smola_2005": [-12.797455787658691, -8.845348358154297], "alexander-j-smola_1999": [-13.124070167541504, -4.330502033233643], "alexander-j-smola_2010": [-10.000164031982422, -9.499988555908203], "alexander-j-smola_2004": [-14.40779972076416, -10.01895523071289], "alexander-j-smola_2018": [-1.3139090538024902, -14.58055305480957], "alexander-j-smola_2003": [-13.075034141540527, -8.064074516296387], "alexander-j-smola_2006": [-13.167420387268066, -8.902029991149902], "alexander-j-smola_2016": [-7.357234477996826, -8.746665000915527], "alexander-j-smola_2000": [-10.22469711303711, -1.756571650505066], "alexander-j-smola_1992": [7.83435583114624, 8.7984037399292], "alexander-j-smola_2001": [-13.125561714172363, -3.969447612762451], "alexander-j-smola_2008": [-11.68571662902832, -9.302069664001465], "alexander-j-smola_2017": [-6.4649858474731445, -9.375615119934082], "alexander-j-smola_2009": [-10.724849700927734, -9.703448295593262], "alexander-j-smola_2013": [-11.098135948181152, -7.212026119232178], "alexander-j-smola_2014": [-10.603178024291992, -8.171822547912598], "alexander-j-smola_2012": [-11.150118827819824, -8.207880973815918], "alexander-j-smola_2015": [-7.854417324066162, -8.765863418579102], "alexander-j-smola_2011": [-12.366476058959961, -10.81700325012207], "alexander-j-smola_2002": [-15.181122779846191, -9.740264892578125], "alexander-j-smola_1997": [-13.882986068725586, -6.021603584289551], "alexander-j-smola_1995": [8.889391899108887, 9.153435707092285], "alexander-j-smola_1996": [8.054033279418945, 9.886634826660156], "christopher-d-manning_2003": [1.5728448629379272, -19.363569259643555], "christopher-d-manning_2014": [-1.5938940048217773, -19.30853271484375], "christopher-d-manning_2017": [1.2875488996505737, -16.031997680664062], "christopher-d-manning_2007": [-2.483924388885498, -22.74201774597168], "christopher-d-manning_2008": [-1.6310226917266846, -19.276979446411133], "christopher-d-manning_2013": [-1.4535001516342163, -20.034326553344727], "christopher-d-manning_2016": [1.3889771699905396, -16.58473777770996], "christopher-d-manning_2000": [-0.1948782503604889, -16.311264038085938], "christopher-d-manning_2010": [-1.3552830219268799, -22.2257137298584], "christopher-d-manning_2006": [0.28019192814826965, -21.607982635498047], "christopher-d-manning_2005": [0.515524685382843, -20.217117309570312], "christopher-d-manning_2002": [1.941123366355896, -18.82253646850586], "christopher-d-manning_2009": [-1.2677874565124512, -21.637285232543945], "christopher-d-manning_1995": [6.388763427734375, -19.00522804260254], "christopher-d-manning_2012": [-1.278409719467163, -20.798322677612305], "christopher-d-manning_1998": [5.823782920837402, -17.96822738647461], "christopher-d-manning_2011": [-1.6759872436523438, -21.004011154174805], "christopher-d-manning_1996": [4.766866683959961, -19.573421478271484], "christopher-d-manning_2004": [0.9536969661712646, -20.044431686401367], "christopher-d-manning_2015": [-0.37300407886505127, -19.331249237060547], "christopher-d-manning_2001": [3.9057650566101074, -18.764957427978516], "christopher-d-manning_1999": [5.271617889404297, -18.581533432006836], "christopher-d-manning_2018": [-2.238844156265259, -14.118391036987305], "christopher-d-manning_1993": [-4.910562992095947, -23.16815948486328], "richard-socher_2014": [-6.292201042175293, -22.238840103149414], "richard-socher_2013": [-5.6462202072143555, -21.67399024963379], "richard-socher_2012": [-6.584907054901123, -21.272029876708984], "richard-socher_2011": [-7.244157314300537, -21.880298614501953], "richard-socher_2016": [-1.7370210886001587, -14.906014442443848], "richard-socher_2017": [0.547730028629303, -15.261610984802246], "richard-socher_2018": [0.7351523637771606, -15.156192779541016], "richard-socher_2009": [-18.616199493408203, -11.574386596679688], "richard-socher_2010": [-23.608583450317383, -8.005091667175293], "richard-socher_2015": [-2.562910795211792, -15.782374382019043], "andrew-y-ng_2010": [-8.61618423461914, -13.759345054626465], "andrew-y-ng_2001": [-11.768174171447754, -13.148369789123535], "andrew-y-ng_2012": [-10.445897102355957, -12.063786506652832], "andrew-y-ng_1998": [-15.201751708984375, -11.345608711242676], "andrew-y-ng_2008": [-8.74450969696045, -13.317133903503418], "andrew-y-ng_2011": [-9.419954299926758, -11.795538902282715], "andrew-y-ng_2009": [-8.550017356872559, -11.30824089050293], "andrew-y-ng_2013": [-5.545882701873779, -21.43735694885254], "andrew-y-ng_2004": [-11.074642181396484, -13.972501754760742], "andrew-y-ng_1999": [-8.389166831970215, -16.860082626342773], "andrew-y-ng_2000": [-13.94887638092041, -11.685885429382324], "andrew-y-ng_2007": [-8.422645568847656, -12.554317474365234], "andrew-y-ng_2005": [-3.7307887077331543, -18.625638961791992], "andrew-y-ng_2006": [-8.344043731689453, -11.33358383178711], "andrew-y-ng_2016": [2.7335667610168457, -14.981620788574219],