{"christopher-d-manning_2003": [-0.3162480890750885, 4.303499221801758], "christopher-d-manning_2014": [-0.5941299200057983, 5.085489749908447], "christopher-d-manning_2017": [0.15014809370040894, 4.924627304077148], "christopher-d-manning_2007": [-0.19642235338687897, 3.971876859664917], "christopher-d-manning_2008": [-0.2525055408477783, 3.9815995693206787], "christopher-d-manning_2013": [-0.6541930437088013, 5.1450958251953125], "christopher-d-manning_2016": [-0.1350620985031128, 5.166208267211914], "christopher-d-manning_2000": [-0.1652020663022995, 4.112342357635498], "christopher-d-manning_2010": [-0.7259459495544434, 5.091591835021973], "christopher-d-manning_2006": [-0.4092639982700348, 4.323610782623291], "christopher-d-manning_2005": [-0.6306409239768982, 4.777929306030273], "christopher-d-manning_2002": [-0.21781812608242035, 4.153193473815918], "christopher-d-manning_2009": [-0.6959320306777954, 5.085234642028809], "christopher-d-manning_1995": [-0.22144660353660583, 2.8688242435455322], "christopher-d-manning_2012": [-0.6597995162010193, 5.121979713439941], "christopher-d-manning_1998": [-0.7230267524719238, 2.2967288494110107], "christopher-d-manning_2011": [-0.5462027192115784, 4.959867477416992], "christopher-d-manning_1996": [-0.8055022954940796, 3.042825937271118], "christopher-d-manning_2004": [-0.3564390540122986, 4.280116081237793], "christopher-d-manning_2015": [-0.3800742030143738, 5.135412693023682], "christopher-d-manning_2001": [-0.6988686919212341, 3.700226306915283], "christopher-d-manning_1999": [-0.3411729037761688, 2.9807515144348145], "christopher-d-manning_2018": [1.6213449239730835, 3.46040940284729], "christopher-d-manning_1993": [-0.6856929063796997, 3.8562896251678467], "richard-socher_2014": [-0.5100110769271851, 5.235724449157715], "richard-socher_2013": [-0.6480084657669067, 5.218145847320557], "richard-socher_2012": [-0.5361891388893127, 5.24531364440918], "richard-socher_2011": [-0.3389524519443512, 5.038903713226318], "richard-socher_2016": [0.5918063521385193, 5.207163333892822], "richard-socher_2017": [0.580366849899292, 5.218577861785889], "richard-socher_2018": [0.6001880168914795, 5.183538436889648], "richard-socher_2009": [1.156848430633545, 2.003126621246338], "richard-socher_2010": [-1.3405097723007202, 3.6100616455078125], "richard-socher_2015": [0.0473707839846611, 5.439903736114502], "andrew-y-ng_2010": [1.3964706659317017, 4.330648422241211], "andrew-y-ng_2001": [0.7781608700752258, 2.509582757949829], "andrew-y-ng_2012": [1.1739623546600342, 4.516352653503418], "andrew-y-ng_1998": [0.7125772833824158, 3.1235451698303223], "andrew-y-ng_2008": [1.3711165189743042, 4.386699676513672], "andrew-y-ng_2011": [1.2767277956008911, 4.507429599761963], "andrew-y-ng_2009": [1.3013995885849, 4.3921637535095215], "andrew-y-ng_2013": [-0.19461624324321747, 4.81703519821167], "andrew-y-ng_2004": [1.0831372737884521, 3.9086551666259766], "andrew-y-ng_1999": [1.1124659776687622, 2.9209694862365723], "andrew-y-ng_2000": [1.3909105062484741, 2.988576889038086], "andrew-y-ng_2007": [1.1021521091461182, 4.119630336761475], "andrew-y-ng_2005": [0.35475537180900574, 3.9325990676879883], "andrew-y-ng_2006": [1.0298659801483154, 4.027470588684082], "andrew-y-ng_2016": [0.22858642041683197, 4.442741394042969], "andrew-y-ng_2014": [1.2009776830673218, 4.164236068725586], "andrew-y-ng_2017": [1.7137473821640015, 3.4715938568115234], "andrew-y-ng_2003": [1.1087011098861694, 2.5820353031158447], "andrew-y-ng_2018": [-0.27237436175346375, 1.788901686668396], "andrew-y-ng_2015": [1.505795955657959, 3.676651954650879], "andrew-y-ng_1997": [-0.01631186343729496, 2.448768138885498], "andrew-y-ng_2002": [1.18208909034729, 2.8492536544799805], "andrew-y-ng_1996": [0.026339160278439522, 2.905616283416748], "andrew-y-ng_1995": [0.6538101434707642, 1.7570267915725708], "ICML_2005": [0.265953004360199, 3.154763698577881], "ICML_2010": [0.2622827887535095, 3.090362787246704], "ICML_1989": [0.19257967174053192, 2.795976161956787], "ICML_1991": [0.1870618313550949, 2.826537609100342], "ICML_2016": [0.4194767475128174, 3.160975217819214], "ICML_2014": [0.41736626625061035, 3.1642611026763916], "ICML_2017": [0.2247156798839569, 3.143301010131836], "ICML_2013": [0.4025809168815613, 3.1506540775299072], "ICML_2018": [0.13111256062984467, 3.0752112865448], "ICML_2008": [0.36910974979400635, 3.1439120769500732], "ICML_2003": [0.3681471645832062, 3.087531089782715], "ICML_2006": [0.36617177724838257, 3.106147527694702], "ICML_2000": [0.07973229885101318, 2.9652719497680664], "ICML_2007": [0.3370073437690735, 3.113497495651245], "ICML_2004": [0.2633288502693176, 3.1114628314971924], "ICML_2009": [0.34954652190208435, 3.1178832054138184], "ICML_2012": [0.36735135316848755, 3.1079659461975098], "ICML_1997": [0.048793062567710876, 2.90777325630188], "ICML_2011": [0.3635318875312805, 3.1027841567993164], "ICML_1992": [0.2722534239292145, 2.7737176418304443], "ICML_1996": [0.030253466218709946, 2.9722766876220703], "ICML_1998": [0.040449634194374084, 2.9445109367370605], "ICML_2015": [0.35789135098457336, 3.134260892868042], "ICML_1994": [0.3660246431827545, 2.786973714828491], "ICML_1995": [0.2941393554210663, 2.7853431701660156], "ICML_1988": [0.18326790630817413, 2.7965762615203857], "ICML_1993": [0.30507078766822815, 2.7741100788116455], "ICML_2002": [0.21928800642490387, 2.8604238033294678], "ICML_1990": [0.3542644679546356, 2.721942901611328], "ICML_2001": [0.3332885801792145, 2.98639178276062], "ICML_1999": [0.04443534091114998, 2.950843334197998], "ICML_1987": [0.18335406482219696, 2.768967866897583], "ICML_1984": [0.027167722582817078, 2.9043843746185303], "NIPS_2015": [0.33326393365859985, 3.1412100791931152], "NIPS_2002": [0.24485313892364502, 2.879391670227051], "NIPS_2012": [0.3237168788909912, 3.091418981552124], "NIPS_2010": [0.22858452796936035, 3.1123507022857666], "NIPS_1992": [0.08676593005657196, 2.896909713745117], "NIPS_2016": [0.31767645478248596, 3.0872907638549805], "NIPS_2005": [0.12933723628520966, 3.0416505336761475], "NIPS_2014": [0.3140490651130676, 3.1466610431671143], "NIPS_2008": [0.2370559573173523, 3.0567750930786133], "NIPS_1998": [0.10736171156167984, 2.934591054916382], "NIPS_1999": [0.06954929232597351, 2.974867820739746], "NIPS_1996": [0.06442461162805557, 2.9289488792419434], "NIPS_2004": [0.1514415442943573, 3.0185904502868652], "NIPS_2017": [0.32842621207237244, 2.976922035217285], "NIPS_1994": [0.06789056956768036, 2.915356159210205], "NIPS_1990": [0.04306897148489952, 2.923022985458374], "NIPS_1989": [0.04137783497571945, 2.919455051422119], "NIPS_2003": [0.05776779353618622, 2.9833247661590576], "NIPS_2013": [0.3495822846889496, 3.1033332347869873], "NIPS_2006": [0.1343582272529602, 3.0344436168670654], "NIPS_1988": [0.02853286638855934, 2.904076337814331], "NIPS_2007": [0.28613653779029846, 3.066030740737915], "NIPS_1997": [0.14966967701911926, 2.877324342727661], "NIPS_1991": [0.03589366748929024, 2.899467945098877], "NIPS_2011": [0.3027172088623047, 3.087883710861206], "NIPS_2009": [0.30031540989875793, 3.0447471141815186], "NIPS_1995": [0.07589994370937347, 2.9133150577545166], "NIPS_2018": [0.026340952143073082, 2.905611991882324], "NIPS_2001": [0.0686754658818245, 2.9798123836517334], "NIPS_1993": [0.14229343831539154, 2.8670763969421387], "NIPS_2000": [0.10757194459438324, 2.93825101852417], "NIPS_1987": [0.026340294629335403, 2.9056150913238525], "ICML_Anchor": [0.6546638607978821, 3.2904393672943115], "NIPS_Anchor": [0.7315179705619812, 3.143918037414551]}