{"steve-blackburn_2004": [-15.806267738342285, -43.8918571472168], "steve-blackburn_1999": [8.27538776397705, 35.782814025878906], "steve-blackburn_2011": [-19.17627716064453, -23.65111541748047], "steve-blackburn_2006": [-15.740346908569336, -45.199954986572266], "steve-blackburn_2000": [3.4624364376068115, 13.782163619995117], "steve-blackburn_2015": [-14.37124252319336, -34.761959075927734], "steve-blackburn_2005": [-8.796361923217773, -32.623451232910156], "steve-blackburn_1998": [8.193957328796387, 37.05339431762695], "steve-blackburn_2016": [-15.559185981750488, -32.267459869384766], "steve-blackburn_1996": [8.096549987792969, 40.45182800292969], "steve-blackburn_2001": [-4.9299468994140625, -23.166250228881836], "steve-blackburn_2018": [4.687488555908203, 44.51181411743164], "steve-blackburn_2010": [-19.573118209838867, -35.67122268676758], "steve-blackburn_2012": [-17.695724487304688, -21.63742446899414], "steve-blackburn_2013": [-16.747285842895508, -38.33487319946289], "steve-blackburn_1997": [9.410813331604004, 36.711708068847656], "steve-blackburn_2002": [-16.67330551147461, -44.49220275878906], "steve-blackburn_2003": [-16.173429489135742, -42.5493049621582], "steve-blackburn_2014": [-18.240598678588867, -38.862632751464844], "steve-blackburn_2008": [-5.077305793762207, -21.379802703857422], "steve-blackburn_2009": [-20.342660903930664, -37.449729919433594], "steve-blackburn_2007": [-12.02901840209961, -38.78958511352539], "antony-l-hosking_2011": [-10.7357759475708, -32.82376480102539], "antony-l-hosking_2016": [-14.8021821975708, -20.224599838256836], "antony-l-hosking_2009": [-1.3764410018920898, -5.906469821929932], "antony-l-hosking_2007": [-8.533282279968262, -16.86759376525879], "antony-l-hosking_2006": [-11.153621673583984, -34.35747528076172], "antony-l-hosking_2004": [-10.091072082519531, -35.28378677368164], "antony-l-hosking_1995": [-10.084132194519043, -19.569599151611328], "antony-l-hosking_2015": [-14.829501152038574, -37.19126892089844], "antony-l-hosking_1999": [-10.890358924865723, -37.063865661621094], "antony-l-hosking_2014": [-13.85157585144043, -19.125686645507812], "antony-l-hosking_2005": [-8.830648422241211, -36.59530258178711], "antony-l-hosking_1990": [-7.480713367462158, -20.69560432434082], "antony-l-hosking_2003": [4.7885823249816895, 21.03451919555664], "antony-l-hosking_2001": [-14.692036628723145, -44.35950469970703], "antony-l-hosking_2018": [5.9625563621521, 44.054080963134766], "antony-l-hosking_2000": [-5.805759906768799, -19.804162979125977], "antony-l-hosking_1993": [-9.322000503540039, -17.840269088745117], "antony-l-hosking_2012": [-12.516115188598633, -33.9144172668457], "antony-l-hosking_1991": [-4.7732744216918945, -4.15670919418335], "antony-l-hosking_1998": [-5.618663311004639, -18.384552001953125], "antony-l-hosking_1992": [-8.457571029663086, -30.797515869140625], "antony-l-hosking_2013": [5.062251091003418, 43.347591400146484], "antony-l-hosking_1997": [-11.70773983001709, -39.435516357421875], "antony-l-hosking_2010": [-11.563911437988281, -32.08901596069336], "antony-l-hosking_1994": [-11.066450119018555, -29.467073440551758], "antony-l-hosking_2008": [6.097808837890625, 42.723289489746094], "antony-l-hosking_1996": [-8.682249069213867, -20.925586700439453], "antony-l-hosking_2017": [-17.209609985351562, -45.88840103149414], "kathryn-mckinley_2009": [-14.16171932220459, -32.82604217529297], "kathryn-mckinley_2004": [-17.460041046142578, -36.3162956237793], "kathryn-mckinley_1994": [-17.384300231933594, -16.70521354675293], "kathryn-mckinley_1998": [-6.934234142303467, -36.244384765625], "kathryn-mckinley_1990": [23.236970901489258, 20.70516586303711], "kathryn-mckinley_1995": [-4.971168518066406, 3.1854515075683594], "kathryn-mckinley_2006": [-17.430810928344727, -33.12698745727539], "kathryn-mckinley_2015": [-18.657445907592773, -20.49108123779297], "kathryn-mckinley_1991": [-13.038265228271484, -24.276578903198242], "kathryn-mckinley_2013": [-4.3640336990356445, -14.106122970581055], "kathryn-mckinley_2007": [-13.12535285949707, -33.367897033691406], "kathryn-mckinley_2016": [-21.257232666015625, -22.673669815063477], "kathryn-mckinley_2011": [-18.046804428100586, -20.438247680664062], "kathryn-mckinley_2000": [-9.65964126586914, -13.306462287902832], "kathryn-mckinley_2018": [3.05368971824646, 42.85566711425781], "kathryn-mckinley_2008": [-17.397228240966797, -34.902435302734375], "kathryn-mckinley_2003": [-18.721723556518555, -26.703460693359375], "kathryn-mckinley_1997": [-4.230665683746338, 7.195723533630371], "kathryn-mckinley_2010": [-13.024247169494629, -34.85676193237305], "kathryn-mckinley_1996": [-17.720718383789062, -18.203298568725586], "kathryn-mckinley_2005": [-20.921268463134766, -21.699562072753906], "kathryn-mckinley_1992": [-17.680723190307617, -15.785737037658691], "kathryn-mckinley_1993": [-13.390504837036133, -23.352893829345703], "kathryn-mckinley_2012": [-20.031963348388672, -23.04831886291504], "kathryn-mckinley_2002": [-17.927227020263672, -37.26678466796875], "kathryn-mckinley_2001": [-8.056854248046875, -34.846282958984375], "kathryn-mckinley_2017": [-18.649351119995117, -29.801416397094727], "kathryn-mckinley_1999": [-18.49077033996582, -27.090007781982422], "kathryn-mckinley_2014": [-17.594276428222656, -30.654869079589844], "kathryn-mckinley_1989": [-10.401422500610352, 1.3297255039215088], "POPL_1993": [17.856088638305664, 14.385198593139648], "POPL_2017": [-1.50666081905365, -10.666854858398438], "POPL_1980": [19.1115665435791, 30.950124740600586], "POPL_2001": [23.10617446899414, 14.190413475036621], "POPL_2016": [-0.9605185389518738, -10.90644359588623], "POPL_2005": [6.352179050445557, 8.26729679107666], "POPL_1996": [17.541536331176758, 15.952774047851562], "POPL_1988": [20.19123077392578, 17.92405891418457], "POPL_2006": [5.126778602600098, 5.984945774078369], "POPL_2007": [7.588266372680664, 6.150096893310547], "POPL_1991": [17.87221908569336, 17.670745849609375], "POPL_1977": [18.467866897583008, 32.65860366821289], "POPL_1982": [19.9918155670166, 23.752038955688477], "POPL_2004": [8.881630897521973, 9.165923118591309], "POPL_1989": [18.315303802490234, 22.391971588134766], "POPL_1981": [19.841938018798828, 25.59337043762207], "POPL_2000": [22.85651969909668, 14.347412109375], "POPL_2013": [3.2412638664245605, 9.903213500976562], "POPL_1987": [19.029041290283203, 24.082942962646484], "POPL_1986": [17.694091796875, 24.288475036621094], "POPL_1973": [18.007631301879883, 33.79875946044922], "POPL_1978": [17.6617488861084, 32.11894226074219], "POPL_1995": [18.38043212890625, 15.177005767822266], "POPL_1985": [22.034778594970703, 22.324731826782227], "POPL_1976": [16.077590942382812, 31.962757110595703], "POPL_2009": [4.992866516113281, 7.191608905792236], "POPL_1984": [21.352519989013672, 24.71028709411621], "POPL_2012": [2.5667293071746826, 7.727828502655029], "POPL_2010": [3.5488502979278564, 5.6756672859191895], "POPL_1999": [11.294434547424316, 11.283257484436035], "POPL_2014": [3.3489573001861572, 7.047318458557129], "POPL_1983": [20.867717742919922, 23.367231369018555], "POPL_1975": [4.610010147094727, 38.461483001708984], "POPL_2002": [9.915302276611328, 10.262521743774414], "POPL_2003": [14.549705505371094, 11.287775039672852], "POPL_2011": [4.4402241706848145, 7.974972248077393], "POPL_2008": [6.238527774810791, 6.667631149291992], "POPL_1994": [19.157705307006836, 16.73031997680664], "POPL_1992": [17.054964065551758, 21.561573028564453], "POPL_2015": [2.8703343868255615, 9.294310569763184], "POPL_1997": [19.56711196899414, 16.0092716217041], "POPL_1998": [12.281625747680664, 11.730384826660156], "POPL_1979": [17.489839553833008, 31.390012741088867], "PLDI_2015": [-7.131101131439209, -13.545181274414062], "PLDI_1991": [14.593279838562012, 21.855833053588867], "PLDI_2018": [-0.026994753628969193, 11.678046226501465], "PLDI_1996": [13.823870658874512, 7.250853538513184], "PLDI_2001": [-8.1536226272583, 3.7327139377593994],