{"christopher-d-manning_2003": [-3.30161452293396, -5.658736705780029], "christopher-d-manning_2014": [-3.122453451156616, -11.656024932861328], "christopher-d-manning_2017": [-6.339357376098633, -8.791702270507812], "christopher-d-manning_2007": [-0.5305713415145874, -7.386761665344238], "christopher-d-manning_2008": [-0.6014723181724548, -7.186831951141357], "christopher-d-manning_2013": [-3.299119234085083, -13.211738586425781], "christopher-d-manning_2016": [-5.914254188537598, -9.948315620422363], "christopher-d-manning_2000": [-4.76751184463501, -4.883022308349609], "christopher-d-manning_2010": [-4.316465854644775, -12.858440399169922], "christopher-d-manning_2006": [-2.0727484226226807, -7.788720607757568], "christopher-d-manning_2005": [-2.9237239360809326, -9.200601577758789], "christopher-d-manning_2002": [-3.9550302028656006, -5.511527061462402], "christopher-d-manning_2009": [-3.8434691429138184, -12.19898796081543], "christopher-d-manning_1995": [-5.123096942901611, 8.145415306091309], "christopher-d-manning_2012": [-2.9879727363586426, -12.639521598815918], "christopher-d-manning_1998": [-6.8203349113464355, 2.560276746749878], "christopher-d-manning_2011": [-2.1168313026428223, -11.419025421142578], "christopher-d-manning_1996": [-6.016610145568848, 0.5676379799842834], "christopher-d-manning_2004": [-2.6488747596740723, -6.667342185974121], "christopher-d-manning_2015": [-5.308304786682129, -10.575581550598145], "christopher-d-manning_2001": [-5.340649127960205, -1.2240382432937622], "christopher-d-manning_1999": [-6.6864142417907715, 1.53500235080719], "christopher-d-manning_2018": [-7.6412248611450195, -4.021531105041504], "christopher-d-manning_1993": [-0.5157302618026733, -5.870307445526123], "richard-socher_2014": [-3.115290880203247, -14.6517333984375], "richard-socher_2013": [-2.3106584548950195, -14.003798484802246], "richard-socher_2012": [-1.18983793258667, -14.253487586975098], "richard-socher_2011": [-0.5233380198478699, -12.05057144165039], "richard-socher_2016": [-9.085012435913086, -8.226515769958496], "richard-socher_2017": [-8.586845397949219, -8.348282814025879], "richard-socher_2018": [-8.591364860534668, -7.873640537261963], "richard-socher_2009": [12.974897384643555, 2.7824044227600098], "richard-socher_2010": [7.699997901916504, -13.432888984680176], "richard-socher_2015": [-7.368873119354248, -10.99377155303955], "andrew-y-ng_2010": [6.072062969207764, -12.381174087524414], "andrew-y-ng_2001": [5.201323509216309, -4.5892415046691895], "andrew-y-ng_2012": [8.077153205871582, -11.501843452453613], "andrew-y-ng_1998": [8.823408126831055, 4.611714839935303], "andrew-y-ng_2008": [6.468859672546387, -12.015698432922363], "andrew-y-ng_2011": [8.04725456237793, -11.958517074584961], "andrew-y-ng_2009": [7.21079158782959, -11.08955192565918], "andrew-y-ng_2013": [-0.5844834446907043, -11.073502540588379], "andrew-y-ng_2004": [5.159449100494385, -9.015009880065918], "andrew-y-ng_1999": [8.718520164489746, 7.783561706542969], "andrew-y-ng_2000": [9.214396476745605, 7.200321674346924], "andrew-y-ng_2007": [5.502554893493652, -10.269736289978027], "andrew-y-ng_2005": [0.7884505391120911, -7.775749683380127], "andrew-y-ng_2006": [5.31074857711792, -9.315542221069336], "andrew-y-ng_2016": [-4.9242048263549805, -6.373025417327881], "andrew-y-ng_2014": [6.251260280609131, -8.744918823242188], "andrew-y-ng_2017": [-7.817311763763428, -3.8809549808502197], "andrew-y-ng_2003": [12.442119598388672, 3.864474296569824], "andrew-y-ng_2018": [-1.1832668781280518, 2.042482852935791], "andrew-y-ng_2015": [6.491633415222168, -7.551748275756836], "andrew-y-ng_1997": [3.5279126167297363, 6.368127822875977], "andrew-y-ng_2002": [12.32271957397461, 4.0872883796691895], "andrew-y-ng_1996": [-1.5507129430770874, 10.090239524841309], "andrew-y-ng_1995": [9.033137321472168, 11.363390922546387], "ICML_2005": [2.4728901386260986, -1.5534193515777588], "ICML_2010": [3.893767833709717, 0.37146177887916565], "ICML_1989": [4.359574317932129, 11.856165885925293], "ICML_1991": [4.198019027709961, 11.544991493225098], "ICML_2016": [9.259475708007812, -3.0247020721435547], "ICML_2014": [8.013458251953125, -3.2673821449279785], "ICML_2017": [10.836932182312012, -0.6133823394775391], "ICML_2013": [7.258927345275879, -2.672121286392212], "ICML_2018": [11.730801582336426, -0.6317213773727417], "ICML_2008": [4.236263275146484, -3.338846445083618], "ICML_2003": [2.4510345458984375, -2.5724141597747803], "ICML_2006": [4.022055149078369, -2.0928666591644287], "ICML_2000": [1.0475252866744995, 8.719021797180176], "ICML_2007": [4.049881935119629, -1.1407415866851807], "ICML_2004": [3.0853054523468018, -0.14010067284107208], "ICML_2009": [4.86445951461792, -2.4429054260253906], "ICML_2012": [6.183190822601318, -1.3708502054214478], "ICML_1997": [-0.5769497156143188, 9.654735565185547], "ICML_2011": [5.879932403564453, -2.700402021408081], "ICML_1992": [5.977670192718506, 10.897375106811523], "ICML_1996": [-2.631268262863159, 8.433056831359863], "ICML_1998": [0.050046157091856, 10.516963005065918], "ICML_2015": [8.592889785766602, -1.7310866117477417], "ICML_1994": [7.4246039390563965, 11.747659683227539], "ICML_1995": [6.1525468826293945, 12.022815704345703], "ICML_1988": [3.182870388031006, 11.382962226867676], "ICML_1993": [6.466545104980469, 11.097994804382324], "ICML_2002": [2.187459945678711, 9.418133735656738], "ICML_1990": [7.766428470611572, 10.719888687133789], "ICML_2001": [1.6075724363327026, 0.2870851755142212], "ICML_1999": [-3.8364288806915283, 8.855866432189941], "ICML_1987": [4.1791462898254395, 13.179537773132324], "ICML_1984": [-2.2323532104492188, 10.168913841247559], "NIPS_2015": [8.956933975219727, -0.8610129952430725], "NIPS_2002": [1.203652024269104, 4.449381351470947], "NIPS_2012": [5.583283424377441, -0.22143615782260895], "NIPS_2010": [6.235477447509766, 1.3430496454238892], "NIPS_1992": [-2.2008209228515625, 6.228311538696289], "NIPS_2016": [10.948674201965332, -1.223823070526123], "NIPS_2005": [2.1255409717559814, 3.5028061866760254], "NIPS_2014": [7.133047103881836, -0.6986597180366516], "NIPS_2008": [2.917713165283203, 1.0676203966140747], "NIPS_1998": [1.063420057296753, 5.41181755065918], "NIPS_1999": [1.1960657835006714, 7.279433250427246], "NIPS_1996": [-0.6500615477561951, 7.42514181137085], "NIPS_2004": [2.700201988220215, 4.368939399719238], "NIPS_2017": [11.771921157836914, -1.0937716960906982], "NIPS_1994": [-1.3108325004577637, 6.7560601234436035], "NIPS_1990": [-1.2884657382965088, 8.551816940307617], "NIPS_1989": [-2.60496187210083, 11.40125846862793], "NIPS_2003": [0.5414248108863831, 6.608767986297607], "NIPS_2013": [7.1247477531433105, 0.00981221254914999], "NIPS_2006": [3.3644113540649414, 3.6469266414642334], "NIPS_1988": [-3.461827516555786, 10.337543487548828], "NIPS_2007": [4.44331693649292, 2.008073091506958], "NIPS_1997": [-0.3031463921070099, 5.825666904449463], "NIPS_1991": [-1.3481749296188354, 11.34145736694336], "NIPS_2011": [5.612257480621338, 0.5775106549263], "NIPS_2009": [5.1155314445495605, 1.4893437623977661], "NIPS_1995": [-0.2852039635181427, 6.72683048248291], "NIPS_2018": [-1.8161349296569824, 9.40912914276123], "NIPS_2001": [0.31697314977645874, 7.713090419769287], "NIPS_1993": [-1.310281753540039, 5.113262176513672], "NIPS_2000": [2.2625598907470703, 5.857749938964844], "NIPS_1987": [-2.5128536224365234, 9.516565322875977], "ICML_Anchor": [3.2545924186706543, -4.31241512298584], "NIPS_Anchor": [8.82571792602539, 4.51577091217041]}