{"cheng-soon-ong_2007": [-8.589354515075684, -21.67047691345215], "cheng-soon-ong_2015": [-16.60373878479004, -22.142683029174805], "cheng-soon-ong_2016": [-5.615050315856934, -16.089040756225586], "cheng-soon-ong_2008": [-6.895988464355469, -21.562923431396484], "cheng-soon-ong_2005": [-18.394756317138672, -24.152286529541016], "cheng-soon-ong_2009": [-8.051898956298828, -23.246734619140625], "cheng-soon-ong_2014": [-3.9631097316741943, -0.587876558303833], "cheng-soon-ong_2017": [-0.21485035121440887, -16.909412384033203], "cheng-soon-ong_2006": [-8.137267112731934, -21.96115493774414], "cheng-soon-ong_2003": [-16.608667373657227, -24.989917755126953], "cheng-soon-ong_2004": [-15.125452041625977, -26.341114044189453], "robert-c-williamson_2014": [-9.873075485229492, -13.739056587219238], "robert-c-williamson_2007": [-20.01711082458496, -22.978708267211914], "robert-c-williamson_2002": [-15.351766586303711, -13.455533981323242], "robert-c-williamson_1998": [-20.01157569885254, -8.886999130249023], "robert-c-williamson_1999": [-20.677650451660156, -3.452606201171875], "robert-c-williamson_2001": [-19.515317916870117, -6.545807838439941], "robert-c-williamson_2006": [-16.226089477539062, -17.395709991455078], "robert-c-williamson_1996": [-22.06962776184082, -3.9027163982391357], "robert-c-williamson_1988": [-26.201749801635742, -2.1871023178100586], "robert-c-williamson_2011": [-19.503589630126953, -16.951824188232422], "robert-c-williamson_2003": [-18.730438232421875, -4.1715826988220215], "robert-c-williamson_1994": [-21.130203247070312, -8.548202514648438], "robert-c-williamson_1993": [-24.069753646850586, -7.830000877380371], "robert-c-williamson_2000": [-19.756914138793945, -4.653007507324219], "robert-c-williamson_1992": [-24.276233673095703, -9.155168533325195], "robert-c-williamson_1991": [-23.673564910888672, -2.8605754375457764], "robert-c-williamson_2015": [-19.155080795288086, -17.145601272583008], "robert-c-williamson_2010": [-17.9257869720459, -20.463481903076172], "robert-c-williamson_1995": [-22.046295166015625, -6.244062900543213], "robert-c-williamson_2018": [2.424438238143921, -16.161930084228516], "robert-c-williamson_2005": [-18.038555145263672, -23.18817710876465], "robert-c-williamson_2016": [-18.123714447021484, -21.619224548339844], "robert-c-williamson_1997": [-23.146228790283203, -6.891318321228027], "robert-c-williamson_1990": [-25.21058464050293, -2.3784797191619873], "robert-c-williamson_2017": [1.533758282661438, -16.435941696166992], "robert-c-williamson_2009": [-22.033430099487305, -14.990924835205078], "robert-c-williamson_2008": [-23.43112564086914, -14.854620933532715], "robert-c-williamson_2012": [-20.732805252075195, -16.208173751831055], "robert-c-williamson_1985": [-19.550342559814453, 37.02875900268555], "robert-c-williamson_1987": [-20.703777313232422, 34.605384826660156], "robert-c-williamson_2004": [-14.776663780212402, -25.110565185546875], "alexander-j-smola_1998": [-13.291816711425781, -10.383241653442383], "alexander-j-smola_2007": [-6.448917865753174, -10.548826217651367], "alexander-j-smola_2005": [-10.058088302612305, -11.75493049621582], "alexander-j-smola_1999": [-17.550607681274414, -7.26527738571167], "alexander-j-smola_2010": [-6.875463962554932, -11.295354843139648], "alexander-j-smola_2004": [-13.23595142364502, -12.767729759216309], "alexander-j-smola_2018": [5.440856456756592, -16.69310188293457], "alexander-j-smola_2003": [-11.544862747192383, -11.155892372131348], "alexander-j-smola_2006": [-10.802763938903809, -12.210123062133789], "alexander-j-smola_2016": [-2.492705821990967, -11.449258804321289], "alexander-j-smola_2000": [-20.414247512817383, -1.9830799102783203], "alexander-j-smola_1992": [-21.665878295898438, 34.963111877441406], "alexander-j-smola_2001": [-18.09421157836914, -7.008516788482666], "alexander-j-smola_2008": [-8.06776237487793, -13.330070495605469], "alexander-j-smola_2017": [-1.087895154953003, -11.367663383483887], "alexander-j-smola_2009": [-7.69487190246582, -11.644110679626465], "alexander-j-smola_2013": [-4.185522556304932, -14.60558032989502], "alexander-j-smola_2014": [-5.680919170379639, -14.063833236694336], "alexander-j-smola_2012": [-6.314527988433838, -14.480757713317871], "alexander-j-smola_2015": [-3.1656291484832764, -11.490324020385742], "alexander-j-smola_2011": [-8.04045295715332, -15.373797416687012], "alexander-j-smola_2002": [-14.262899398803711, -14.116376876831055], "alexander-j-smola_1997": [-14.642786979675293, -9.803352355957031], "alexander-j-smola_1995": [-20.087953567504883, 35.45016860961914], "alexander-j-smola_1996": [-22.896085739135742, 35.79244613647461], "christopher-d-manning_2003": [13.588359832763672, -21.67484474182129], "christopher-d-manning_2014": [14.352978706359863, -26.01445770263672], "christopher-d-manning_2017": [11.019646644592285, -17.161283493041992], "christopher-d-manning_2007": [9.490123748779297, -27.571630477905273], "christopher-d-manning_2008": [14.541633605957031, -26.18682098388672], "christopher-d-manning_2013": [13.224427223205566, -25.941099166870117], "christopher-d-manning_2016": [11.52871036529541, -17.674930572509766], "christopher-d-manning_2000": [9.24551010131836, -18.486696243286133], "christopher-d-manning_2010": [10.96389102935791, -27.723796844482422], "christopher-d-manning_2006": [11.216012001037598, -24.07920265197754], "christopher-d-manning_2005": [12.720376968383789, -23.291786193847656], "christopher-d-manning_2002": [13.416810035705566, -20.69535255432129], "christopher-d-manning_2009": [11.720646858215332, -27.241649627685547], "christopher-d-manning_1995": [17.747583389282227, -20.189977645874023], "christopher-d-manning_2012": [12.29163646697998, -26.26932716369629], "christopher-d-manning_1998": [17.795949935913086, -18.437013626098633], "christopher-d-manning_2011": [11.578553199768066, -26.018678665161133], "christopher-d-manning_1996": [15.75222110748291, -17.986459732055664], "christopher-d-manning_2004": [12.871134757995605, -22.620433807373047], "christopher-d-manning_2015": [13.779401779174805, -24.509693145751953], "christopher-d-manning_2001": [15.435087203979492, -19.863481521606445], "christopher-d-manning_1999": [16.782564163208008, -19.104768753051758], "christopher-d-manning_2018": [6.644394397735596, -15.913655281066895], "christopher-d-manning_1993": [5.9313578605651855, -29.025554656982422], "richard-socher_2014": [3.499534845352173, -27.187456130981445], "richard-socher_2013": [4.620284080505371, -27.603178024291992], "richard-socher_2012": [3.5741755962371826, -28.505970001220703], "richard-socher_2011": [2.1228346824645996, -27.417299270629883], "richard-socher_2016": [6.374763488769531, -17.189529418945312], "richard-socher_2017": [9.573933601379395, -16.904996871948242], "richard-socher_2018": [9.864665985107422, -16.467575073242188], "richard-socher_2009": [-19.568666458129883, -21.02718162536621], "richard-socher_2010": [0.923856794834137, -27.248550415039062], "richard-socher_2015": [6.328591823577881, -18.694637298583984], "andrew-y-ng_2010": [-6.322366714477539, -4.502575874328613], "andrew-y-ng_2001": [-10.66445541381836, -5.926337242126465], "andrew-y-ng_2012": [-7.777867317199707, -7.976986885070801], "andrew-y-ng_1998": [-13.570076942443848, -15.824324607849121], "andrew-y-ng_2008": [-6.22806978225708, -5.278503894805908], "andrew-y-ng_2011": [-6.606893539428711, -7.592392921447754], "andrew-y-ng_2009": [-5.365855693817139, -7.7172956466674805], "andrew-y-ng_2013": [4.805206298828125, -27.321636199951172], "andrew-y-ng_2004": [-9.361675262451172, -5.822209358215332], "andrew-y-ng_1999": [0.7765564322471619, -3.699408531188965], "andrew-y-ng_2000": [-12.956135749816895, -14.4228515625], "andrew-y-ng_2007": [-5.50229024887085, -6.10538387298584], "andrew-y-ng_2005": [8.586564064025879, -23.888948440551758], "andrew-y-ng_2006": [-5.009419918060303, -7.69076681137085], "andrew-y-ng_2016": [12.0313720703125, -15.251044273376465],