{"christopher-d-manning_2003": [60.93021011352539, 41.119720458984375], "christopher-d-manning_2014": [135.99844360351562, 52.67677688598633], "christopher-d-manning_2017": [90.86040496826172, 80.63984680175781], "christopher-d-manning_2007": [73.03871154785156, 10.913723945617676], "christopher-d-manning_2008": [74.4950942993164, 17.613662719726562], "christopher-d-manning_2013": [150.6623992919922, 62.6102180480957], "christopher-d-manning_2016": [100.72953796386719, 82.56204223632812], "christopher-d-manning_2000": [60.59980773925781, 54.580814361572266], "christopher-d-manning_2010": [142.70770263671875, 70.74201965332031], "christopher-d-manning_2006": [78.99658966064453, 29.17332649230957], "christopher-d-manning_2005": [85.01669311523438, 39.22388458251953], "christopher-d-manning_2002": [65.87086486816406, 47.57757568359375], "christopher-d-manning_2009": [137.04440307617188, 63.62320327758789], "christopher-d-manning_1995": [12.594623565673828, 101.73863983154297], "christopher-d-manning_2012": [144.71319580078125, 58.4837532043457], "christopher-d-manning_1998": [5.537200927734375, 84.47978973388672], "christopher-d-manning_2011": [133.49806213378906, 45.19601821899414], "christopher-d-manning_1996": [22.66558074951172, 74.0772933959961], "christopher-d-manning_2004": [71.80538940429688, 37.14892578125], "christopher-d-manning_2015": [107.5519027709961, 81.08550262451172], "christopher-d-manning_2001": [31.135723114013672, 65.93791198730469], "christopher-d-manning_1999": [14.034568786621094, 79.50662231445312], "christopher-d-manning_2018": [-64.14180755615234, -63.47428894042969], "christopher-d-manning_1993": [63.35074234008789, 19.313003540039062], "richard-socher_2014": [165.0745391845703, 69.96186828613281], "richard-socher_2013": [161.4954833984375, 61.28581237792969], "richard-socher_2012": [167.04745483398438, 53.62550735473633], "richard-socher_2011": [124.8725814819336, 33.60601806640625], "richard-socher_2016": [80.88995361328125, 109.78522491455078], "richard-socher_2017": [84.60167694091797, 102.77583312988281], "richard-socher_2018": [77.25305938720703, 102.3058853149414], "richard-socher_2009": [1.7387778759002686, 5.862771511077881], "richard-socher_2010": [168.1038818359375, -44.25494384765625], "richard-socher_2015": [108.43958282470703, 93.28443908691406], "andrew-y-ng_2010": [150.64524841308594, -43.525291442871094], "andrew-y-ng_2001": [41.533653259277344, -59.43885040283203], "andrew-y-ng_2012": [164.6134033203125, -62.038787841796875], "andrew-y-ng_1998": [36.010799407958984, 123.03697204589844], "andrew-y-ng_2008": [151.96627807617188, -50.47924041748047], "andrew-y-ng_2011": [167.76678466796875, -55.9267463684082], "andrew-y-ng_2009": [155.76541137695312, -60.333763122558594], "andrew-y-ng_2013": [134.0092315673828, 34.674198150634766], "andrew-y-ng_2004": [54.11100769042969, 72.16167449951172], "andrew-y-ng_1999": [-153.42977905273438, -91.93421936035156], "andrew-y-ng_2000": [-156.64691162109375, -100.46984100341797], "andrew-y-ng_2007": [135.560791015625, -53.831756591796875], "andrew-y-ng_2005": [83.97804260253906, 15.227980613708496], "andrew-y-ng_2006": [127.0940933227539, -55.61669921875], "andrew-y-ng_2016": [74.36067962646484, 56.09938049316406], "andrew-y-ng_2014": [125.4322509765625, -66.1099624633789], "andrew-y-ng_2017": [57.80959701538086, 289.60906982421875], "andrew-y-ng_2003": [10.16794204711914, 2.5104143619537354], "andrew-y-ng_2018": [-41.37190628051758, 23.57966423034668], "andrew-y-ng_2015": [115.46770477294922, -65.95587921142578], "andrew-y-ng_1997": [-71.66532135009766, 7.514122486114502], "andrew-y-ng_2002": [15.87870979309082, 0.38660305738449097], "andrew-y-ng_1996": [-92.32228088378906, 114.73535919189453], "andrew-y-ng_1995": [-135.0800323486328, -81.86943817138672], "ICML_2005": [11.94692325592041, -38.78456497192383], "ICML_2010": [-16.000253677368164, -49.70551681518555], "ICML_1989": [-142.47409057617188, -45.69436264038086], "ICML_1991": [-147.66879272460938, -42.267086029052734], "ICML_2016": [14.767616271972656, -119.13542938232422], "ICML_2014": [20.318164825439453, -108.96479034423828], "ICML_2017": [-18.13060188293457, -144.28517150878906], "ICML_2013": [20.546096801757812, -102.31461334228516], "ICML_2018": [-23.33534812927246, -150.66244506835938], "ICML_2008": [31.923093795776367, -53.69978332519531], "ICML_2003": [21.575576782226562, -36.686553955078125], "ICML_2006": [20.011962890625, -53.165794372558594], "ICML_2000": [-91.74498748779297, 40.55997848510742], "ICML_2007": [12.794044494628906, -51.37514877319336], "ICML_2004": [-4.438167095184326, -43.36286163330078], "ICML_2009": [23.6663818359375, -61.57146072387695], "ICML_2012": [3.302515745162964, -85.9095230102539], "ICML_1997": [-77.23392486572266, 132.5014190673828], "ICML_2011": [21.613691329956055, -71.66423797607422], "ICML_1992": [-154.86361694335938, -61.01201248168945], "ICML_1996": [-86.78101348876953, 102.91130065917969], "ICML_1998": [-73.52132415771484, 103.40000915527344], "ICML_2015": [2.3603386878967285, -116.92610931396484], "ICML_1994": [-140.25001525878906, -70.06560516357422], "ICML_1995": [-142.39588928222656, -58.54896926879883], "ICML_1988": [-67.1964111328125, 53.753150939941406], "ICML_1993": [-150.4454345703125, -66.27105712890625], "ICML_2002": [-86.96302032470703, 48.51588439941406], "ICML_1990": [-145.96475219726562, -79.40221405029297], "ICML_2001": [-20.160520553588867, -34.20751953125], "ICML_1999": [-106.05484008789062, 132.3330078125], "ICML_1987": [-135.5437469482422, -38.530582427978516], "ICML_1984": [-86.00648498535156, 122.65422058105469], "NIPS_2015": [-5.159450531005859, -116.57862854003906], "NIPS_2002": [-91.25261688232422, -7.893112659454346], "NIPS_2012": [-9.421874046325684, -85.39900207519531], "NIPS_2010": [-25.474079132080078, -89.3481216430664], "NIPS_1992": [-122.0541763305664, 20.819965362548828], "NIPS_2016": [-19.73215675354004, -157.91514587402344], "NIPS_2005": [-83.7603759765625, -15.489943504333496], "NIPS_2014": [-8.295194625854492, -100.67686462402344], "NIPS_2008": [-15.441329956054688, -42.382808685302734], "NIPS_1998": [-93.38975524902344, 0.06680208444595337], "NIPS_1999": [-107.61717987060547, 37.361202239990234], "NIPS_1996": [-107.62876892089844, 23.530567169189453], "NIPS_2004": [-74.33111572265625, -10.336846351623535], "NIPS_2017": [-14.280924797058105, -152.18382263183594], "NIPS_1994": [-112.85000610351562, 15.107768058776855], "NIPS_1990": [-100.55409240722656, 104.76008605957031], "NIPS_1989": [-71.93113708496094, 119.09573364257812], "NIPS_2003": [-95.9748306274414, 13.75244426727295], "NIPS_2013": [-3.184612512588501, -94.99887084960938], "NIPS_2006": [-75.31359100341797, -20.45416259765625], "NIPS_1988": [-105.36952209472656, 117.787109375], "NIPS_2007": [-26.987041473388672, -71.25654602050781], "NIPS_1997": [-90.76651000976562, 27.38474464416504], "NIPS_1991": [-91.35709381103516, 135.20314025878906], "NIPS_2011": [-16.5274715423584, -84.48628997802734], "NIPS_2009": [-23.12657356262207, -77.33382415771484], "NIPS_1995": [-102.80203247070312, 14.059231758117676], "NIPS_2018": [-93.54082489013672, 122.1848373413086], "NIPS_2001": [-100.64389038085938, 31.484521865844727], "NIPS_1993": [-119.2726821899414, 7.181975364685059], "NIPS_2000": [-80.14933776855469, 3.468808650970459], "NIPS_1987": [-84.76164245605469, 115.23799133300781], "ICML_Anchor": [37.60502624511719, -44.16380310058594], "NIPS_Anchor": [1.107675552368164, 67.1578369140625]}