{"cheng-soon-ong_2007": [29.47440528869629, -20.264122009277344], "cheng-soon-ong_2015": [35.48727035522461, -13.960182189941406], "cheng-soon-ong_2016": [17.16050148010254, -7.995048999786377], "cheng-soon-ong_2008": [30.183412551879883, -21.956836700439453], "cheng-soon-ong_2005": [33.90673828125, -16.511754989624023], "cheng-soon-ong_2009": [28.10740852355957, -21.439424514770508], "cheng-soon-ong_2014": [16.714693069458008, -5.92688512802124], "cheng-soon-ong_2017": [9.964645385742188, -10.677757263183594], "cheng-soon-ong_2006": [29.328187942504883, -20.854381561279297], "cheng-soon-ong_2003": [35.85141372680664, -16.365703582763672], "cheng-soon-ong_2004": [38.05711364746094, -17.483322143554688], "robert-c-williamson_2014": [27.80732536315918, -8.594653129577637], "robert-c-williamson_2007": [34.21804428100586, -12.519795417785645], "robert-c-williamson_2002": [25.886831283569336, -11.376957893371582], "robert-c-williamson_1998": [27.747983932495117, -2.9305944442749023], "robert-c-williamson_1999": [25.33991050720215, 2.077476978302002], "robert-c-williamson_2001": [25.983049392700195, -1.2965346574783325], "robert-c-williamson_2006": [28.946250915527344, -12.778072357177734], "robert-c-williamson_1996": [26.806413650512695, 2.4245846271514893], "robert-c-williamson_1988": [29.662065505981445, 6.134284019470215], "robert-c-williamson_2011": [30.87112045288086, -9.40538215637207], "robert-c-williamson_2003": [23.906169891357422, 0.3440502882003784], "robert-c-williamson_1994": [28.496959686279297, -1.962669014930725], "robert-c-williamson_1993": [30.726058959960938, 0.28749388456344604], "robert-c-williamson_2000": [25.1077938079834, 0.501056969165802], "robert-c-williamson_1992": [31.64023780822754, -0.7729763984680176], "robert-c-williamson_1991": [27.69116973876953, 4.230541229248047], "robert-c-williamson_2015": [30.74182891845703, -9.861538887023926], "robert-c-williamson_2010": [32.32297897338867, -13.6691255569458], "robert-c-williamson_1995": [28.02760124206543, 0.4582039415836334], "robert-c-williamson_2018": [7.438317775726318, -11.354781150817871], "robert-c-williamson_2005": [34.25566864013672, -15.298410415649414], "robert-c-williamson_2016": [33.57368087768555, -13.945893287658691], "robert-c-williamson_1997": [29.3831787109375, 0.5450112819671631], "robert-c-williamson_1990": [28.840295791625977, 5.438061237335205], "robert-c-williamson_2017": [8.381827354431152, -10.974431991577148], "robert-c-williamson_2009": [32.436336517333984, -6.520525932312012], "robert-c-williamson_2008": [33.67679977416992, -5.698023796081543], "robert-c-williamson_2012": [31.80741310119629, -8.226554870605469], "robert-c-williamson_1985": [7.644416332244873, 39.092830657958984], "robert-c-williamson_1987": [6.884598255157471, 40.14436340332031], "robert-c-williamson_2004": [37.10948944091797, -16.941205978393555], "alexander-j-smola_1998": [23.438068389892578, -9.057156562805176], "alexander-j-smola_2007": [17.6427001953125, -13.606282234191895], "alexander-j-smola_2005": [21.63445472717285, -11.946281433105469], "alexander-j-smola_1999": [24.76067543029785, -3.1210522651672363], "alexander-j-smola_2010": [18.21602439880371, -12.935980796813965], "alexander-j-smola_2004": [24.301271438598633, -12.718917846679688], "alexander-j-smola_2018": [3.246584415435791, -15.954495429992676], "alexander-j-smola_2003": [22.549198150634766, -10.536676406860352], "alexander-j-smola_2006": [22.434938430786133, -11.626913070678711], "alexander-j-smola_2016": [13.842512130737305, -12.915729522705078], "alexander-j-smola_2000": [24.427228927612305, 3.275270938873291], "alexander-j-smola_1992": [9.677363395690918, 40.509910583496094], "alexander-j-smola_2001": [25.08290672302246, -2.5574207305908203], "alexander-j-smola_2008": [19.565288543701172, -11.173625946044922], "alexander-j-smola_2017": [12.582931518554688, -13.682981491088867], "alexander-j-smola_2009": [19.13381576538086, -12.634644508361816], "alexander-j-smola_2013": [15.300121307373047, -9.492767333984375], "alexander-j-smola_2014": [17.02305793762207, -10.33578109741211], "alexander-j-smola_2012": [17.781757354736328, -9.934639930725098], "alexander-j-smola_2015": [14.59080696105957, -12.802338600158691], "alexander-j-smola_2011": [19.65020179748535, -9.462141036987305], "alexander-j-smola_2002": [25.737789154052734, -12.708723068237305], "alexander-j-smola_1997": [23.901721954345703, -7.541835784912109], "alexander-j-smola_1995": [6.378062725067139, 38.72110366821289], "alexander-j-smola_1996": [10.545228958129883, 37.88035202026367], "christopher-d-manning_2003": [-2.0760133266448975, -24.334287643432617], "christopher-d-manning_2014": [2.3953378200531006, -24.660512924194336], "christopher-d-manning_2017": [-0.47442248463630676, -19.105960845947266], "christopher-d-manning_2007": [3.125410556793213, -29.85971450805664], "christopher-d-manning_2008": [2.7101595401763916, -24.60416030883789], "christopher-d-manning_2013": [2.1822614669799805, -25.74923324584961], "christopher-d-manning_2016": [-0.674168586730957, -19.87929916381836], "christopher-d-manning_2000": [0.19821156561374664, -16.4273738861084], "christopher-d-manning_2010": [1.8324739933013916, -28.9934024810791], "christopher-d-manning_2006": [-0.6300294399261475, -27.530982971191406], "christopher-d-manning_2005": [-0.6988807320594788, -25.682790756225586], "christopher-d-manning_2002": [-2.5046422481536865, -23.34722328186035], "christopher-d-manning_2009": [1.6447092294692993, -28.035219192504883], "christopher-d-manning_1995": [-6.909218788146973, -24.391014099121094], "christopher-d-manning_2012": [1.7811617851257324, -26.807605743408203], "christopher-d-manning_1998": [-7.677120685577393, -22.679655075073242], "christopher-d-manning_2011": [2.6215405464172363, -27.213642120361328], "christopher-d-manning_1996": [-5.875882148742676, -21.423786163330078], "christopher-d-manning_2004": [-1.3553217649459839, -25.323822021484375], "christopher-d-manning_2015": [0.783304750919342, -24.346643447875977], "christopher-d-manning_2001": [-4.85869026184082, -23.237842559814453], "christopher-d-manning_1999": [-6.4190802574157715, -22.958660125732422], "christopher-d-manning_2018": [4.807328224182129, -16.032331466674805], "christopher-d-manning_1993": [7.594715118408203, -30.951133728027344], "richard-socher_2014": [9.399145126342773, -30.065021514892578], "richard-socher_2013": [8.579191207885742, -29.10678482055664], "richard-socher_2012": [9.910128593444824, -28.56873893737793], "richard-socher_2011": [11.062630653381348, -29.740299224853516], "richard-socher_2016": [3.664008617401123, -16.795143127441406], "richard-socher_2017": [0.6232883930206299, -17.83216094970703], "richard-socher_2018": [0.5724539756774902, -18.34722328186035], "richard-socher_2009": [32.122989654541016, -15.688396453857422], "richard-socher_2010": [12.339280128479004, -29.8953857421875], "richard-socher_2015": [4.271882057189941, -18.181068420410156], "andrew-y-ng_2010": [16.362407684326172, -19.9427490234375], "andrew-y-ng_2001": [19.492496490478516, -22.563493728637695], "andrew-y-ng_2012": [19.103464126586914, -17.55398178100586], "andrew-y-ng_1998": [25.998186111450195, -14.315080642700195], "andrew-y-ng_2008": [16.711973190307617, -19.174705505371094], "andrew-y-ng_2011": [17.9126033782959, -17.061952590942383], "andrew-y-ng_2009": [16.743648529052734, -16.284488677978516], "andrew-y-ng_2013": [8.417652130126953, -28.686988830566406], "andrew-y-ng_2004": [19.539304733276367, -21.025882720947266], "andrew-y-ng_1999": [24.225618362426758, -16.50187873840332], "andrew-y-ng_2000": [24.513107299804688, -15.439927101135254], "andrew-y-ng_2007": [16.350406646728516, -18.04090690612793], "andrew-y-ng_2005": [5.593453884124756, -24.38016700744629], "andrew-y-ng_2006": [16.348663330078125, -16.28504180908203], "andrew-y-ng_2016": [-2.52840256690979, -18.140283584594727], "andrew-y-ng_2014": [18.941198348999023, -20.439861297607422],