{"cheng-soon-ong_2007": [14.423038482666016, -3.12626314163208], "cheng-soon-ong_2015": [12.651823997497559, -7.114616394042969], "cheng-soon-ong_2016": [2.279599905014038, 4.389258861541748], "cheng-soon-ong_2008": [15.046500205993652, -2.6102311611175537], "cheng-soon-ong_2005": [13.184432983398438, -8.232259750366211], "cheng-soon-ong_2009": [-5.278944969177246, -9.937180519104004], "cheng-soon-ong_2014": [2.0845372676849365, 4.294820785522461], "cheng-soon-ong_2017": [2.2806246280670166, -5.986523628234863], "cheng-soon-ong_2006": [14.630271911621094, -2.935102701187134], "cheng-soon-ong_2003": [13.814554214477539, -8.776911735534668], "cheng-soon-ong_2004": [14.25874137878418, -9.789671897888184], "robert-c-williamson_2014": [8.002549171447754, -2.9658541679382324], "robert-c-williamson_2007": [14.29751968383789, -7.218686103820801], "robert-c-williamson_2002": [10.727869987487793, -2.3413949012756348], "robert-c-williamson_1998": [10.631767272949219, 0.8079737424850464], "robert-c-williamson_1999": [8.301170349121094, 1.3981598615646362], "robert-c-williamson_2001": [9.484432220458984, 0.5650752186775208], "robert-c-williamson_2006": [14.087264060974121, -5.186083793640137], "robert-c-williamson_1996": [8.414342880249023, 2.3578460216522217], "robert-c-williamson_1988": [-0.4163581430912018, -3.2746007442474365], "robert-c-williamson_2011": [12.331489562988281, -5.245985507965088], "robert-c-williamson_2003": [9.135584831237793, 1.401326298713684], "robert-c-williamson_1994": [10.751019477844238, 1.3600561618804932], "robert-c-williamson_1993": [10.718095779418945, 3.462590217590332], "robert-c-williamson_2000": [8.864569664001465, 1.1348886489868164], "robert-c-williamson_1992": [11.284566879272461, 3.5329625606536865], "robert-c-williamson_1991": [7.770436763763428, 3.4907665252685547], "robert-c-williamson_2015": [12.284961700439453, -5.281038284301758], "robert-c-williamson_2010": [13.547567367553711, -6.621603965759277], "robert-c-williamson_1995": [9.855266571044922, 2.3858537673950195], "robert-c-williamson_2018": [1.5642768144607544, -6.622934818267822], "robert-c-williamson_2005": [13.384172439575195, -7.765276908874512], "robert-c-williamson_2016": [13.129234313964844, -6.93976354598999], "robert-c-williamson_1997": [10.252108573913574, 2.963160514831543], "robert-c-williamson_1990": [7.435293197631836, 3.928036689758301], "robert-c-williamson_2017": [1.7464500665664673, -6.409483432769775], "robert-c-williamson_2009": [13.511531829833984, 0.6236357092857361], "robert-c-williamson_2008": [13.606947898864746, 1.1913397312164307], "robert-c-williamson_2012": [12.64828872680664, -4.904074192047119], "robert-c-williamson_1985": [-4.178240776062012, 1.788268804550171], "robert-c-williamson_1987": [-4.705121040344238, 1.900481939315796], "robert-c-williamson_2004": [14.160277366638184, -9.410118103027344], "alexander-j-smola_1998": [9.4407377243042, -2.1859357357025146], "alexander-j-smola_2007": [7.172163963317871, -4.093697547912598], "alexander-j-smola_2005": [8.79775333404541, -3.530805826187134], "alexander-j-smola_1999": [9.274673461914062, -0.5775458216667175], "alexander-j-smola_2010": [7.51077938079834, -4.331584930419922], "alexander-j-smola_2004": [10.47184944152832, -3.483621597290039], "alexander-j-smola_2018": [0.3066955804824829, -8.093658447265625], "alexander-j-smola_2003": [9.17811393737793, -3.1502842903137207], "alexander-j-smola_2006": [9.19189453125, -3.62176775932312], "alexander-j-smola_2016": [5.135786056518555, -4.747561454772949], "alexander-j-smola_2000": [7.462856292724609, 0.5692468285560608], "alexander-j-smola_1992": [-5.1416015625, 1.6308928728103638], "alexander-j-smola_2001": [9.247474670410156, -0.3493027091026306], "alexander-j-smola_2008": [8.799949645996094, -4.426425933837891], "alexander-j-smola_2017": [4.546102046966553, -5.369913578033447], "alexander-j-smola_2009": [7.9335856437683105, -4.4918951988220215], "alexander-j-smola_2013": [9.147820472717285, -5.678407192230225], "alexander-j-smola_2014": [8.865389823913574, -5.0930609703063965], "alexander-j-smola_2012": [9.097190856933594, -4.900282382965088], "alexander-j-smola_2015": [5.553580284118652, -4.63474702835083], "alexander-j-smola_2011": [10.005108833312988, -5.64659309387207], "alexander-j-smola_2002": [10.946244239807129, -3.181015968322754], "alexander-j-smola_1997": [9.806208610534668, -1.6584134101867676], "alexander-j-smola_1995": [-4.955440044403076, 2.925607204437256], "alexander-j-smola_1996": [-4.821604251861572, 1.3296780586242676], "christopher-d-manning_2003": [1.036505937576294, -12.506437301635742], "christopher-d-manning_2014": [3.279712438583374, -11.564201354980469], "christopher-d-manning_2017": [0.737840473651886, -10.190410614013672], "christopher-d-manning_2007": [4.526342391967773, -13.790582656860352], "christopher-d-manning_2008": [3.2937798500061035, -11.550010681152344], "christopher-d-manning_2013": [3.342954635620117, -12.03722858428955], "christopher-d-manning_2016": [0.9941527247428894, -10.538990020751953], "christopher-d-manning_2000": [-0.5544558167457581, -10.235682487487793], "christopher-d-manning_2010": [3.7463831901550293, -13.437576293945312], "christopher-d-manning_2006": [2.5590639114379883, -13.558829307556152], "christopher-d-manning_2005": [1.9871649742126465, -12.676220893859863], "christopher-d-manning_2002": [0.7000229954719543, -12.291045188903809], "christopher-d-manning_2009": [3.6269893646240234, -13.125343322753906], "christopher-d-manning_1995": [-2.3246681690216064, -12.992003440856934], "christopher-d-manning_2012": [3.4658689498901367, -12.590258598327637], "christopher-d-manning_1998": [-2.8184142112731934, -12.335816383361816], "christopher-d-manning_2011": [3.5408873558044434, -12.695531845092773], "christopher-d-manning_1996": [-1.9552011489868164, -11.592998504638672], "christopher-d-manning_2004": [1.6884804964065552, -12.691408157348633], "christopher-d-manning_2015": [2.4744958877563477, -11.875472068786621], "christopher-d-manning_2001": [-1.2136496305465698, -12.28005313873291], "christopher-d-manning_1999": [-2.1916682720184326, -12.356781959533691], "christopher-d-manning_2018": [-0.5286991596221924, -7.904056549072266], "christopher-d-manning_1993": [6.232537746429443, -13.505997657775879], "richard-socher_2014": [7.006051063537598, -12.451021194458008], "richard-socher_2013": [6.518548965454102, -12.298603057861328], "richard-socher_2012": [7.076221942901611, -11.990728378295898], "richard-socher_2011": [7.819610595703125, -11.95602035522461], "richard-socher_2016": [-0.33356472849845886, -8.376425743103027], "richard-socher_2017": [0.4514385163784027, -9.594155311584473], "richard-socher_2018": [0.5884537696838379, -9.5851411819458], "richard-socher_2009": [12.108016014099121, -7.946219444274902], "richard-socher_2010": [8.438141822814941, -11.741361618041992], "richard-socher_2015": [-1.0555965900421143, -8.82715892791748], "andrew-y-ng_2010": [6.614292144775391, -7.669112205505371], "andrew-y-ng_2001": [8.87654972076416, -7.38832950592041], "andrew-y-ng_2012": [7.804553985595703, -6.672033309936523], "andrew-y-ng_1998": [11.048918724060059, -4.318732738494873], "andrew-y-ng_2008": [6.7057271003723145, -7.390957832336426], "andrew-y-ng_2011": [7.1438446044921875, -6.254366397857666], "andrew-y-ng_2009": [6.714682579040527, -5.831972599029541], "andrew-y-ng_2013": [6.428842067718506, -12.115086555480957], "andrew-y-ng_2004": [8.298784255981445, -8.013729095458984], "andrew-y-ng_1999": [12.294846534729004, -2.7819936275482178], "andrew-y-ng_2000": [11.880828857421875, -3.073915719985962], "andrew-y-ng_2007": [6.582623481750488, -6.815683841705322], "andrew-y-ng_2005": [4.740789890289307, -10.266763687133789], "andrew-y-ng_2006": [6.617065906524658, -5.862390995025635], "andrew-y-ng_2016": [2.1123263835906982, -9.52885913848877], "andrew-y-ng_2014": [7.772796630859375, -8.07972240447998], "andrew-y-ng_2017": [3.8074731826782227, -6.555357933044434],