{"cheng-soon-ong_2007": [-2.36338472366333, -25.6397647857666], "cheng-soon-ong_2015": [10.998102188110352, -26.544702529907227], "cheng-soon-ong_2016": [-9.652135848999023, -10.227386474609375], "cheng-soon-ong_2008": [-3.2084407806396484, -27.403120040893555], "cheng-soon-ong_2005": [7.725625991821289, -28.88916015625], "cheng-soon-ong_2009": [-4.220667362213135, -25.12190055847168], "cheng-soon-ong_2014": [-8.164063453674316, -8.549271583557129], "cheng-soon-ong_2017": [-12.082347869873047, -9.276078224182129], "cheng-soon-ong_2006": [-2.917503595352173, -25.88010025024414], "cheng-soon-ong_2003": [8.301453590393066, -31.325349807739258], "cheng-soon-ong_2004": [7.666125774383545, -33.67632293701172], "robert-c-williamson_2014": [-1.641960620880127, -13.175577163696289], "robert-c-williamson_2007": [11.033199310302734, -28.585620880126953], "robert-c-williamson_2002": [6.469951629638672, -17.003644943237305], "robert-c-williamson_1998": [21.41371726989746, -13.357521057128906], "robert-c-williamson_1999": [26.097457885742188, -7.897737503051758], "robert-c-williamson_2001": [23.749380111694336, -9.79102897644043], "robert-c-williamson_2006": [7.531535625457764, -20.53497314453125], "robert-c-williamson_1996": [21.878572463989258, -11.180132865905762], "robert-c-williamson_1988": [16.687849044799805, -9.621797561645508], "robert-c-williamson_2011": [13.025372505187988, -22.99369239807129], "robert-c-williamson_2003": [27.482711791992188, -10.13830852508545], "robert-c-williamson_1994": [22.014698028564453, -14.574014663696289], "robert-c-williamson_1993": [26.48031234741211, -14.552579879760742], "robert-c-williamson_2000": [26.384016036987305, -9.175354957580566], "robert-c-williamson_1992": [26.785436630249023, -15.921807289123535], "robert-c-williamson_1991": [19.774066925048828, -10.117015838623047], "robert-c-williamson_2015": [12.563437461853027, -23.184179306030273], "robert-c-williamson_2010": [9.02892780303955, -25.044034957885742], "robert-c-williamson_1995": [24.52153968811035, -12.291452407836914], "robert-c-williamson_2018": [-12.659188270568848, -5.898229122161865], "robert-c-williamson_2005": [8.952519416809082, -28.586050033569336], "robert-c-williamson_2016": [9.710628509521484, -26.532033920288086], "robert-c-williamson_1997": [25.523578643798828, -13.374161720275879], "robert-c-williamson_1990": [17.89369010925293, -9.844375610351562], "robert-c-williamson_2017": [-12.543763160705566, -7.054379940032959], "robert-c-williamson_2009": [16.641706466674805, -22.31832504272461], "robert-c-williamson_2008": [18.051998138427734, -23.03412628173828], "robert-c-williamson_2012": [14.69012451171875, -22.8332576751709], "robert-c-williamson_1985": [74.2782974243164, 14.848480224609375], "robert-c-williamson_1987": [73.59701538085938, 18.23261833190918], "robert-c-williamson_2004": [6.693130016326904, -32.62616729736328], "alexander-j-smola_1998": [3.728325366973877, -10.73030948638916], "alexander-j-smola_2007": [-1.6903499364852905, -8.097701072692871], "alexander-j-smola_2005": [0.5952550172805786, -12.539607048034668], "alexander-j-smola_1999": [22.73232078552246, -7.781542778015137], "alexander-j-smola_2010": [-1.9905387163162231, -9.129141807556152], "alexander-j-smola_2004": [4.242521286010742, -14.278264999389648], "alexander-j-smola_2018": [-20.8604736328125, 6.21902322769165], "alexander-j-smola_2003": [2.2206385135650635, -11.572752952575684], "alexander-j-smola_2006": [1.3867462873458862, -12.770756721496582], "alexander-j-smola_2016": [-18.105632781982422, -6.136868953704834], "alexander-j-smola_2000": [26.780338287353516, -6.075833320617676], "alexander-j-smola_1992": [74.71627807617188, 16.691925048828125], "alexander-j-smola_2001": [22.910707473754883, -8.37723445892334], "alexander-j-smola_2008": [-2.9536192417144775, -11.878315925598145], "alexander-j-smola_2017": [-18.367460250854492, -4.7055344581604], "alexander-j-smola_2009": [-1.9616798162460327, -10.054062843322754], "alexander-j-smola_2013": [-9.625858306884766, -14.669154167175293], "alexander-j-smola_2014": [-8.84473705291748, -12.430575370788574], "alexander-j-smola_2012": [-8.267854690551758, -12.802451133728027], "alexander-j-smola_2015": [-17.810211181640625, -6.710697174072266], "alexander-j-smola_2011": [-5.658543586730957, -12.886500358581543], "alexander-j-smola_2002": [5.933154106140137, -16.134891510009766], "alexander-j-smola_1997": [5.065773010253906, -9.876251220703125], "alexander-j-smola_1995": [73.06885528564453, 16.366811752319336], "alexander-j-smola_1996": [72.96549224853516, 13.454865455627441], "christopher-d-manning_2003": [-25.32954216003418, 17.489625930786133], "christopher-d-manning_2014": [-22.901113510131836, 23.86980628967285], "christopher-d-manning_2017": [-25.186485290527344, 8.408768653869629], "christopher-d-manning_2007": [-16.94350242614746, 21.061546325683594], "christopher-d-manning_2008": [-23.04258155822754, 24.430877685546875], "christopher-d-manning_2013": [-21.574337005615234, 23.439517974853516], "christopher-d-manning_2016": [-25.636394500732422, 9.018787384033203], "christopher-d-manning_2000": [-22.436843872070312, 9.354720115661621], "christopher-d-manning_2010": [-17.801475524902344, 22.293893814086914], "christopher-d-manning_2006": [-22.079578399658203, 18.845375061035156], "christopher-d-manning_2005": [-23.76341438293457, 18.85547637939453], "christopher-d-manning_2002": [-26.34776496887207, 16.834535598754883], "christopher-d-manning_2009": [-18.818639755249023, 22.637134552001953], "christopher-d-manning_1995": [-31.650876998901367, 15.978436470031738], "christopher-d-manning_2012": [-20.25861930847168, 22.999141693115234], "christopher-d-manning_1998": [-30.54045295715332, 17.533710479736328], "christopher-d-manning_2011": [-20.25792121887207, 22.042978286743164], "christopher-d-manning_1996": [-29.461456298828125, 14.537287712097168], "christopher-d-manning_2004": [-24.37364959716797, 18.48554229736328], "christopher-d-manning_2015": [-23.3002872467041, 22.07825469970703], "christopher-d-manning_2001": [-28.270814895629883, 16.30364418029785], "christopher-d-manning_1999": [-29.911319732666016, 16.255388259887695], "christopher-d-manning_2018": [-19.194503784179688, 5.258766174316406], "christopher-d-manning_1993": [-11.224844932556152, 17.305091857910156], "richard-socher_2014": [-9.5604248046875, 16.89900779724121], "richard-socher_2013": [-9.610129356384277, 18.296463012695312], "richard-socher_2012": [-7.954215049743652, 18.098453521728516], "richard-socher_2011": [-7.911288738250732, 15.986136436462402], "richard-socher_2016": [-19.80394744873047, 6.631808280944824], "richard-socher_2017": [-23.218093872070312, 7.7367682456970215], "richard-socher_2018": [-23.85564613342285, 7.341243743896484], "richard-socher_2009": [7.663940906524658, -26.363611221313477], "richard-socher_2010": [-7.070380687713623, 14.921612739562988], "richard-socher_2015": [-18.627531051635742, 7.7872161865234375], "andrew-y-ng_2010": [-2.444751024246216, 1.9189625978469849], "andrew-y-ng_2001": [-7.567708492279053, -1.3854010105133057], "andrew-y-ng_2012": [-2.959569215774536, -2.5894463062286377], "andrew-y-ng_1998": [4.1104888916015625, -16.413013458251953], "andrew-y-ng_2008": [-1.9685356616973877, 1.1015806198120117], "andrew-y-ng_2011": [-1.719675898551941, -1.9581990242004395], "andrew-y-ng_2009": [-0.2564859986305237, -1.5240753889083862], "andrew-y-ng_2013": [-9.481972694396973, 18.83405876159668], "andrew-y-ng_2004": [-6.336276531219482, -0.4596744477748871], "andrew-y-ng_1999": [8.638288497924805, -13.67817497253418], "andrew-y-ng_2000": [7.294554233551025, -14.597369194030762], "andrew-y-ng_2007": [-0.9530613422393799, 0.26554781198501587], "andrew-y-ng_2005": [-20.146560668945312, 26.678640365600586], "andrew-y-ng_2006": [0.24424518644809723, -1.340545892715454], "andrew-y-ng_2016": [-27.149484634399414, 7.247912406921387], "andrew-y-ng_2014": [-5.820090293884277, -0.0005193576216697693],