{"steve-blackburn_2004": [0.1427021741637703, -0.00919898694725878], "steve-blackburn_1999": [-0.017184396895702413, -0.015618561118059163], "steve-blackburn_2011": [0.03782890097018777, 0.02666005446513679], "steve-blackburn_2006": [0.1672770762816801, -0.0064646463853365605], "steve-blackburn_2000": [-0.0017517387545831539, -0.0114410272535629], "steve-blackburn_2015": [0.06710328765895623, 0.00649245322544718], "steve-blackburn_2005": [0.059873422210971056, -0.004248411411862757], "steve-blackburn_1998": [-0.0184643900252263, -0.010170507247671892], "steve-blackburn_2016": [0.06438505218630589, 0.01387134636153612], "steve-blackburn_1996": [-0.01794638044099667, 0.005271415148737534], "steve-blackburn_2001": [0.04537029774193865, -0.006012425109717119], "steve-blackburn_2018": [-0.019008749857194182, 0.00018424132869617965], "steve-blackburn_2010": [0.09154828324408736, 0.00751068936161726], "steve-blackburn_2012": [0.03423471104067194, 0.016280312827141822], "steve-blackburn_2013": [0.09325099440206604, 0.0262014399885028], "steve-blackburn_1997": [-0.018061980562570266, -0.015694780833953047], "steve-blackburn_2002": [0.17020343310732128, -0.009776190135321935], "steve-blackburn_2003": [0.11626810100781729, -0.005042237933906791], "steve-blackburn_2014": [0.10576869537159095, 0.04055901290205351], "steve-blackburn_2008": [0.03205936286116692, -0.0015623428364449972], "steve-blackburn_2009": [0.11478842361151267, 0.015834517968362275], "steve-blackburn_2007": [0.09246205254018491, -0.019248729384597613], "antony-l-hosking_2011": [0.03719880698509312, -0.0008193493636231384], "antony-l-hosking_2016": [0.016895018899301534, 0.0019977807802026713], "antony-l-hosking_2009": [-0.004851061765961993, 0.0002897975541629388], "antony-l-hosking_2007": [0.007041523257420769, -0.0036752508323684304], "antony-l-hosking_2006": [0.03862049024710746, -0.0031410046921280027], "antony-l-hosking_2004": [0.037755079267331064, -0.006409551157833836], "antony-l-hosking_1995": [0.02837544125560632, -0.03213146481929273], "antony-l-hosking_2015": [0.05232804771694746, 0.004781960692993447], "antony-l-hosking_1999": [0.04508906266603419, -0.01908322215822326], "antony-l-hosking_2014": [0.007809163497943659, 0.0016658663772617256], "antony-l-hosking_2005": [0.04803707008800039, -0.00202113862909995], "antony-l-hosking_1990": [0.01915795572731802, -0.009166404833916465], "antony-l-hosking_2003": [-0.01577324309819039, 8.10659309410088e-05], "antony-l-hosking_2001": [0.09563764458461516, -0.012694210872116522], "antony-l-hosking_2018": [-0.019008749857194182, 0.00018424132869617965], "antony-l-hosking_2000": [0.010147594402962, -0.004073095790230224], "antony-l-hosking_1993": [0.009747253962546344, -0.01229771825229379], "antony-l-hosking_2012": [0.03304338128146379, -0.0023910097791253215], "antony-l-hosking_1991": [-0.0007601084132843045, -0.00845705246071183], "antony-l-hosking_1998": [0.006598586824394336, -0.009998407774317448], "antony-l-hosking_1992": [0.026695470537688944, -0.002181732653073946], "antony-l-hosking_2013": [-0.019008749857194182, 0.00018424132869617965], "antony-l-hosking_1997": [0.05934458213595513, -0.012690087883322607], "antony-l-hosking_2010": [0.046838234844765174, -0.0011424383544347166], "antony-l-hosking_1994": [0.049066243021389365, -0.012949064704773229], "antony-l-hosking_2008": [-0.019008749857194182, 0.00018424132869617965], "antony-l-hosking_1996": [0.021627953330995875, -0.01354965791319837], "antony-l-hosking_2017": [0.12457669699913769, -0.0003618430551902337], "kathryn-mckinley_2009": [0.005842982431122745, 0.0023776754398312314], "kathryn-mckinley_2004": [0.01316120421980902, 0.006734481178557726], "kathryn-mckinley_1994": [-0.006173555117110421, 0.000909960581364582], "kathryn-mckinley_1998": [0.01379189094912231, 0.000759920381384154], "kathryn-mckinley_1990": [-0.018257342995113345, -2.681204366428209e-05], "kathryn-mckinley_1995": [-0.014541418306562187, 0.001600586089742701], "kathryn-mckinley_2006": [0.005598497487678488, 0.005800553990043871], "kathryn-mckinley_2015": [-0.004554198063439504, 0.004258823855317206], "kathryn-mckinley_1991": [0.006855817492455889, 0.0003677319762302746], "kathryn-mckinley_2013": [-0.008187714490711, 0.00274219468840195], "kathryn-mckinley_2007": [0.004742363592383638, 0.00031626641068801777], "kathryn-mckinley_2016": [-0.006246151490073483, 0.00996360214462515], "kathryn-mckinley_2011": [-0.004755418390748618, 0.00448925286137533], "kathryn-mckinley_2000": [-0.008297799023805844, -8.45474531874425e-05], "kathryn-mckinley_2018": [-0.019008749857194182, 0.00018424132869617965], "kathryn-mckinley_2008": [0.010253664686335684, 0.00551978975032923], "kathryn-mckinley_2003": [0.002592144495910659, 0.004574202406533485], "kathryn-mckinley_1997": [-0.013423268847991105, 0.0002006455220276826], "kathryn-mckinley_2010": [0.009351482879410719, 0.000631455780010084], "kathryn-mckinley_1996": [-0.005201515599329795, 0.0031479551796842983], "kathryn-mckinley_2005": [-0.005309103966038778, 0.008343991442328577], "kathryn-mckinley_1992": [-0.01005692721588652, 0.0026591802434679282], "kathryn-mckinley_1993": [-0.0030215729191981743, 0.0007164603884531425], "kathryn-mckinley_2012": [-0.0023685838837706977, 0.008502827561925247], "kathryn-mckinley_2002": [0.017389818256386847, 0.003726669783328455], "kathryn-mckinley_2001": [0.003919130143807779, 0.002388422342328527], "kathryn-mckinley_2017": [0.003580209047985971, 0.007275692254949241], "kathryn-mckinley_1999": [0.0016188951948501557, 0.00409024773750088], "kathryn-mckinley_2014": [0.003325338240856205, 0.005231525090519639], "kathryn-mckinley_1989": [-0.010102120641861842, -0.0007373699846511926], "POPL_1993": [-0.018608077338906372, 0.00013186539816051348], "POPL_2017": [-0.01784987770909381, 0.00011738479525032401], "POPL_1980": [-0.018876090139414294, 0.00019138547428993493], "POPL_2001": [-0.018770249798981863, 0.00013721167316677272], "POPL_2016": [-0.017848820027128478, 0.00013294390695613712], "POPL_2005": [-0.018320121643912668, 0.000113568137243572], "POPL_1996": [-0.01866061886694456, 0.00014492777145793135], "POPL_1988": [-0.01876978003801307, 0.00014187249556338303], "POPL_2006": [-0.018279303941628813, 0.00015744831512338003], "POPL_2007": [-0.01845048283521913, 0.0001376172606832478], "POPL_1991": [-0.018800843185501605, 0.0001535121898451514], "POPL_1977": [-0.018803541646118006, 0.00018887562490776222], "POPL_1982": [-0.018856004990119666, 0.0001638668894621347], "POPL_2004": [-0.018395785863830765, 0.00010932302809154745], "POPL_1989": [-0.01891128800104361, 0.00015208557599706598], "POPL_1981": [-0.01896547191785189, 0.0001790234836461234], "POPL_2000": [-0.018756679781991904, 0.0001348562634091686], "POPL_2013": [-0.018454845391118663, 0.00014010361324352918], "POPL_1987": [-0.018903603937115543, 0.00015333321861347578], "POPL_1986": [-0.018789766235553555, 0.00016988564927395862], "POPL_1973": [-0.018924351461419773, 0.00020843274053561364], "POPL_1978": [-0.018830153166370506, 0.0001968059623429185], "POPL_1995": [-0.018669988368542074, 0.00016506692230318227], "POPL_1985": [-0.01887504331321732, 0.00015136105819730592], "POPL_1976": [-0.01876252391217554, 0.00017682156767147278], "POPL_2009": [-0.018350076445982275, 0.00013232455712969564], "POPL_1984": [-0.018846233620256773, 0.0001633762949722917], "POPL_2012": [-0.01824959417622883, 0.00013680171553413577], "POPL_2010": [-0.01823983900891899, 0.0001106360119198097], "POPL_1999": [-0.018437156440542345, 9.086754717813007e-05], "POPL_2014": [-0.018269319553666608, 0.0001394000654676084], "POPL_1983": [-0.018914491136501593, 0.0001690672875093159], "POPL_1975": [-0.018935467294740677, 0.00018715279141781217], "POPL_2002": [-0.018313253149618073, 7.730212383132277e-05], "POPL_2003": [-0.018490470340020583, 0.00012134583593559368], "POPL_2011": [-0.018291254986335596, 0.00014701471686941287], "POPL_2008": [-0.018441450915944676, 0.00013012230364861438],