{"cheng-soon-ong_2007": [0.1498955928912604, 0.3374297858217363], "cheng-soon-ong_2015": [0.037913997541523345, 0.14447423698611356], "cheng-soon-ong_2016": [0.279339946602905, 0.6562713548695492], "cheng-soon-ong_2008": [0.19051384495429505, 0.33752970923001774], "cheng-soon-ong_2005": [0.13379613573418597, 0.20278086503799136], "cheng-soon-ong_2009": [0.21826557458328388, 0.17374526222190104], "cheng-soon-ong_2014": [1.5132878236497185, -0.3595010835389805], "cheng-soon-ong_2017": [-0.003630972334745096, 0.04680143253954906], "cheng-soon-ong_2006": [0.23196335866582288, 0.39394630874347314], "cheng-soon-ong_2003": [0.016013896390392968, 0.13973548530497132], "cheng-soon-ong_2004": [-0.010713268714157637, 0.002001806797331306], "robert-c-williamson_2014": [0.004446457855509139, 0.050335763667904994], "robert-c-williamson_2007": [-0.010573266014511534, -0.007961223434911], "robert-c-williamson_2002": [-0.0031133782909834673, 0.04399379677131951], "robert-c-williamson_1998": [-0.011034471062780465, 0.004714854737303123], "robert-c-williamson_1999": [-0.009041588904443334, 0.0019448061082737791], "robert-c-williamson_2001": [-0.010347209856971948, 0.007477933613414099], "robert-c-williamson_2006": [-0.011511396704950211, -0.001434453716182858], "robert-c-williamson_1996": [-0.013108907093435509, -0.00699094028438196], "robert-c-williamson_1988": [-0.016024253914888542, -0.025488327582294062], "robert-c-williamson_2011": [0.008331829089367894, 0.08835239654764923], "robert-c-williamson_2003": [-0.010728934324245426, 0.005077629303092965], "robert-c-williamson_1994": [-0.01430186570281284, -0.014383228987368771], "robert-c-williamson_1993": [-0.0158577831523816, -0.02450115578732989], "robert-c-williamson_2000": [-0.00860552838205967, 0.0028928033207724557], "robert-c-williamson_1992": [-0.01565292426742946, -0.02271174397745966], "robert-c-williamson_1991": [-0.015047511916713475, -0.018559030134087304], "robert-c-williamson_2015": [0.01077950129933111, 0.1011999799637254], "robert-c-williamson_2010": [-0.00892690987790839, 0.011962396421764944], "robert-c-williamson_1995": [-0.010049494813176095, -0.0014893591279780535], "robert-c-williamson_2018": [-0.015310087422419533, -0.02152498701252739], "robert-c-williamson_2005": [-0.009247827998329364, 0.009321314509780947], "robert-c-williamson_2016": [0.011536331237824115, 0.10700759430037057], "robert-c-williamson_1997": [-0.009031743197477213, -0.006943192862847576], "robert-c-williamson_1990": [-0.01555624295249686, -0.02253223167326185], "robert-c-williamson_2017": [-0.008527355313826163, 0.002190177432334772], "robert-c-williamson_2009": [-0.01365515925907774, -0.012098113443855509], "robert-c-williamson_2008": [-0.015651130221994915, -0.022765525092861175], "robert-c-williamson_2012": [-0.004411044966641973, 0.037731505333698956], "robert-c-williamson_1985": [-0.016023970836450623, -0.025547785430964153], "robert-c-williamson_1987": [-0.016023970836450623, -0.025547785430964153], "robert-c-williamson_2004": [-0.009379847519397683, 0.009820662486239853], "alexander-j-smola_1998": [-0.010400725724328477, 0.0054662626553647654], "alexander-j-smola_2007": [0.03352661966878914, 0.12905102345396474], "alexander-j-smola_2005": [0.012928148297080746, 0.06661427056876093], "alexander-j-smola_1999": [-0.007909201302380507, 0.015348393941747512], "alexander-j-smola_2010": [0.02012510323651919, 0.12072995552936742], "alexander-j-smola_2004": [-0.0028564169124336387, 0.04459933007259351], "alexander-j-smola_2018": [-0.010722942432025241, 0.0048784643813258], "alexander-j-smola_2003": [0.005486343152202977, 0.06890431673360677], "alexander-j-smola_2006": [0.005605209462118496, 0.06663871026669796], "alexander-j-smola_2016": [0.007097708951622586, 0.10046972314459555], "alexander-j-smola_2000": [-0.0026267794941123414, 0.03413737884076721], "alexander-j-smola_1992": [-0.016023970836450623, -0.025547785430964153], "alexander-j-smola_2001": [-0.010886335392181375, 0.002589554104291837], "alexander-j-smola_2008": [0.007853390719913391, 0.09758674388043517], "alexander-j-smola_2017": [-0.0029457553538929453, 0.035997602397544154], "alexander-j-smola_2009": [0.015773040208358076, 0.09083862676059917], "alexander-j-smola_2013": [-0.00650111995864065, 0.02670560115908429], "alexander-j-smola_2014": [0.006532074969606387, 0.07292280738932805], "alexander-j-smola_2012": [0.026102112341593504, 0.1097401725097333], "alexander-j-smola_2015": [0.014899757237002955, 0.12890800296312], "alexander-j-smola_2011": [-0.006601526674463494, 0.021580242694365558], "alexander-j-smola_2002": [-0.00848078580023141, 0.013902985227110594], "alexander-j-smola_1997": [-0.015241039808267371, -0.020996113091173985], "alexander-j-smola_1995": [-0.016023970836450623, -0.025547785430964153], "alexander-j-smola_1996": [-0.016023970836450623, -0.025547785430964153], "ICWSM_2007": [-0.013576627495396981, -0.015973822681648014], "ICWSM_2008": [-0.013082257146664052, -0.02102709054469367], "ICWSM_2017": [-0.0067662681769376145, -0.008743365888354762], "ICWSM_2015": [-0.007510942555207365, -0.012212500718255165], "ICWSM_2012": [0.005062459793337255, -0.0024813242220943373], "ICWSM_2010": [-0.007937758004014398, -0.015782084963705555], "ICWSM_2011": [0.002338298938478669, 0.004822827074006144], "ICWSM_2014": [-0.0016551617098274677, -0.0019593932115114024], "ICWSM_2013": [0.004723125514164337, 0.000460718121935797], "ICWSM_2009": [-0.005706098985654809, -0.012948720975902155], "ICWSM_2016": [-0.00746204917995372, -0.009057881318305221], "ICWSM_2006": [-0.01574325904412838, -0.025267170672473468], "WSDM_2011": [-0.0021678868284857747, 0.036397213545591514], "WSDM_2016": [0.00137298324965601, 0.03764807247520624], "WSDM_2009": [-0.010321238561136096, -0.002175410130936036], "WSDM_2018": [0.008207343913533597, 0.05734897794170302], "WSDM_2012": [-0.003074813972538372, 0.022328554619867175], "WSDM_2017": [0.006434256559717277, 0.053287283184359345], "WSDM_2014": [-0.00024711551123208326, 0.039012539306177846], "WSDM_2010": [-0.010646341730946737, 0.004493919351214098], "WSDM_2013": [0.005985621135674523, 0.03193157299116576], "WSDM_2015": [-0.0037453115676136456, 0.015877865519909207], "WSDM_2008": [-0.01014916002313499, -0.010791473294341318], "CIKM_2008": [-0.014877687777051386, -0.02255197389827615], "CIKM_2012": [-0.013967102655838556, -0.01741702994596741], "CIKM_2009": [-0.014834867621366647, -0.02100651039555898], "CIKM_2006": [-0.015435297218603605, -0.024232491030174542], "CIKM_2005": [-0.01577249059761848, -0.024335425392619528], "CIKM_2013": [-0.014514895670814185, -0.017982850354218666], "CIKM_2011": [-0.0147249651159685, -0.020668284244820503], "CIKM_2015": [-0.013919185736795285, -0.018242288392544898], "CIKM_2003": [-0.01586151243336589, -0.02506254035890823], "CIKM_2010": [-0.014550173563001458, -0.020086395653159977], "CIKM_2002": [-0.015852748975767748, -0.024761414819652716], "CIKM_1994": [-0.01601485048030057, -0.025478486345567906], "CIKM_2007": [-0.015709357769640372, -0.023635568343990512], "CIKM_2017": [-0.013734019441854546, -0.017963520103953468], "CIKM_2016": [-0.014492126712155672, -0.01916780628728036], "CIKM_2014": [-0.014677696632814218, -0.01919779775023684], "CIKM_1993": [-0.015999757700608894, -0.025391970373798405], "CIKM_1995": [-0.015939008570252804, -0.02536946548883065], "CIKM_2004": [-0.015800244678310132, -0.024325024011788966], "CIKM_2001": [-0.015923438897190702, -0.024955326577360954], "CIKM_2000": [-0.01593538638861941, -0.024966211428549108], "CIKM_1997": [-0.016016131836302905, -0.025483466101193956], "CIKM_1999": [-0.01598586712675485, -0.025262669371938933], "CIKM_1998": [-0.015976015359474346, -0.025263428472278242], "CIKM_1992": [-0.01602239183855397, -0.025534779105450208], "CIKM_1996": [-0.016012774196514368, -0.025470125097903116], "ICML_2005": [-0.014665706991509632, -0.02061589200741245], "ICML_2010": [-0.0148085552186859, -0.02026882280083603],