{"steve-blackburn_2004": [0.8626736732812347, -0.0779314821788596], "steve-blackburn_1999": [-0.09654766694809562, -0.02573151150726991], "steve-blackburn_2011": [0.1850482838967531, 0.14425874000830083], "steve-blackburn_2006": [0.2658700115408904, -0.02554578516815264], "steve-blackburn_2000": [0.03654274855245685, -0.05302793269895735], "steve-blackburn_2015": [0.2389409823228299, 0.02256612285518285], "steve-blackburn_2005": [0.1318082288900368, -0.02870221818074809], "steve-blackburn_1998": [-0.10201295568732231, -0.013643731717231834], "steve-blackburn_2016": [0.314206856140963, 0.0718213275026432], "steve-blackburn_1996": [-0.10208307804667568, 0.003636611893289526], "steve-blackburn_2001": [0.08957258971038869, -0.0351439708609411], "steve-blackburn_2018": [-0.10358862576619493, -0.004479072366043802], "steve-blackburn_2010": [0.11768142603682756, 0.0035017890885439217], "steve-blackburn_2012": [0.4342921743393794, 0.16761857321775742], "steve-blackburn_2013": [0.12204294431954313, 0.04124520989769894], "steve-blackburn_1997": [-0.10132070477019235, -0.013640799063373583], "steve-blackburn_2002": [0.4616541502176062, -0.06362473130107367], "steve-blackburn_2003": [0.30173558356788543, -0.053197170697196886], "steve-blackburn_2014": [0.27408550563578377, 0.11367455480418104], "steve-blackburn_2008": [0.04980061364955005, -0.024661512996476627], "steve-blackburn_2009": [0.16294894967996307, 0.023569381450000454], "steve-blackburn_2007": [0.22841059498203467, -0.0449087784441963], "antony-l-hosking_2011": [1.1442268064330177, -0.16311799222826712], "antony-l-hosking_2016": [0.07582530840119998, 0.007882835161764069], "antony-l-hosking_2009": [-0.01646541903418801, -0.014965107320173858], "antony-l-hosking_2007": [0.0009924058549786487, -0.0044401079957495666], "antony-l-hosking_2006": [0.4732856496427818, -0.03558148229448322], "antony-l-hosking_2004": [0.4634817774661541, -0.044481542940783464], "antony-l-hosking_1995": [-0.009074958717649932, -0.030575723923295963], "antony-l-hosking_2015": [0.3245314858618598, 0.012514294000077971], "antony-l-hosking_1999": [0.40737191188226324, -0.10473433319224107], "antony-l-hosking_2014": [-0.07676801213497943, -0.0032136583799549394], "antony-l-hosking_2005": [0.09867116384514875, 0.0005831780062480209], "antony-l-hosking_1990": [0.009880480015030202, -0.018721151214312552], "antony-l-hosking_2003": [-0.09332653695491015, -0.005597855455331909], "antony-l-hosking_2001": [0.23764966137135038, -0.0399615448735165], "antony-l-hosking_2018": [-0.10358862576619493, -0.004479072366043802], "antony-l-hosking_2000": [0.04178579505097839, -0.022873196033155997], "antony-l-hosking_1993": [-0.046203997359606494, -0.017090590005039912], "antony-l-hosking_2012": [8.923798127423068e-08, -0.011456126735406837], "antony-l-hosking_1991": [-0.08561225970038068, -0.007561226661275457], "antony-l-hosking_1998": [-0.02706137755864998, -0.02425666352953128], "antony-l-hosking_1992": [-0.0579586348826189, -0.01016554967765928], "antony-l-hosking_2013": [-0.10358862576619493, -0.004479072366043802], "antony-l-hosking_1997": [-0.025840306389322148, -0.013069409562774767], "antony-l-hosking_2010": [0.09471496144134862, -0.025734752907035387], "antony-l-hosking_1994": [0.03200445624199042, -0.01796843486683802], "antony-l-hosking_2008": [-0.10358862576619493, -0.004479072366043802], "antony-l-hosking_1996": [-0.023014684811402918, -0.019324515962922704], "antony-l-hosking_2017": [0.039145215865344425, -0.009578767391371512], "kathryn-mckinley_2009": [0.14511269478099573, 0.01810754359263467], "kathryn-mckinley_2004": [0.44728274276149144, 0.1445429544621174], "kathryn-mckinley_1994": [-0.06518988229922305, -0.0001997447464386813], "kathryn-mckinley_1998": [0.02703900026506286, -0.0008094921898443131], "kathryn-mckinley_1990": [-0.10152870693840847, -0.005024019731529819], "kathryn-mckinley_1995": [-0.08999296071555365, 0.0005670096150454632], "kathryn-mckinley_2006": [0.29294208054637755, 0.11168186638621279], "kathryn-mckinley_2015": [0.08576952775270062, 0.061438055742836555], "kathryn-mckinley_1991": [-0.0006557707104516697, 0.0019982399361684958], "kathryn-mckinley_2013": [0.060307780207408686, 0.0355505154065153], "kathryn-mckinley_2007": [0.20521654128682715, 0.0012331959338237261], "kathryn-mckinley_2016": [0.001116133596382785, 0.09306363714551716], "kathryn-mckinley_2011": [0.08416579840210879, 0.06145584291203162], "kathryn-mckinley_2000": [0.0039454242389715555, 0.0024248669311876304], "kathryn-mckinley_2018": [-0.10358862576619493, -0.004479072366043802], "kathryn-mckinley_2008": [0.36984323882483133, 0.10309416725667385], "kathryn-mckinley_2003": [0.07101155985619662, 0.04043178353402542], "kathryn-mckinley_1997": [-0.08668655785390791, -0.006401497463239801], "kathryn-mckinley_2010": [0.20813017498665887, -0.00391125173767177], "kathryn-mckinley_1996": [0.007330774467162553, 0.028596133454114728], "kathryn-mckinley_2005": [0.03582967157872157, 0.10245997191270709], "kathryn-mckinley_1992": [-0.08561661114361746, 0.000477550900557019], "kathryn-mckinley_1993": [-0.05582337710898344, -0.00018771437841718418], "kathryn-mckinley_2012": [0.06645516853141015, 0.09984996375655018], "kathryn-mckinley_2002": [0.2989231458358586, 0.051318419704199515], "kathryn-mckinley_2001": [0.057081704856019565, 0.014398492361654826], "kathryn-mckinley_2017": [0.03364179662964609, 0.04694601496561041], "kathryn-mckinley_1999": [0.021225017526686617, 0.029607281754175572], "kathryn-mckinley_2014": [0.14349239869896557, 0.05954791815228607], "kathryn-mckinley_1989": [-0.09475728462207994, -0.004201151600422859], "POPL_1993": [-0.08688937670644181, -0.006909665069631285], "POPL_2017": [0.052908445870029734, -0.013936461243900663], "POPL_1980": [-0.10023446503178808, -0.0058918988943118455], "POPL_2001": [-0.09698614629644375, -0.005437290953488299], "POPL_2016": [-0.02912930661644036, -0.008503839690265193], "POPL_2005": [-0.08137304613864113, -0.005972732109427756], "POPL_1996": [-0.0913936318332858, -0.006502939139796609], "POPL_1988": [-0.09698685993577257, -0.005699712679676657], "POPL_2006": [-0.07624037580205198, -0.004392788208250527], "POPL_2007": [-0.08033923267600523, -0.006184048846793486], "POPL_1991": [-0.0968511440953031, -0.006277582356455307], "POPL_1977": [-0.0986444796867139, -0.005796002247094218], "POPL_1982": [-0.09784459406297877, -0.005563162894188204], "POPL_2004": [-0.08435170766920848, -0.006688982678082429], "POPL_1989": [-0.09768231881841678, -0.00663309256966497], "POPL_1981": [-0.10250572342662284, -0.005279216759424391], "POPL_2000": [-0.09541152379417277, -0.0058714992314976185], "POPL_2013": [-0.07410534971428832, -0.007325139584406994], "POPL_1987": [-0.10054532725681503, -0.005757557572646501], "POPL_1986": [-0.09702181690595496, -0.005673741043001941], "POPL_1973": [-0.1016704073389607, -0.005534582251923889], "POPL_1978": [-0.09873030090956479, -0.005731325766940262], "POPL_1995": [-0.09109623075288659, -0.005353219041617644], "POPL_1985": [-0.09960148689656739, -0.006557459912437043], "POPL_1976": [-0.0986689414758624, -0.0054052644952756156], "POPL_2009": [-0.0750891294273891, -0.006861825247092248], "POPL_1984": [-0.0983187322408182, -0.005949398942478585], "POPL_2012": [-0.06400105226590652, -0.006793593821059553], "POPL_2010": [-0.06795464247464604, -0.007398704525822462], "POPL_1999": [-0.08929715982202845, -0.006734664504346962], "POPL_2014": [-0.059682811066424, -0.006572588577833018], "POPL_1983": [-0.10092155638700341, -0.005744588523573807], "POPL_1975": [-0.10187084937248352, -0.004914787084466509], "POPL_2002": [-0.08198544617270313, -0.007187996558361989], "POPL_2003": [-0.09004449162182886, -0.005982587710461252], "POPL_2011": [-0.061806424827020714, -0.005941576733748299], "POPL_2008": [-0.08116956632888901, -0.005853308312810302], "POPL_1994": [-0.09366048201769109, -0.00621544058461704], "POPL_1992": [-0.09605342600882513, -0.005490130366669971],