{"cheng-soon-ong_2007": [0.01588252318710826, 0.07095090507390028], "cheng-soon-ong_2015": [0.00917977234935127, 0.05973129389728385], "cheng-soon-ong_2016": [0.01800736017614663, 0.0575111434588456], "cheng-soon-ong_2008": [0.064983559874304, 0.24885142874238997], "cheng-soon-ong_2005": [0.05215181223560395, 0.11722039860471077], "cheng-soon-ong_2009": [0.058017287457160616, 0.09730257115175395], "cheng-soon-ong_2014": [0.7781147154790238, -0.0477126685384392], "cheng-soon-ong_2017": [-0.004013265252719556, 0.005590265786338772], "cheng-soon-ong_2006": [0.02926938293072658, 0.10206134006667628], "cheng-soon-ong_2003": [-0.0011427223174793198, 0.064531247488954], "cheng-soon-ong_2004": [-0.0032765890729757885, 0.01970448080053567], "robert-c-williamson_2014": [-0.0033001557277988766, 0.0022936620026182525], "robert-c-williamson_2007": [-0.0018457074919968274, 0.009193010148012255], "robert-c-williamson_2002": [-0.00421798056530677, -9.443545232302254e-05], "robert-c-williamson_1998": [-0.004324034281429712, -0.0021364289479038714], "robert-c-williamson_1999": [-0.004251035668793904, -0.0034448252967106876], "robert-c-williamson_2001": [-0.004320157982736805, -0.0022459934543749816], "robert-c-williamson_2006": [-0.00396579593113596, 0.005450630784254972], "robert-c-williamson_1996": [-0.004373371840167806, -0.0034290461231490433], "robert-c-williamson_1988": [-0.004419926623369139, -0.004505013678845677], "robert-c-williamson_2011": [-0.0030312618455653, 0.011800187578536674], "robert-c-williamson_2003": [-0.004349352500198226, -0.0028545478360730396], "robert-c-williamson_1994": [-0.00437024035443737, -0.0032538339522456255], "robert-c-williamson_1993": [-0.0044138714499793565, -0.004392110527703801], "robert-c-williamson_2000": [-0.004144359501674163, -0.00272720450627521], "robert-c-williamson_1992": [-0.004421757773111589, -0.004349682273687735], "robert-c-williamson_1991": [-0.0043958311798878895, -0.00392027034849922], "robert-c-williamson_2015": [-0.003499406329544514, 0.0068687107001793625], "robert-c-williamson_2010": [-0.0037752880351527656, 0.009536257301164523], "robert-c-williamson_1995": [-0.004171734442317136, -0.0027658520776604745], "robert-c-williamson_2018": [-0.004395193530897932, -0.00400593656283406], "robert-c-williamson_2005": [-0.003954888678151691, 0.005082613216203902], "robert-c-williamson_2016": [-0.0021632396324269723, 0.0275464214233921], "robert-c-williamson_1997": [-0.0037845188843862727, -0.0024114808805224238], "robert-c-williamson_1990": [-0.004404420297376884, -0.0039765833275557825], "robert-c-williamson_2017": [-0.003395498925470904, -0.0005615025373023813], "robert-c-williamson_2009": [-0.004312784069372134, -0.0019005489220334237], "robert-c-williamson_2008": [-0.0044203814034363105, -0.004223454541504745], "robert-c-williamson_2012": [-0.004067317568150851, 0.0035129787334480934], "robert-c-williamson_1985": [-0.004417033712633767, -0.004511344132079397], "robert-c-williamson_1987": [-0.004417033712633767, -0.004511344132079397], "robert-c-williamson_2004": [-0.00312437756273557, 0.024050166565447825], "alexander-j-smola_1998": [-0.00434241982047584, -0.0028370829995880325], "alexander-j-smola_2007": [-0.0035756224909197017, -0.0002655733981529832], "alexander-j-smola_2005": [-0.003648661213629659, -0.00041832743672592855], "alexander-j-smola_1999": [-0.004287352305566507, -0.002434017339404713], "alexander-j-smola_2010": [-0.0037638387053276086, 0.0008826594282066239], "alexander-j-smola_2004": [-0.004133266314089989, 0.0016746117644127118], "alexander-j-smola_2018": [-0.004307880917431391, -0.0018898987378114266], "alexander-j-smola_2003": [-0.00404477218069967, -0.00034030505368293126], "alexander-j-smola_2006": [-0.003933583606655598, 0.0005830392462091793], "alexander-j-smola_2016": [-0.004230441115791649, -0.0010326834524161214], "alexander-j-smola_2000": [-0.004289462647994178, -0.0032315263092618013], "alexander-j-smola_1992": [-0.004417033712633767, -0.004511344132079397], "alexander-j-smola_2001": [-0.004362751087403102, -0.003307019628368599], "alexander-j-smola_2008": [-0.004093754419953448, 0.001808746083314316], "alexander-j-smola_2017": [-0.004202796497637659, -0.002338547847324398], "alexander-j-smola_2009": [-0.0036958644271978176, 0.0003197324886164411], "alexander-j-smola_2013": [-0.004228010764487956, -0.0008106135150005814], "alexander-j-smola_2014": [-0.003839581489299375, 0.0005731527736629933], "alexander-j-smola_2012": [-0.002793448778173257, 0.0033584990385930216], "alexander-j-smola_2015": [-0.004056934181042572, 0.00047029411769225244], "alexander-j-smola_2011": [-0.004134434701792333, -0.00024928760443505404], "alexander-j-smola_2002": [-0.004287370729564001, -0.0017254385103844404], "alexander-j-smola_1997": [-0.004392765216249575, -0.003942653071670262], "alexander-j-smola_1995": [-0.004417033712633767, -0.004511344132079397], "alexander-j-smola_1996": [-0.004417033712633767, -0.004511344132079397], "ICWSM_2007": [-0.004400147997895027, -0.004436408252857728], "ICWSM_2008": [-0.004374398761722792, -0.004464130862459725], "ICWSM_2017": [-0.004357921174830704, -0.004449163880139894], "ICWSM_2015": [-0.004312606927772408, -0.004427154157203978], "ICWSM_2012": [-0.00428279035782316, -0.004419496952091291], "ICWSM_2010": [-0.004326469089032515, -0.004431055154982328], "ICWSM_2011": [-0.004311556587502138, -0.004376717078982574], "ICWSM_2014": [-0.004279143247604953, -0.004383857003066648], "ICWSM_2013": [-0.004270875745094098, -0.004410103973566625], "ICWSM_2009": [-0.004306044064929474, -0.004417387234758251], "ICWSM_2016": [-0.004353640068964541, -0.004440281254933656], "ICWSM_2006": [-0.004333994268170562, -0.004487136391082412], "WSDM_2011": [-0.004357568734661841, -0.004121579894680394], "WSDM_2016": [-0.004326377152137261, -0.004131337836786998], "WSDM_2009": [-0.004363219147631059, -0.004226443973579954], "WSDM_2018": [-0.0043148726333044965, -0.004151260114271652], "WSDM_2012": [-0.004341387265733514, -0.004223097346838386], "WSDM_2017": [-0.004307337512729545, -0.004102720837133617], "WSDM_2014": [-0.004334525200923644, -0.0040318676024408435], "WSDM_2010": [-0.00438655507278243, -0.004155830071238104], "WSDM_2013": [-0.004271229551672258, -0.00416692968447938], "WSDM_2015": [-0.004316311409305459, -0.0041082517552422804], "WSDM_2008": [-0.0042777506621024235, -0.004227026484016744], "CIKM_2008": [-0.0044144975275267895, -0.004503662266167964], "CIKM_2012": [-0.004415181586861563, -0.004500750268955703], "CIKM_2009": [-0.004415628696836426, -0.00450493255123039], "CIKM_2006": [-0.0044142317339809015, -0.004504303232060233], "CIKM_2005": [-0.004416524413368224, -0.004506731855205787], "CIKM_2013": [-0.004416065463226974, -0.004501270965969041], "CIKM_2011": [-0.004415686818639021, -0.004504737521892599], "CIKM_2015": [-0.004413736059821748, -0.004496536516722005], "CIKM_2003": [-0.004415995980493571, -0.004507604604399945], "CIKM_2010": [-0.004415242396313018, -0.004502589702733881], "CIKM_2002": [-0.004416390501932671, -0.004506735593024115], "CIKM_1994": [-0.004417026718631667, -0.004511097680931543], "CIKM_2007": [-0.004416697716178705, -0.004503861920997778], "CIKM_2017": [-0.004413614979091372, -0.004498893187484312], "CIKM_2016": [-0.004415319255960732, -0.00450198952359797], "CIKM_2014": [-0.004415545762789909, -0.004499284030966645], "CIKM_1993": [-0.00441699641698174, -0.004510500062539087], "CIKM_1995": [-0.004416154205414251, -0.004510419937393824], "CIKM_2004": [-0.0044165300969917914, -0.004503298188761781], "CIKM_2001": [-0.004416833570187171, -0.004507130213713306], "CIKM_2000": [-0.004416823981883314, -0.004506644085174344], "CIKM_1997": [-0.004417025540706993, -0.004511038856128635], "CIKM_1999": [-0.004416968834078005, -0.0045098228316626165], "CIKM_1998": [-0.004416872598284137, -0.004507876702290534], "CIKM_1992": [-0.004417032035977125, -0.0045112818580256885], "CIKM_1996": [-0.004417009865570836, -0.004510725067324125],