{"cheng-soon-ong_2007": [13.515645980834961, 20.267301559448242], "cheng-soon-ong_2015": [10.090673446655273, 21.902645111083984], "cheng-soon-ong_2016": [9.148364067077637, 21.592876434326172], "cheng-soon-ong_2008": [14.504043579101562, 21.147964477539062], "cheng-soon-ong_2005": [12.02220630645752, 21.297969818115234], "cheng-soon-ong_2009": [15.043521881103516, 19.60634422302246], "cheng-soon-ong_2014": [15.739204406738281, 19.24989128112793], "cheng-soon-ong_2017": [10.6782808303833, 9.044933319091797], "cheng-soon-ong_2006": [14.119621276855469, 20.29557991027832], "cheng-soon-ong_2003": [11.232415199279785, 20.816932678222656], "cheng-soon-ong_2004": [12.709147453308105, 15.99841022491455], "robert-c-williamson_2014": [8.279541015625, 18.09602928161621], "robert-c-williamson_2007": [11.404232025146484, 17.56975555419922], "robert-c-williamson_2002": [6.790931224822998, 15.287090301513672], "robert-c-williamson_1998": [3.634192705154419, 15.087011337280273], "robert-c-williamson_1999": [2.950444459915161, 12.7904634475708], "robert-c-williamson_2001": [3.566373109817505, 13.496399879455566], "robert-c-williamson_2006": [6.7218241691589355, 16.181846618652344], "robert-c-williamson_1996": [2.725982904434204, 13.681352615356445], "robert-c-williamson_1988": [-4.023819923400879, -5.003516674041748], "robert-c-williamson_2011": [8.401979446411133, 19.925514221191406], "robert-c-williamson_2003": [0.8309043645858765, 12.162439346313477], "robert-c-williamson_1994": [2.5613603591918945, 14.634875297546387], "robert-c-williamson_1993": [-4.650493621826172, 0.08401503413915634], "robert-c-williamson_2000": [2.618535041809082, 12.374191284179688], "robert-c-williamson_1992": [0.21875175833702087, 11.523473739624023], "robert-c-williamson_1991": [15.68056869506836, 13.00082015991211], "robert-c-williamson_2015": [8.582496643066406, 18.794376373291016], "robert-c-williamson_2010": [9.556824684143066, 18.664813995361328], "robert-c-williamson_1995": [3.9562182426452637, 11.256757736206055], "robert-c-williamson_2018": [2.4916975498199463, 1.3642399311065674], "robert-c-williamson_2005": [10.624265670776367, 16.959413528442383], "robert-c-williamson_2016": [9.30583381652832, 20.90367317199707], "robert-c-williamson_1997": [4.001533031463623, 10.742100715637207], "robert-c-williamson_1990": [16.18186378479004, 12.958319664001465], "robert-c-williamson_2017": [11.16805648803711, 9.49342155456543], "robert-c-williamson_2009": [-1.0432898998260498, 13.367932319641113], "robert-c-williamson_2008": [-0.9828323125839233, 13.296782493591309], "robert-c-williamson_2012": [7.811652660369873, 19.00187110900879], "robert-c-williamson_1985": [-10.333529472351074, -13.593703269958496], "robert-c-williamson_1987": [-9.895259857177734, -12.859519958496094], "robert-c-williamson_2004": [10.6320219039917, 19.851470947265625], "alexander-j-smola_1998": [6.528578281402588, 12.911895751953125], "alexander-j-smola_2007": [9.393332481384277, 13.912811279296875], "alexander-j-smola_2005": [8.780414581298828, 13.872108459472656], "alexander-j-smola_1999": [4.878772258758545, 12.880995750427246], "alexander-j-smola_2010": [10.720107078552246, 14.358641624450684], "alexander-j-smola_2004": [9.281219482421875, 15.783221244812012], "alexander-j-smola_2018": [12.538382530212402, 9.427467346191406], "alexander-j-smola_2003": [8.622967720031738, 14.64787769317627], "alexander-j-smola_2006": [9.220088958740234, 14.542020797729492], "alexander-j-smola_2016": [11.863734245300293, 10.770027160644531], "alexander-j-smola_2000": [5.812936305999756, 12.457719802856445], "alexander-j-smola_1992": [-10.485078811645508, -12.325335502624512], "alexander-j-smola_2001": [5.84940767288208, 12.389840126037598], "alexander-j-smola_2008": [10.692583084106445, 14.953893661499023], "alexander-j-smola_2017": [13.391369819641113, 8.853692054748535], "alexander-j-smola_2009": [10.332167625427246, 14.075082778930664], "alexander-j-smola_2013": [12.508360862731934, 13.685869216918945], "alexander-j-smola_2014": [11.37746524810791, 12.528091430664062], "alexander-j-smola_2012": [11.253539085388184, 15.843857765197754], "alexander-j-smola_2015": [11.484113693237305, 11.926220893859863], "alexander-j-smola_2011": [11.634058952331543, 13.92984676361084], "alexander-j-smola_2002": [7.336198806762695, 13.574567794799805], "alexander-j-smola_1997": [-0.7917457222938538, 3.989561080932617], "alexander-j-smola_1995": [-10.080025672912598, -14.193568229675293], "alexander-j-smola_1996": [-10.712318420410156, -14.500648498535156], "ICWSM_2007": [10.887992858886719, 0.4494430422782898], "ICWSM_2008": [11.764130592346191, 0.4679184556007385], "ICWSM_2017": [13.835344314575195, -0.5411884188652039], "ICWSM_2015": [15.14378547668457, 0.43354031443595886], "ICWSM_2012": [14.304862976074219, 0.6075200438499451], "ICWSM_2010": [12.447750091552734, 0.5021336078643799], "ICWSM_2011": [13.472075462341309, 0.8594183325767517], "ICWSM_2014": [15.728681564331055, 1.039564847946167], "ICWSM_2013": [15.105681419372559, 1.0335488319396973], "ICWSM_2009": [11.928496360778809, 0.3561607599258423], "ICWSM_2016": [14.058329582214355, -0.23829783499240875], "ICWSM_2006": [10.969751358032227, -0.7806624174118042], "WSDM_2011": [17.259052276611328, 6.427754878997803], "WSDM_2016": [15.624911308288574, 6.747313976287842], "WSDM_2009": [18.23012351989746, 6.039212226867676], "WSDM_2018": [15.122520446777344, 7.212902069091797], "WSDM_2012": [16.84895896911621, 6.099199295043945], "WSDM_2017": [15.63553524017334, 6.0677313804626465], "WSDM_2014": [16.22870445251465, 6.395650863647461], "WSDM_2010": [18.008087158203125, 6.5227437019348145], "WSDM_2013": [16.057270050048828, 7.143519878387451], "WSDM_2015": [16.37541389465332, 7.187183856964111], "WSDM_2008": [16.866436004638672, 5.102337837219238], "CIKM_2008": [4.5549821853637695, -7.268196105957031], "CIKM_2012": [4.568853855133057, -4.6439995765686035], "CIKM_2009": [4.264343738555908, -5.5251359939575195], "CIKM_2006": [5.417441368103027, -7.473862648010254], "CIKM_2005": [4.572216987609863, -8.014974594116211], "CIKM_2013": [4.9494428634643555, -4.103876113891602], "CIKM_2011": [4.618748664855957, -6.017435073852539], "CIKM_2015": [4.888394355773926, -3.0311779975891113], "CIKM_2003": [3.9487295150756836, -8.306647300720215], "CIKM_2010": [5.022984504699707, -5.182165145874023], "CIKM_2002": [3.0227177143096924, -10.97832202911377], "CIKM_1994": [0.521785318851471, -13.863077163696289], "CIKM_2007": [3.1147890090942383, -6.7892022132873535], "CIKM_2017": [6.0603766441345215, -2.5898592472076416], "CIKM_2016": [5.608291149139404, -3.195314884185791], "CIKM_2014": [5.696021556854248, -3.9455339908599854], "CIKM_1993": [0.5127744674682617, -13.351301193237305], "CIKM_1995": [-0.24925808608531952, -15.015753746032715], "CIKM_2004": [2.856130838394165, -7.163067817687988], "CIKM_2001": [2.1207785606384277, -10.222789764404297], "CIKM_2000": [3.070110321044922, -11.364426612854004], "CIKM_1997": [-1.6614036560058594, -13.345463752746582], "CIKM_1999": [1.8922019004821777, -11.07439136505127], "CIKM_1998": [1.911767601966858, -12.28731632232666], "CIKM_1992": [1.126431941986084, -14.477217674255371], "CIKM_1996": [0.13575616478919983, -13.908648490905762], "ICML_2005": [-1.5602240562438965, 6.618436813354492], "ICML_2010": [-2.2977042198181152, 4.9236979484558105], "ICML_1989": [-16.752248764038086, -0.2301638126373291], "ICML_1991": [-16.915979385375977, -0.27736181020736694], "ICML_2016": [0.5485530495643616, 2.849848985671997], "ICML_2014": [0.25266310572624207, 3.570882558822632], "ICML_2017": [-1.1269572973251343, 0.5420328378677368], "ICML_2013": [0.1306370049715042, 3.976041316986084], "ICML_2018": [-1.354024052619934, -0.3735746145248413], "ICML_2008": [0.10321541130542755, 6.079499244689941], "ICML_2003": [-1.0943703651428223, 7.103977680206299], "ICML_2006": [-0.5638055801391602, 5.715423107147217], "ICML_2000": [-8.458017349243164, -1.2222315073013306],