{"steve-blackburn_2004": [-1.8295814990997314, -12.746390342712402], "steve-blackburn_1999": [-1.2311949729919434, -1.0326687097549438], "steve-blackburn_2011": [-0.5767713189125061, -11.242241859436035], "steve-blackburn_2006": [-1.4934638738632202, -11.608482360839844], "steve-blackburn_2000": [-2.9828522205352783, -8.591864585876465], "steve-blackburn_2015": [-1.3867806196212769, -11.492450714111328], "steve-blackburn_2005": [-1.5755057334899902, -10.591687202453613], "steve-blackburn_1998": [-1.1255444288253784, -1.2108107805252075], "steve-blackburn_2016": [-1.2138150930404663, -11.914875030517578], "steve-blackburn_1996": [0.1165141761302948, -2.0384256839752197], "steve-blackburn_2001": [-1.812508463859558, -10.105219841003418], "steve-blackburn_2018": [-0.3056756258010864, -2.7581512928009033], "steve-blackburn_2010": [-1.3512921333312988, -10.500899314880371], "steve-blackburn_2012": [-1.1221132278442383, -12.299633979797363], "steve-blackburn_2013": [-0.9196993112564087, -10.552054405212402], "steve-blackburn_1997": [-1.1374409198760986, -1.218530297279358], "steve-blackburn_2002": [-1.5872865915298462, -12.283772468566895], "steve-blackburn_2003": [-1.5211362838745117, -11.796285629272461], "steve-blackburn_2014": [-0.9694865942001343, -11.775074005126953], "steve-blackburn_2008": [-1.5935171842575073, -9.682713508605957], "steve-blackburn_2009": [-1.3427774906158447, -10.97191333770752], "steve-blackburn_2007": [-1.596213936805725, -11.4251070022583], "antony-l-hosking_2011": [-1.8924827575683594, -12.840193748474121], "antony-l-hosking_2016": [-1.331987738609314, -10.03744888305664], "antony-l-hosking_2009": [-2.230781078338623, -7.7030205726623535], "antony-l-hosking_2007": [-2.2442522048950195, -8.75621223449707], "antony-l-hosking_2006": [-1.5682544708251953, -12.322117805480957], "antony-l-hosking_2004": [-1.6388376951217651, -12.348166465759277], "antony-l-hosking_1995": [-2.948132038116455, -8.215412139892578], "antony-l-hosking_2015": [-1.3788034915924072, -11.915080070495605], "antony-l-hosking_1999": [-1.8728324174880981, -12.219135284423828], "antony-l-hosking_2014": [-2.7516701221466064, -5.246877193450928], "antony-l-hosking_2005": [-1.3715095520019531, -10.191413879394531], "antony-l-hosking_1990": [-1.9338051080703735, -8.945441246032715], "antony-l-hosking_2003": [0.5811387896537781, -3.895195722579956], "antony-l-hosking_2001": [-1.5813233852386475, -11.467972755432129], "antony-l-hosking_2018": [-0.30567654967308044, -2.7581520080566406], "antony-l-hosking_2000": [-1.687017560005188, -9.481005668640137], "antony-l-hosking_1993": [-2.615043878555298, -7.263212203979492], "antony-l-hosking_2012": [-1.5081359148025513, -8.737457275390625], "antony-l-hosking_1991": [0.3074842095375061, -4.358358383178711], "antony-l-hosking_1998": [-2.464278221130371, -8.138166427612305], "antony-l-hosking_1992": [-1.93601393699646, -6.77372407913208], "antony-l-hosking_2013": [-0.3059699237346649, -2.758058547973633], "antony-l-hosking_1997": [-1.6976234912872314, -8.182816505432129], "antony-l-hosking_2010": [-1.5084432363510132, -10.214529991149902], "antony-l-hosking_1994": [-2.0086781978607178, -9.177298545837402], "antony-l-hosking_2008": [-0.3056752681732178, -2.758152484893799], "antony-l-hosking_1996": [-2.305391311645508, -8.258030891418457], "antony-l-hosking_2017": [-1.4656039476394653, -9.461871147155762], "kathryn-mckinley_2009": [-1.2707759141921997, -10.798583030700684], "kathryn-mckinley_2004": [-1.2537041902542114, -12.301820755004883], "kathryn-mckinley_1994": [-2.768869161605835, -6.050020217895508], "kathryn-mckinley_1998": [-0.8432950973510742, -9.089520454406738], "kathryn-mckinley_1990": [-1.8728326559066772, -2.483041524887085], "kathryn-mckinley_1995": [-2.8460371494293213, -2.805332899093628], "kathryn-mckinley_2006": [-1.0968750715255737, -11.860776901245117], "kathryn-mckinley_2015": [-0.6692273616790771, -10.272987365722656], "kathryn-mckinley_1991": [-0.2385038584470749, -8.398296356201172], "kathryn-mckinley_2013": [-0.6417621374130249, -10.022978782653809], "kathryn-mckinley_2007": [-1.4175610542297363, -11.26208782196045], "kathryn-mckinley_2016": [0.025417709723114967, -9.501006126403809], "kathryn-mckinley_2011": [-0.6610463261604309, -10.226083755493164], "kathryn-mckinley_2000": [-0.7869144082069397, -8.71794605255127], "kathryn-mckinley_2018": [-0.30567666888237, -2.7581517696380615], "kathryn-mckinley_2008": [-1.2018556594848633, -12.111387252807617], "kathryn-mckinley_2003": [-0.7979013919830322, -9.998154640197754], "kathryn-mckinley_1997": [-0.10216229408979416, -4.22938871383667], "kathryn-mckinley_2010": [-1.4259947538375854, -11.271484375], "kathryn-mckinley_1996": [-0.6683714389801025, -8.934418678283691], "kathryn-mckinley_2005": [-0.06362181156873703, -9.733621597290039], "kathryn-mckinley_1992": [-2.632065534591675, -4.201013565063477], "kathryn-mckinley_1993": [-2.8843822479248047, -6.247744083404541], "kathryn-mckinley_2012": [-0.2768636643886566, -10.01831340789795], "kathryn-mckinley_2002": [-1.260246992111206, -11.844850540161133], "kathryn-mckinley_2001": [-1.0865037441253662, -9.695093154907227], "kathryn-mckinley_2017": [-0.5456834435462952, -9.556181907653809], "kathryn-mckinley_1999": [-0.8269152045249939, -9.241910934448242], "kathryn-mckinley_2014": [-0.9501075744628906, -10.773465156555176], "kathryn-mckinley_1989": [0.03582179173827171, -3.391216993331909], "POPL_1993": [-1.937441110610962, -4.142866611480713], "POPL_2017": [-1.4447846412658691, -9.608885765075684], "POPL_1980": [-0.9984025359153748, -2.5897107124328613], "POPL_2001": [-1.3158316612243652, -3.4291372299194336], "POPL_2016": [-1.2645673751831055, -8.026030540466309], "POPL_2005": [-0.9761870503425598, -5.048552989959717], "POPL_1996": [-1.8346805572509766, -3.735429525375366], "POPL_1988": [-1.3967781066894531, -3.2953529357910156], "POPL_2006": [-0.7963552474975586, -5.536749839782715], "POPL_2007": [-0.4176729619503021, -5.378232479095459], "POPL_1991": [-1.7146735191345215, -3.2157540321350098], "POPL_1977": [-0.8719438910484314, -2.733546257019043], "POPL_1982": [-1.3748328685760498, -3.0914764404296875], "POPL_2004": [-1.3040122985839844, -4.74461555480957], "POPL_1989": [-1.9124237298965454, -3.0973477363586426], "POPL_1981": [-0.9522268176078796, -2.6309471130371094], "POPL_2000": [-1.4577338695526123, -3.542363405227661], "POPL_2013": [-0.7056982517242432, -5.859870910644531], "POPL_1987": [-1.0849512815475464, -2.9261467456817627], "POPL_1986": [-1.2734417915344238, -3.1526834964752197], "POPL_1973": [-0.723689079284668, -2.467085361480713], "POPL_1978": [-0.7923063039779663, -2.817429780960083], "POPL_1995": [-1.9225471019744873, -3.787323474884033], "POPL_1985": [-1.6468369960784912, -2.876246452331543], "POPL_1976": [-0.6969590187072754, -3.061217784881592], "POPL_2009": [-0.98698890209198, -5.625123977661133], "POPL_1984": [-1.3823696374893188, -2.8606672286987305], "POPL_2012": [-0.959311306476593, -6.504724979400635], "POPL_2010": [-0.6857031583786011, -6.317015171051025], "POPL_1999": [-1.659103274345398, -4.076747894287109], "POPL_2014": [-0.8158464431762695, -6.808798313140869], "POPL_1983": [-1.2660080194473267, -2.8151285648345947], "POPL_1975": [-0.6786181926727295, -2.7668092250823975], "POPL_2002": [-1.5895302295684814, -4.836789608001709], "POPL_2003": [-1.195509433746338, -4.011276721954346], "POPL_2011": [-0.970174252986908, -6.649179458618164], "POPL_2008": [-0.6141095161437988, -5.261203765869141], "POPL_1994": [-2.061556100845337, -3.545161247253418], "POPL_1992": [-1.148242712020874, -3.378715991973877], "POPL_2015": [-0.9354539513587952, -6.3696088790893555], "POPL_1997": [-2.0410170555114746, -3.5354011058807373], "POPL_1998": [-1.9500808715820312, -4.430050373077393], "POPL_1979": [-0.8699865937232971, -2.6735622882843018], "PLDI_2015": [-1.3772270679473877, -8.702817916870117], "PLDI_1991": [-1.6099666357040405, -4.015349864959717],