{"steve-blackburn_2004": [12.085617065429688, 7.320925235748291], "steve-blackburn_1999": [-10.344842910766602, -2.0058536529541016], "steve-blackburn_2011": [10.009795188903809, 4.117866516113281], "steve-blackburn_2006": [10.262545585632324, 6.003434658050537], "steve-blackburn_2000": [5.4024786949157715, 0.12356068193912506], "steve-blackburn_2015": [10.034055709838867, 5.4876909255981445], "steve-blackburn_2005": [8.569622993469238, 4.099977016448975], "steve-blackburn_1998": [-10.241716384887695, -2.1836557388305664], "steve-blackburn_2016": [11.023844718933105, 5.313440799713135], "steve-blackburn_1996": [-10.059599876403809, -5.268891334533691], "steve-blackburn_2001": [7.743117332458496, 3.088587760925293], "steve-blackburn_2018": [-8.598733901977539, -4.529751300811768], "steve-blackburn_2010": [8.18913459777832, 4.421616554260254], "steve-blackburn_2012": [11.946764945983887, 5.005082607269287], "steve-blackburn_2013": [7.9456048011779785, 5.1594414710998535], "steve-blackburn_1997": [-10.235336303710938, -2.189034938812256], "steve-blackburn_2002": [11.589950561523438, 6.397063255310059], "steve-blackburn_2003": [10.709041595458984, 6.208108425140381], "steve-blackburn_2014": [10.767077445983887, 4.681744575500488], "steve-blackburn_2008": [6.966150760650635, 3.2351291179656982], "steve-blackburn_2009": [9.050463676452637, 5.151937007904053], "steve-blackburn_2007": [9.864392280578613, 6.209367752075195], "antony-l-hosking_2011": [12.134245872497559, 7.496434211730957], "antony-l-hosking_2016": [7.381654262542725, 4.057358741760254], "antony-l-hosking_2009": [2.065326452255249, 3.251020908355713], "antony-l-hosking_2007": [5.424478530883789, 1.2000653743743896], "antony-l-hosking_2006": [11.818299293518066, 6.240832805633545], "antony-l-hosking_2004": [12.002981185913086, 6.281747341156006], "antony-l-hosking_1995": [4.759531497955322, -0.2156212329864502], "antony-l-hosking_2015": [10.958046913146973, 5.846954345703125], "antony-l-hosking_1999": [12.33200740814209, 6.292215347290039], "antony-l-hosking_2014": [-2.9207041263580322, 0.9592412114143372], "antony-l-hosking_2005": [7.093423366546631, 4.271117210388184], "antony-l-hosking_1990": [5.64507532119751, 2.006654739379883], "antony-l-hosking_2003": [-5.7095842361450195, -1.0480215549468994], "antony-l-hosking_2001": [9.945433616638184, 6.055683135986328], "antony-l-hosking_2018": [-8.45415210723877, -4.495403289794922], "antony-l-hosking_2000": [6.564180374145508, 2.8266994953155518], "antony-l-hosking_1993": [3.095916748046875, -0.5758883357048035], "antony-l-hosking_2012": [5.117237091064453, 2.612567186355591], "antony-l-hosking_1991": [-1.4615435600280762, -6.335571765899658], "antony-l-hosking_1998": [4.4590744972229, 0.5487173795700073], "antony-l-hosking_1992": [2.1534910202026367, -0.569068193435669], "antony-l-hosking_2013": [-8.303165435791016, -4.961467266082764], "antony-l-hosking_1997": [4.1721272468566895, 1.6357343196868896], "antony-l-hosking_2010": [7.865922927856445, 3.9317147731781006], "antony-l-hosking_1994": [5.951773643493652, 1.789354681968689], "antony-l-hosking_2008": [-8.706748962402344, -5.287672519683838], "antony-l-hosking_1996": [4.5164666175842285, 0.8227612972259521], "antony-l-hosking_2017": [6.34113883972168, 3.2393686771392822], "kathryn-mckinley_2009": [8.777360916137695, 5.092978477478027], "kathryn-mckinley_2004": [11.930708885192871, 5.344188690185547], "kathryn-mckinley_1994": [1.1672937870025635, -2.8053441047668457], "kathryn-mckinley_1998": [4.5962748527526855, 4.495972633361816], "kathryn-mckinley_1990": [-5.5184245109558105, -7.770355701446533], "kathryn-mckinley_1995": [-7.709526538848877, -1.9720340967178345], "kathryn-mckinley_2006": [10.961385726928711, 4.920248985290527], "kathryn-mckinley_2015": [7.3030829429626465, 5.5965681076049805], "kathryn-mckinley_1991": [3.522082567214966, 4.676909446716309], "kathryn-mckinley_2013": [6.995270252227783, 5.7360100746154785], "kathryn-mckinley_2007": [9.584009170532227, 5.528881072998047], "kathryn-mckinley_2016": [5.53312349319458, 6.045546054840088], "kathryn-mckinley_2011": [7.133145809173584, 5.6175312995910645], "kathryn-mckinley_2000": [4.8361406326293945, 3.695148468017578], "kathryn-mckinley_2018": [-8.824974060058594, -4.798982620239258], "kathryn-mckinley_2008": [11.53215503692627, 5.204885482788086], "kathryn-mckinley_2003": [6.684327125549316, 5.0194501876831055], "kathryn-mckinley_1997": [-5.855071544647217, -2.115455150604248], "kathryn-mckinley_2010": [9.591168403625488, 5.553342342376709], "kathryn-mckinley_1996": [4.514439105987549, 4.499361038208008], "kathryn-mckinley_2005": [5.760418891906738, 6.108577728271484], "kathryn-mckinley_1992": [-1.3276801109313965, -4.635861873626709], "kathryn-mckinley_1993": [1.4953892230987549, -2.8411805629730225], "kathryn-mckinley_2012": [6.288747787475586, 5.963696002960205], "kathryn-mckinley_2002": [10.866418838500977, 5.391017913818359], "kathryn-mckinley_2001": [6.24491024017334, 4.292515277862549], "kathryn-mckinley_2017": [5.752739429473877, 5.162166595458984], "kathryn-mckinley_1999": [5.402090072631836, 4.357607364654541], "kathryn-mckinley_2014": [8.361522674560547, 5.357072830200195], "kathryn-mckinley_1989": [-7.646280288696289, -2.5272769927978516], "POPL_1993": [-2.859731912612915, -5.210281848907471], "POPL_2017": [6.426609039306641, 3.602031946182251], "POPL_1980": [-7.6147847175598145, -6.683390140533447], "POPL_2001": [-4.928752422332764, -5.199924468994141], "POPL_2016": [3.256875991821289, 2.9003469944000244], "POPL_2005": [-2.6020021438598633, -1.755053997039795], "POPL_1996": [-3.580782175064087, -5.689878940582275], "POPL_1988": [-5.374085903167725, -5.949201583862305], "POPL_2006": [-2.197838068008423, -0.8536300659179688], "POPL_2007": [-2.5987462997436523, -1.5205127000808716], "POPL_1991": [-4.52085542678833, -6.347475051879883], "POPL_1977": [-7.9688286781311035, -6.389865875244141], "POPL_1982": [-5.867710113525391, -6.437655925750732], "POPL_2004": [-2.7902965545654297, -2.4213833808898926], "POPL_1989": [-4.3225626945495605, -6.745911121368408], "POPL_1981": [-7.277299404144287, -6.039122581481934], "POPL_2000": [-4.659914970397949, -5.235485553741455], "POPL_2013": [-1.5718929767608643, 0.43180596828460693], "POPL_1987": [-6.7044501304626465, -5.9937520027160645], "POPL_1986": [-6.1264238357543945, -6.121872901916504], "POPL_1973": [-8.482818603515625, -6.302337646484375], "POPL_1978": [-7.835526943206787, -6.100224494934082], "POPL_1995": [-3.311811923980713, -5.626551628112793], "POPL_1985": [-5.562018871307373, -6.899438381195068], "POPL_1976": [-7.338628768920898, -5.3585028648376465], "POPL_2009": [-1.8720096349716187, -0.9620446562767029], "POPL_1984": [-6.377019882202148, -6.836884021759033], "POPL_2012": [0.0706566721200943, 0.7994720339775085], "POPL_2010": [-0.7718238234519958, 1.1372894048690796], "POPL_1999": [-3.488579511642456, -4.946353435516357], "POPL_2014": [0.2421027570962906, 1.4798073768615723], "POPL_1983": [-6.429172992706299, -6.474432468414307], "POPL_1975": [-7.836244106292725, -5.481021404266357], "POPL_2002": [-2.5629634857177734, -2.803079843521118], "POPL_2003": [-4.469878673553467, -4.12130069732666], "POPL_2011": [0.11671806871891022, 1.1463454961776733], "POPL_2008": [-2.5267856121063232, -1.2795391082763672], "POPL_1994": [-3.5082356929779053, -6.186604976654053], "POPL_1992": [-5.848565101623535, -5.161168575286865], "POPL_2015": [-0.4245206415653229, 0.7924131751060486], "POPL_1997": [-3.516000509262085, -6.127464771270752], "POPL_1998": [-2.4624133110046387, -4.8100385665893555], "POPL_1979": [-7.7243733406066895, -6.2017693519592285], "PLDI_2015": [4.872723579406738, 2.9273805618286133], "PLDI_1991": [-3.1071441173553467, -4.20591402053833], "PLDI_2018": [1.9455366134643555, 1.3883074522018433], "PLDI_1996": [-0.514351487159729, -2.253462076187134], "PLDI_2001": [0.955962598323822, -0.7962941527366638], "PLDI_2016": [4.269927978515625, 2.7288520336151123],