{"steve-blackburn_2004": [-10.352882385253906, -11.063035011291504], "steve-blackburn_1999": [7.745612144470215, 4.082025051116943], "steve-blackburn_2011": [-9.077022552490234, -7.4798479080200195], "steve-blackburn_2006": [-8.930096626281738, -9.098976135253906], "steve-blackburn_2000": [-6.382417678833008, -2.4980950355529785], "steve-blackburn_2015": [-8.370195388793945, -9.105619430541992], "steve-blackburn_2005": [-6.934605121612549, -8.03217887878418], "steve-blackburn_1998": [7.614007949829102, 4.16942834854126], "steve-blackburn_2016": [-8.722088813781738, -9.976668357849121], "steve-blackburn_1996": [4.313929080963135, 8.260787963867188], "steve-blackburn_2001": [-5.924530982971191, -7.496275424957275], "steve-blackburn_2018": [4.161819934844971, 6.94705057144165], "steve-blackburn_2010": [-7.234750747680664, -7.57977819442749], "steve-blackburn_2012": [-8.873265266418457, -10.846458435058594], "steve-blackburn_2013": [-7.958728313446045, -7.127569675445557], "steve-blackburn_1997": [7.610764026641846, 4.1706743240356445], "steve-blackburn_2002": [-9.806099891662598, -10.19363784790039], "steve-blackburn_2003": [-9.290236473083496, -9.378989219665527], "steve-blackburn_2014": [-8.271395683288574, -9.941761016845703], "steve-blackburn_2008": [-5.897078990936279, -6.748837471008301], "steve-blackburn_2009": [-7.80056619644165, -8.323047637939453], "steve-blackburn_2007": [-8.957197189331055, -8.750184059143066], "antony-l-hosking_2011": [-10.45278549194336, -11.193696022033691], "antony-l-hosking_2016": [-6.802580833435059, -6.887142181396484], "antony-l-hosking_2009": [-5.073742389678955, -2.206191062927246], "antony-l-hosking_2007": [-3.8924901485443115, -5.3068695068359375], "antony-l-hosking_2006": [-9.814220428466797, -10.320967674255371], "antony-l-hosking_2004": [-9.993867874145508, -10.25400161743164], "antony-l-hosking_1995": [-2.708763360977173, -5.028450012207031], "antony-l-hosking_2015": [-9.122861862182617, -9.720155715942383], "antony-l-hosking_1999": [-10.26125717163086, -9.706809997558594], "antony-l-hosking_2014": [-1.6100380420684814, 1.934698462486267], "antony-l-hosking_2005": [-6.784456729888916, -6.76879358291626], "antony-l-hosking_1990": [-4.619385242462158, -5.52750301361084], "antony-l-hosking_2003": [-0.017339371144771576, 4.343453884124756], "antony-l-hosking_2001": [-8.803613662719727, -8.863829612731934], "antony-l-hosking_2018": [4.163361549377441, 6.945314884185791], "antony-l-hosking_2000": [-5.418550968170166, -6.482606887817383], "antony-l-hosking_1993": [-3.626894235610962, -1.016830563545227], "antony-l-hosking_2012": [-5.049118995666504, -4.9669270515441895], "antony-l-hosking_1991": [5.252523899078369, 0.6307072043418884], "antony-l-hosking_1998": [-3.1502833366394043, -4.32575798034668], "antony-l-hosking_1992": [-3.051417827606201, -0.7322258353233337], "antony-l-hosking_2013": [4.161818504333496, 6.947030067443848], "antony-l-hosking_1997": [-3.992948293685913, -4.224944591522217], "antony-l-hosking_2010": [-6.7287421226501465, -7.399250507354736], "antony-l-hosking_1994": [-4.586050033569336, -5.775708198547363], "antony-l-hosking_2008": [4.161962032318115, 6.947497844696045], "antony-l-hosking_1996": [-3.445869207382202, -4.522881507873535], "antony-l-hosking_2017": [-5.782029151916504, -6.211021423339844], "kathryn-mckinley_2009": [-7.79104471206665, -8.01782512664795], "kathryn-mckinley_2004": [-9.131999969482422, -10.71077823638916], "kathryn-mckinley_1994": [0.3896626830101013, -2.0046093463897705], "kathryn-mckinley_1998": [-6.039583683013916, -5.361109256744385], "kathryn-mckinley_1990": [1.8129767179489136, 7.491098880767822], "kathryn-mckinley_1995": [0.763898491859436, 6.135793685913086], "kathryn-mckinley_2006": [-8.412034034729004, -10.03725528717041], "kathryn-mckinley_2015": [-8.086648941040039, -6.427674770355225], "kathryn-mckinley_1991": [-3.4938769340515137, -6.369077205657959], "kathryn-mckinley_2013": [-8.078400611877441, -6.125111103057861], "kathryn-mckinley_2007": [-8.300271987915039, -8.692997932434082], "kathryn-mckinley_2016": [-8.105621337890625, -4.735779285430908], "kathryn-mckinley_2011": [-8.084427833557129, -6.289590835571289], "kathryn-mckinley_2000": [-6.3222270011901855, -3.950643539428711], "kathryn-mckinley_2018": [3.7036314010620117, 7.030614852905273], "kathryn-mckinley_2008": [-8.85522174835205, -10.436206817626953], "kathryn-mckinley_2003": [-7.493896484375, -6.00355863571167], "kathryn-mckinley_1997": [0.9108818173408508, 4.240178108215332], "kathryn-mckinley_2010": [-8.316431999206543, -8.694217681884766], "kathryn-mckinley_1996": [-6.210216999053955, -4.901819229125977], "kathryn-mckinley_2005": [-8.223799705505371, -4.952297210693359], "kathryn-mckinley_1992": [1.972266674041748, 1.9841164350509644], "kathryn-mckinley_1993": [-3.2055656909942627, 0.5326602458953857], "kathryn-mckinley_2012": [-8.244879722595215, -5.470510959625244], "kathryn-mckinley_2002": [-8.798933029174805, -9.777027130126953], "kathryn-mckinley_2001": [-6.57703971862793, -5.9627909660339355], "kathryn-mckinley_2017": [-7.376941680908203, -5.126087665557861], "kathryn-mckinley_1999": [-6.713426113128662, -4.874141216278076], "kathryn-mckinley_2014": [-8.194413185119629, -7.457999229431152], "kathryn-mckinley_1989": [1.2833560705184937, 6.0594964027404785], "POPL_1993": [3.5051727294921875, 1.465100884437561], "POPL_2017": [-6.093099594116211, -6.276393890380859], "POPL_1980": [5.2530622482299805, 5.895583152770996], "POPL_2001": [3.8019845485687256, 3.4467453956604004], "POPL_2016": [-4.924497604370117, -3.3449010848999023], "POPL_2005": [1.3563463687896729, -0.14382947981357574], "POPL_1996": [3.9972145557403564, 2.157276153564453], "POPL_1988": [4.273809909820557, 3.92244815826416], "POPL_2006": [0.5812144875526428, -0.3166133761405945], "POPL_2007": [1.5523037910461426, -0.7152296900749207], "POPL_1991": [4.671995639801025, 3.0336170196533203], "POPL_1977": [5.075679779052734, 6.140127658843994], "POPL_1982": [4.588013172149658, 4.4338579177856445], "POPL_2004": [2.1737723350524902, -0.1557144820690155], "POPL_1989": [4.996785640716553, 2.8076236248016357], "POPL_1981": [4.610968589782715, 5.729475498199463], "POPL_2000": [3.795011281967163, 3.1936659812927246], "POPL_2013": [0.3089293837547302, -1.0956721305847168], "POPL_1987": [4.4976887702941895, 5.165166854858398], "POPL_1986": [4.589712142944336, 4.565731525421143], "POPL_1973": [5.082211017608643, 6.635716438293457], "POPL_1978": [4.829335689544678, 6.089026927947998], "POPL_1995": [3.909519910812378, 1.9018609523773193], "POPL_1985": [2.331360101699829, 6.473190784454346], "POPL_1976": [4.053159236907959, 5.749543190002441], "POPL_2009": [0.6211130023002625, -0.609210193157196], "POPL_1984": [5.140843391418457, 4.7435407638549805], "POPL_2012": [-1.4558844566345215, -2.0469086170196533], "POPL_2010": [-0.4910569190979004, -2.1399576663970947], "POPL_1999": [3.4594316482543945, 1.7509994506835938], "POPL_2014": [-1.465858817100525, -2.6047751903533936], "POPL_1983": [4.765346050262451, 4.925746917724609], "POPL_1975": [4.228184223175049, 6.197659969329834], "POPL_2002": [2.2848563194274902, 0.11314847320318222], "POPL_2003": [2.7822651863098145, 3.1257152557373047], "POPL_2011": [-1.195988655090332, -2.3215274810791016], "POPL_2008": [1.1350915431976318, -0.4415973424911499], "POPL_1994": [4.394369125366211, 2.0242438316345215], "POPL_1992": [3.703521966934204, 4.320287704467773], "POPL_2015": [-0.9230664968490601, -1.903976559638977], "POPL_1997": [4.362829208374023, 2.0187642574310303], "POPL_1998": [3.1597917079925537, 1.0656135082244873], "POPL_1979": [4.8851728439331055, 6.019266605377197], "PLDI_2015": [-5.278932571411133, -4.707437992095947], "PLDI_1991": [2.5912516117095947, 2.208747386932373], "PLDI_2018": [-3.3316006660461426, -2.3566386699676514], "PLDI_1996": [0.10456714034080505, 0.31068044900894165], "PLDI_2001": [-1.4809417724609375, -1.2828689813613892], "PLDI_2016": [-4.98654317855835, -4.234497547149658],