{"steve-blackburn_2004": [-35.94367218017578, 40.74323654174805], "steve-blackburn_1999": [13.815162658691406, -32.66687774658203], "steve-blackburn_2011": [-29.26921844482422, 26.972139358520508], "steve-blackburn_2006": [-29.422590255737305, 35.484336853027344], "steve-blackburn_2000": [-4.244081497192383, 21.77210235595703], "steve-blackburn_2015": [-26.28741455078125, 35.42012023925781], "steve-blackburn_2005": [-23.492521286010742, 26.78034019470215], "steve-blackburn_1998": [14.626704216003418, -33.94851303100586], "steve-blackburn_2016": [-32.7064208984375, 33.828853607177734], "steve-blackburn_1996": [26.211353302001953, -40.936038970947266], "steve-blackburn_2001": [-15.75881290435791, 27.611717224121094], "steve-blackburn_2018": [22.116870880126953, -41.95476150512695], "steve-blackburn_2010": [-20.468082427978516, 28.180540084838867], "steve-blackburn_2012": [-37.79732894897461, 35.65443801879883], "steve-blackburn_2013": [-25.337013244628906, 25.72684097290039], "steve-blackburn_1997": [14.829285621643066, -34.32537841796875], "steve-blackburn_2002": [-33.40631866455078, 38.60733413696289], "steve-blackburn_2003": [-30.96567726135254, 36.45795440673828], "steve-blackburn_2014": [-34.02000427246094, 32.587398529052734], "steve-blackburn_2008": [-16.83351707458496, 26.114116668701172], "steve-blackburn_2009": [-24.685916900634766, 31.692058563232422], "steve-blackburn_2007": [-28.95342254638672, 34.171871185302734], "antony-l-hosking_2011": [-36.90800857543945, 41.264198303222656], "antony-l-hosking_2016": [-19.147533416748047, 25.49110221862793], "antony-l-hosking_2009": [-6.209465980529785, 15.903484344482422], "antony-l-hosking_2007": [-7.890730857849121, 23.26840591430664], "antony-l-hosking_2006": [-33.928977966308594, 39.562259674072266], "antony-l-hosking_2004": [-33.39216613769531, 40.49639129638672], "antony-l-hosking_1995": [-5.392139911651611, 23.782974243164062], "antony-l-hosking_2015": [-32.25557327270508, 35.53936004638672], "antony-l-hosking_1999": [-31.54454231262207, 40.48587417602539], "antony-l-hosking_2014": [4.15843391418457, -4.723199367523193], "antony-l-hosking_2005": [-18.765485763549805, 22.187301635742188], "antony-l-hosking_1990": [-11.286827087402344, 23.476593017578125], "antony-l-hosking_2003": [13.71733283996582, -10.04002857208252], "antony-l-hosking_2001": [-27.942672729492188, 35.92334747314453], "antony-l-hosking_2018": [21.259071350097656, -39.58238220214844], "antony-l-hosking_2000": [-14.666343688964844, 25.230758666992188], "antony-l-hosking_1993": [1.8795559406280518, 7.797083377838135], "antony-l-hosking_2012": [-12.84121322631836, 22.2111873626709], "antony-l-hosking_1991": [9.329876899719238, -15.396737098693848], "antony-l-hosking_1998": [-5.66057825088501, 20.64569091796875], "antony-l-hosking_1992": [1.6650629043579102, 6.1853132247924805], "antony-l-hosking_2013": [21.135671615600586, -41.18449020385742], "antony-l-hosking_1997": [-8.032458305358887, 19.697290420532227], "antony-l-hosking_2010": [-19.604158401489258, 27.720216751098633], "antony-l-hosking_1994": [-9.459667205810547, 23.814037322998047], "antony-l-hosking_2008": [23.143428802490234, -42.85383224487305], "antony-l-hosking_1996": [-7.0715155601501465, 21.203815460205078], "antony-l-hosking_2017": [-16.77623176574707, 24.838031768798828], "kathryn-mckinley_2009": [-25.290210723876953, 31.095829010009766], "kathryn-mckinley_2004": [-36.537269592285156, 36.324989318847656], "kathryn-mckinley_1994": [-5.2745771408081055, -3.627768039703369], "kathryn-mckinley_1998": [-18.29576301574707, 19.131200790405273], "kathryn-mckinley_1990": [28.203969955444336, -22.062124252319336], "kathryn-mckinley_1995": [8.351120948791504, -23.877511978149414], "kathryn-mckinley_2006": [-35.054447174072266, 33.9188232421875], "kathryn-mckinley_2015": [-25.461225509643555, 22.542869567871094], "kathryn-mckinley_1991": [-17.52023696899414, 15.449935913085938], "kathryn-mckinley_2013": [-27.62339973449707, 22.18538475036621], "kathryn-mckinley_2007": [-27.131147384643555, 33.51530838012695], "kathryn-mckinley_2016": [-25.126556396484375, 17.691513061523438], "kathryn-mckinley_2011": [-26.50391387939453, 22.232263565063477], "kathryn-mckinley_2000": [-21.031898498535156, 15.817671775817871], "kathryn-mckinley_2018": [23.50145721435547, -41.35544967651367], "kathryn-mckinley_2008": [-35.85535430908203, 35.123863220214844], "kathryn-mckinley_2003": [-23.055206298828125, 20.65866470336914], "kathryn-mckinley_1997": [7.136019229888916, -13.093549728393555], "kathryn-mckinley_2010": [-26.585054397583008, 34.01165008544922], "kathryn-mckinley_1996": [-19.402523040771484, 17.487897872924805], "kathryn-mckinley_2005": [-26.094146728515625, 18.217426300048828], "kathryn-mckinley_1992": [3.328688859939575, -12.479609489440918], "kathryn-mckinley_1993": [-6.712749481201172, -3.5102663040161133], "kathryn-mckinley_2012": [-25.938920974731445, 19.764638900756836], "kathryn-mckinley_2002": [-33.830162048339844, 34.51780700683594], "kathryn-mckinley_2001": [-18.722787857055664, 20.33486557006836], "kathryn-mckinley_2017": [-22.830642700195312, 18.063228607177734], "kathryn-mckinley_1999": [-20.99378204345703, 17.410314559936523], "kathryn-mckinley_2014": [-26.5277099609375, 26.409976959228516], "kathryn-mckinley_1989": [9.75561809539795, -23.531431198120117], "POPL_1993": [24.23804473876953, -12.010130882263184], "POPL_2017": [-16.377769470214844, 22.29043197631836], "POPL_1980": [26.500770568847656, -30.36613655090332], "POPL_2001": [19.704505920410156, -15.178597450256348], "POPL_2016": [-10.95876407623291, 13.812070846557617], "POPL_2005": [16.872846603393555, -1.2193599939346313], "POPL_1996": [24.682899475097656, -14.54997444152832], "POPL_1988": [24.24531364440918, -21.233627319335938], "POPL_2006": [14.772941589355469, 0.1235317587852478], "POPL_2007": [17.504980087280273, 1.0370246171951294], "POPL_1991": [25.119953155517578, -17.268423080444336], "POPL_1977": [26.330711364746094, -32.227142333984375], "POPL_1982": [25.393095016479492, -22.83017349243164], "POPL_2004": [18.463890075683594, -1.319298505783081], "POPL_1989": [26.533828735351562, -17.542654037475586], "POPL_1981": [25.274198532104492, -27.60091781616211], "POPL_2000": [20.152667999267578, -14.579015731811523], "POPL_2013": [12.732612609863281, 3.031541109085083], "POPL_1987": [24.79380226135254, -25.786640167236328], "POPL_1986": [23.557403564453125, -24.915428161621094], "POPL_1973": [25.74720001220703, -33.53158187866211], "POPL_1978": [25.304346084594727, -31.97676658630371], "POPL_1995": [24.81631088256836, -13.187252044677734], "POPL_1985": [26.641244888305664, -22.737411499023438], "POPL_1976": [23.332223892211914, -32.28068542480469], "POPL_2009": [14.677589416503906, 1.2645536661148071], "POPL_1984": [26.84530258178711, -24.86065673828125], "POPL_2012": [9.486100196838379, 5.053421974182129], "POPL_2010": [12.275120735168457, 5.420198440551758], "POPL_1999": [22.454301834106445, -12.172162055969238], "POPL_2014": [9.486479759216309, 6.619598388671875], "POPL_1983": [25.445453643798828, -24.56070327758789], "POPL_1975": [22.63147735595703, -37.05661392211914], "POPL_2002": [18.551963806152344, -2.5032150745391846], "POPL_2003": [15.205211639404297, -13.473581314086914], "POPL_2011": [11.621628761291504, 6.461153984069824], "POPL_2008": [16.026155471801758, -0.14775891602039337], "POPL_1994": [26.499311447143555, -14.05945110321045], "POPL_1992": [21.7410945892334, -20.387638092041016], "POPL_2015": [10.53841781616211, 4.445522785186768], "POPL_1997": [26.50017547607422, -13.088415145874023], "POPL_1998": [23.95067596435547, -10.651524543762207], "POPL_1979": [24.863082885742188, -30.917266845703125], "PLDI_2015": [-14.200335502624512, 20.77293586730957], "PLDI_1991": [0.8885101079940796, -13.133865356445312], "PLDI_2018": [-3.8124094009399414, 9.340965270996094], "PLDI_1996": [-1.4141430854797363, -5.443166255950928], "PLDI_2001": [-3.346168041229248, 1.2591444253921509],