{"cheng-soon-ong_2007": [-14.964162826538086, -14.03335189819336], "cheng-soon-ong_2015": [-14.061393737792969, -15.978353500366211], "cheng-soon-ong_2016": [-15.305822372436523, -14.986401557922363], "cheng-soon-ong_2008": [-15.853334426879883, -12.36922550201416], "cheng-soon-ong_2005": [-13.419782638549805, -13.480568885803223], "cheng-soon-ong_2009": [-15.745137214660645, -11.142300605773926], "cheng-soon-ong_2014": [-15.646672248840332, -10.401978492736816], "cheng-soon-ong_2017": [-7.868424415588379, -5.178710460662842], "cheng-soon-ong_2006": [-15.791805267333984, -12.243743896484375], "cheng-soon-ong_2003": [-12.815064430236816, -13.953420639038086], "cheng-soon-ong_2004": [-5.582067489624023, -13.469035148620605], "robert-c-williamson_2014": [-10.074333190917969, -11.694855690002441], "robert-c-williamson_2007": [-5.0379719734191895, -6.392405033111572], "robert-c-williamson_2002": [-7.891214847564697, -15.66468620300293], "robert-c-williamson_1998": [-3.3759660720825195, -17.053062438964844], "robert-c-williamson_1999": [-5.166898250579834, -18.506071090698242], "robert-c-williamson_2001": [-4.923501014709473, -17.79551124572754], "robert-c-williamson_2006": [-4.681640625, -15.112858772277832], "robert-c-williamson_1996": [-3.2683303356170654, -17.41219711303711], "robert-c-williamson_1988": [9.789864540100098, 5.76121187210083], "robert-c-williamson_2011": [-10.616044044494629, -12.442106246948242], "robert-c-williamson_2003": [1.6767715215682983, -11.045693397521973], "robert-c-williamson_1994": [-3.5498619079589844, -15.93700122833252], "robert-c-williamson_1993": [3.3456943035125732, 1.9117017984390259], "robert-c-williamson_2000": [-5.408523082733154, -18.492935180664062], "robert-c-williamson_1992": [0.4462288022041321, -0.6418048143386841], "robert-c-williamson_1991": [8.865262985229492, 0.4873145818710327], "robert-c-williamson_2015": [-10.889692306518555, -12.935152053833008], "robert-c-williamson_2010": [-6.984062194824219, -10.2322416305542], "robert-c-williamson_1995": [-1.5356351137161255, -16.55947494506836], "robert-c-williamson_2018": [8.870460510253906, -5.174250602722168], "robert-c-williamson_2005": [-6.309133529663086, -10.658463478088379], "robert-c-williamson_2016": [-11.51121997833252, -14.062618255615234], "robert-c-williamson_1997": [-1.4837400913238525, -16.51024055480957], "robert-c-williamson_1990": [8.998720169067383, 1.098046064376831], "robert-c-williamson_2017": [-1.5315144062042236, -11.117203712463379], "robert-c-williamson_2009": [-0.28060293197631836, -2.0873899459838867], "robert-c-williamson_2008": [0.303749144077301, -1.9398536682128906], "robert-c-williamson_2012": [-9.755536079406738, -11.245135307312012], "robert-c-williamson_1985": [9.933670043945312, 7.1241888999938965], "robert-c-williamson_1987": [8.663552284240723, 5.904189109802246], "robert-c-williamson_2004": [-6.245957851409912, -14.749641418457031], "alexander-j-smola_1998": [-6.2277326583862305, -15.664072036743164], "alexander-j-smola_2007": [-13.123055458068848, -15.219597816467285], "alexander-j-smola_2005": [-10.34891128540039, -15.167318344116211], "alexander-j-smola_1999": [-6.7920942306518555, -17.074359893798828], "alexander-j-smola_2010": [-12.472606658935547, -15.442657470703125], "alexander-j-smola_2004": [-9.58375358581543, -16.068883895874023], "alexander-j-smola_2018": [-8.673257827758789, -7.468308925628662], "alexander-j-smola_2003": [-10.117525100708008, -16.139232635498047], "alexander-j-smola_2006": [-10.302446365356445, -15.506879806518555], "alexander-j-smola_2016": [-13.010159492492676, -18.40328598022461], "alexander-j-smola_2000": [-7.750209331512451, -16.858217239379883], "alexander-j-smola_1992": [10.419550895690918, 6.3889665603637695], "alexander-j-smola_2001": [-5.841061115264893, -16.288021087646484], "alexander-j-smola_2008": [-12.061731338500977, -15.77637004852295], "alexander-j-smola_2017": [-8.705973625183105, -7.507378101348877], "alexander-j-smola_2009": [-11.746720314025879, -15.957759857177734], "alexander-j-smola_2013": [-12.04444408416748, 5.419825077056885], "alexander-j-smola_2014": [-12.442439079284668, -16.850738525390625], "alexander-j-smola_2012": [-12.789505004882812, -16.205020904541016], "alexander-j-smola_2015": [-12.933714866638184, -17.793045043945312], "alexander-j-smola_2011": [-6.962752342224121, -12.2909574508667], "alexander-j-smola_2002": [-6.0033793449401855, -14.698315620422363], "alexander-j-smola_1997": [2.6104657649993896, -5.714134216308594], "alexander-j-smola_1995": [10.11253833770752, 5.584976673126221], "alexander-j-smola_1996": [10.227716445922852, 5.850343227386475], "ICWSM_2007": [-9.271822929382324, 8.721110343933105], "ICWSM_2008": [-8.080598831176758, 8.853116989135742], "ICWSM_2017": [-7.456900596618652, 4.200288772583008], "ICWSM_2015": [-7.872770309448242, 4.410547733306885], "ICWSM_2012": [-9.286760330200195, 3.336920976638794], "ICWSM_2010": [-8.326129913330078, 6.991072654724121], "ICWSM_2011": [-9.541300773620605, 3.9534311294555664], "ICWSM_2014": [-8.990755081176758, 3.27632212638855], "ICWSM_2013": [-9.29381275177002, 3.016023635864258], "ICWSM_2009": [-8.51684856414795, 7.012630462646484], "ICWSM_2016": [1.3694803714752197, -7.593960762023926], "ICWSM_2006": [8.815445899963379, 12.829672813415527], "WSDM_2011": [-15.494977951049805, 5.762326717376709], "WSDM_2016": [-14.864579200744629, 4.805296897888184], "WSDM_2009": [-13.29762077331543, 7.133886814117432], "WSDM_2018": [-15.709062576293945, 4.412925720214844], "WSDM_2012": [-14.943841934204102, 5.770511627197266], "WSDM_2017": [-15.824832916259766, 4.969878673553467], "WSDM_2014": [-14.756410598754883, 5.268448829650879], "WSDM_2010": [-13.426985740661621, 6.826749801635742], "WSDM_2013": [-14.596463203430176, 4.975722789764404], "WSDM_2015": [-13.278696060180664, 6.11544132232666], "WSDM_2008": [-10.654397964477539, 8.333887100219727], "CIKM_2008": [-1.5323611497879028, 10.900567054748535], "CIKM_2012": [-11.381457328796387, 10.307397842407227], "CIKM_2009": [-11.475234985351562, 11.371899604797363], "CIKM_2006": [-0.6190314292907715, 11.888524055480957], "CIKM_2005": [0.26321935653686523, 11.622464179992676], "CIKM_2013": [-10.62348747253418, 10.164300918579102], "CIKM_2011": [-11.373807907104492, 11.514781951904297], "CIKM_2015": [-9.962454795837402, 11.416651725769043], "CIKM_2003": [5.568273067474365, 8.01766586303711], "CIKM_2010": [-10.920366287231445, 11.56216812133789], "CIKM_2002": [2.292036294937134, 12.50849723815918], "CIKM_1994": [4.39804744720459, 10.43433952331543], "CIKM_2007": [-0.8497101068496704, 10.801443099975586], "CIKM_2017": [-9.342484474182129, 10.810774803161621], "CIKM_2016": [-9.944806098937988, 10.728764533996582], "CIKM_2014": [-10.626227378845215, 10.906111717224121], "CIKM_1993": [3.4412431716918945, 10.0734281539917], "CIKM_1995": [4.320511341094971, 9.372851371765137], "CIKM_2004": [0.8656855225563049, 11.53377628326416], "CIKM_2001": [2.1550750732421875, 11.31241512298584], "CIKM_2000": [2.5356338024139404, 12.114764213562012], "CIKM_1997": [5.615185260772705, 10.16307258605957], "CIKM_1999": [3.0042552947998047, 11.560495376586914], "CIKM_1998": [3.901611328125, 11.146626472473145], "CIKM_1992": [6.363258361816406, 9.004591941833496], "CIKM_1996": [4.679411888122559, 10.243729591369629], "ICML_2005": [-1.7807611227035522, -4.832759380340576], "ICML_2010": [-1.4798341989517212, -6.239800453186035], "ICML_1989": [21.059417724609375, -0.06737826019525528], "ICML_1991": [19.80826187133789, -0.6437762379646301], "ICML_2016": [-4.366394519805908, -11.415534019470215], "ICML_2014": [-5.145314693450928, -10.190152168273926], "ICML_2017": [-3.0822255611419678, -11.711629867553711], "ICML_2013": [-5.403299808502197, -10.18702507019043], "ICML_2018": [-2.4101929664611816, -11.591911315917969], "ICML_2008": [-2.8718197345733643, -5.882721900939941], "ICML_2003": [-0.6688776016235352, -4.767629146575928], "ICML_2006": [-2.233905792236328, -5.802177906036377],