{"steve-blackburn_2004": [1.8078901767730713, -52.07307052612305], "steve-blackburn_1999": [57.04487991333008, -6.391488075256348], "steve-blackburn_2011": [-22.79835319519043, -38.903892517089844], "steve-blackburn_2006": [-7.41978120803833, -42.99870681762695], "steve-blackburn_2000": [-25.5570011138916, -4.357840061187744], "steve-blackburn_2015": [-7.8187031745910645, -38.354652404785156], "steve-blackburn_2005": [-23.05299186706543, -33.35005187988281], "steve-blackburn_1998": [55.83961868286133, -7.675963878631592], "steve-blackburn_2016": [-8.7811918258667, -48.9537353515625], "steve-blackburn_1996": [47.3680305480957, -9.209295272827148], "steve-blackburn_2001": [-22.75833511352539, -18.657596588134766], "steve-blackburn_2018": [45.03966522216797, -13.517197608947754], "steve-blackburn_2010": [-22.758995056152344, -24.35381507873535], "steve-blackburn_2012": [-6.726234436035156, -56.154903411865234], "steve-blackburn_2013": [-23.998231887817383, -35.175296783447266], "steve-blackburn_1997": [55.129940032958984, -7.862107276916504], "steve-blackburn_2002": [-0.10287782549858093, -49.921077728271484], "steve-blackburn_2003": [-6.566649913787842, -45.301971435546875], "steve-blackburn_2014": [-10.041401863098145, -50.985538482666016], "steve-blackburn_2008": [-24.585899353027344, -19.99764060974121], "steve-blackburn_2009": [-12.886863708496094, -36.5279655456543], "steve-blackburn_2007": [-6.368415832519531, -41.72267150878906], "antony-l-hosking_2011": [2.263324022293091, -53.394065856933594], "antony-l-hosking_2016": [-26.61766242980957, -21.923622131347656], "antony-l-hosking_2009": [-33.51276397705078, -2.2088849544525146], "antony-l-hosking_2007": [-26.478578567504883, -8.757630348205566], "antony-l-hosking_2006": [0.9513587355613708, -49.40957260131836], "antony-l-hosking_2004": [1.8749377727508545, -48.63090133666992], "antony-l-hosking_1995": [-24.086498260498047, -1.4775701761245728], "antony-l-hosking_2015": [-7.242624282836914, -47.64799880981445], "antony-l-hosking_1999": [2.159960985183716, -46.80665588378906], "antony-l-hosking_2014": [7.113139629364014, 26.73088264465332], "antony-l-hosking_2005": [-33.24467468261719, -21.4029483795166], "antony-l-hosking_1990": [-26.63248634338379, -13.88392162322998], "antony-l-hosking_2003": [3.6529183387756348, 23.571523666381836], "antony-l-hosking_2001": [-8.873618125915527, -42.00791549682617], "antony-l-hosking_2018": [41.54000473022461, -12.227542877197266], "antony-l-hosking_2000": [-24.827281951904297, -17.049171447753906], "antony-l-hosking_1993": [-23.047874450683594, 2.022761106491089], "antony-l-hosking_2012": [-28.20095443725586, -15.421558380126953], "antony-l-hosking_1991": [15.01621150970459, 16.828062057495117], "antony-l-hosking_1998": [-27.434452056884766, -4.897246837615967], "antony-l-hosking_1992": [-22.440418243408203, 3.827554702758789], "antony-l-hosking_2013": [41.26978302001953, -15.75649642944336], "antony-l-hosking_1997": [-29.951730728149414, -6.184523105621338], "antony-l-hosking_2010": [-23.204444885253906, -23.430084228515625], "antony-l-hosking_1994": [-26.199138641357422, -10.952569007873535], "antony-l-hosking_2008": [44.92815017700195, -15.620645523071289], "antony-l-hosking_1996": [-27.975757598876953, -6.567086219787598], "antony-l-hosking_2017": [-26.24880027770996, -19.8365421295166], "kathryn-mckinley_2009": [-12.66379165649414, -37.38894271850586], "kathryn-mckinley_2004": [-6.4882893562316895, -54.70158767700195], "kathryn-mckinley_1994": [-10.000812530517578, 5.360799789428711], "kathryn-mckinley_1998": [-35.059242248535156, -24.44490623474121], "kathryn-mckinley_1990": [40.30373764038086, 22.251317977905273], "kathryn-mckinley_1995": [28.515846252441406, 10.405098915100098], "kathryn-mckinley_2006": [-8.156035423278809, -51.978668212890625], "kathryn-mckinley_2015": [-29.566205978393555, -36.79346466064453], "kathryn-mckinley_1991": [-11.799664497375488, 0.47039738297462463], "kathryn-mckinley_2013": [-28.878828048706055, -34.416873931884766], "kathryn-mckinley_2007": [-9.291851043701172, -40.005611419677734], "kathryn-mckinley_2016": [-34.869510650634766, -33.75546646118164], "kathryn-mckinley_2011": [-29.44131851196289, -35.58696746826172], "kathryn-mckinley_2000": [-31.54136085510254, -27.464065551757812], "kathryn-mckinley_2018": [43.01966857910156, -16.42131233215332], "kathryn-mckinley_2008": [-7.231300354003906, -53.453529357910156], "kathryn-mckinley_2003": [-31.28656768798828, -30.30831527709961], "kathryn-mckinley_1997": [8.95062255859375, 15.548529624938965], "kathryn-mckinley_2010": [-9.33218002319336, -39.16164779663086], "kathryn-mckinley_1996": [-33.98698425292969, -27.31728172302246], "kathryn-mckinley_2005": [-34.503929138183594, -34.9373664855957], "kathryn-mckinley_1992": [7.272820472717285, 12.968402862548828], "kathryn-mckinley_1993": [-10.696707725524902, 3.6842727661132812], "kathryn-mckinley_2012": [-32.8207893371582, -35.246795654296875], "kathryn-mckinley_2002": [-8.202325820922852, -50.63901901245117], "kathryn-mckinley_2001": [-34.40917205810547, -23.417905807495117], "kathryn-mckinley_2017": [-34.36883544921875, -30.449180603027344], "kathryn-mckinley_1999": [-33.02857971191406, -28.31534194946289], "kathryn-mckinley_2014": [-23.73943328857422, -36.561279296875], "kathryn-mckinley_1989": [26.90679359436035, 10.898167610168457], "POPL_1993": [27.136688232421875, 30.227031707763672], "POPL_2017": [-31.06515121459961, -19.128557205200195], "POPL_1980": [44.76224899291992, 6.986120223999023], "POPL_2001": [21.115795135498047, 27.102407455444336], "POPL_2016": [-37.33671951293945, -0.2808692455291748], "POPL_2005": [-5.367342948913574, 44.66490936279297], "POPL_1996": [29.412612915039062, 28.379941940307617], "POPL_1988": [36.65769958496094, 19.990026473999023], "POPL_2006": [-7.408297538757324, 42.298606872558594], "POPL_2007": [-4.574787139892578, 41.89668655395508], "POPL_1991": [32.722904205322266, 24.8443603515625], "POPL_1977": [45.68016815185547, 4.7404046058654785], "POPL_1982": [38.979949951171875, 19.39036750793457], "POPL_2004": [-3.4398844242095947, 44.70198440551758], "POPL_1989": [34.11161422729492, 25.495737075805664], "POPL_1981": [40.6814079284668, 14.341034889221191], "POPL_2000": [21.810747146606445, 27.630842208862305], "POPL_2013": [-11.87713623046875, 41.44519805908203], "POPL_1987": [41.17910385131836, 16.069988250732422], "POPL_1986": [42.920650482177734, 16.11507225036621], "POPL_1973": [45.93389129638672, 3.0368661880493164], "POPL_1978": [44.5109977722168, 4.520847320556641], "POPL_1995": [28.64325714111328, 29.64976692199707], "POPL_1985": [39.95783615112305, 20.37824058532715], "POPL_1976": [42.54447555541992, 3.0429375171661377], "POPL_2009": [-8.614908218383789, 42.08340072631836], "POPL_1984": [42.02825164794922, 18.711633682250977], "POPL_2012": [-15.348363876342773, 40.383819580078125], "POPL_2010": [-13.176651954650879, 38.08425521850586], "POPL_1999": [24.790319442749023, 29.49620819091797], "POPL_2014": [-16.882980346679688, 39.60316848754883], "POPL_1983": [40.39486312866211, 17.56963539123535], "POPL_1975": [42.50094223022461, -7.336325168609619], "POPL_2002": [-3.5566816329956055, 45.9344367980957], "POPL_2003": [15.13344955444336, 23.377717971801758], "POPL_2011": [-14.150367736816406, 37.4526252746582], "POPL_2008": [-6.512202739715576, 43.57646179199219], "POPL_1994": [31.172197341918945, 30.276094436645508], "POPL_1992": [33.468544006347656, 20.23232650756836], "POPL_2015": [-14.186272621154785, 40.59355163574219], "POPL_1997": [30.735849380493164, 31.153322219848633], "POPL_1998": [26.275962829589844, 31.658170700073242], "POPL_1979": [43.496368408203125, 5.376458168029785], "PLDI_2015": [-30.469074249267578, -16.834089279174805], "PLDI_1991": [5.960780143737793, 9.984085083007812], "PLDI_2018": [-27.624706268310547, 9.215481758117676], "PLDI_1996": [-4.968155384063721, 8.315890312194824], "PLDI_2001": [-15.755594253540039, 11.05285358428955],