{"steve-blackburn_2004": [-9.147385597229004, 8.432036399841309], "steve-blackburn_1999": [7.836094379425049, -1.3843662738800049], "steve-blackburn_2011": [-5.379166126251221, 6.304955959320068], "steve-blackburn_2006": [-9.273749351501465, 8.751938819885254], "steve-blackburn_2000": [-6.0616679191589355, 1.5173943042755127], "steve-blackburn_2015": [-8.010241508483887, 6.859946250915527], "steve-blackburn_2005": [-7.230601787567139, 6.930020809173584], "steve-blackburn_1998": [7.3466925621032715, -6.277688980102539], "steve-blackburn_2016": [-7.571721076965332, 7.102718353271484], "steve-blackburn_1996": [9.456528663635254, -1.2740739583969116], "steve-blackburn_2001": [-6.548133850097656, 6.574582099914551], "steve-blackburn_2018": [9.37217903137207, -4.784789085388184], "steve-blackburn_2010": [-8.415925979614258, 7.567748546600342], "steve-blackburn_2012": [-5.6918840408325195, 6.058773040771484], "steve-blackburn_2013": [-7.834415912628174, 8.056673049926758], "steve-blackburn_1997": [7.782003879547119, -1.337290644645691], "steve-blackburn_2002": [-9.290313720703125, 8.673149108886719], "steve-blackburn_2003": [-8.749658584594727, 8.198257446289062], "steve-blackburn_2014": [-7.9643096923828125, 8.282615661621094], "steve-blackburn_2008": [-6.331832408905029, 5.66709041595459], "steve-blackburn_2009": [-9.325429916381836, 7.70053243637085], "steve-blackburn_2007": [-8.717032432556152, 7.257055282592773], "antony-l-hosking_2011": [-6.570055961608887, 5.8140387535095215], "antony-l-hosking_2016": [-5.460988998413086, 4.253810882568359], "antony-l-hosking_2009": [-1.9369879961013794, 0.601262092590332], "antony-l-hosking_2007": [-5.718824863433838, 2.7734034061431885], "antony-l-hosking_2006": [-6.91545295715332, 5.685576915740967], "antony-l-hosking_2004": [-7.164000988006592, 5.574202537536621], "antony-l-hosking_1995": [-7.640783309936523, 3.387997627258301], "antony-l-hosking_2015": [-7.265256881713867, 6.523529052734375], "antony-l-hosking_1999": [-7.883597373962402, 5.293081760406494], "antony-l-hosking_2014": [-4.8390727043151855, 1.4786559343338013], "antony-l-hosking_2005": [-7.652121067047119, 5.951957702636719], "antony-l-hosking_1990": [-6.20562744140625, 4.027114391326904], "antony-l-hosking_2003": [3.809635639190674, 1.1051336526870728], "antony-l-hosking_2001": [-8.709197998046875, 7.340524673461914], "antony-l-hosking_2018": [9.470248222351074, -4.085046291351318], "antony-l-hosking_2000": [-5.424469947814941, 3.3592112064361572], "antony-l-hosking_1993": [-6.667710304260254, 2.84120774269104], "antony-l-hosking_2012": [-6.630081653594971, 5.368614196777344], "antony-l-hosking_1991": [-2.644859790802002, 3.272399663925171], "antony-l-hosking_1998": [-5.894164562225342, 2.0471553802490234], "antony-l-hosking_1992": [-6.130108833312988, 5.028894901275635], "antony-l-hosking_2013": [9.819308280944824, -4.381738185882568], "antony-l-hosking_1997": [-8.073421478271484, 6.311196327209473], "antony-l-hosking_2010": [-6.953632354736328, 6.186739444732666], "antony-l-hosking_1994": [-7.953963279724121, 5.315969944000244], "antony-l-hosking_2008": [9.477989196777344, -4.5170512199401855], "antony-l-hosking_1996": [-6.863523483276367, 3.8598060607910156], "antony-l-hosking_2017": [-9.068246841430664, 8.173426628112793], "kathryn-mckinley_2009": [-4.6773810386657715, 3.1713075637817383], "kathryn-mckinley_2004": [-4.832327365875244, 4.06599235534668], "kathryn-mckinley_1994": [-1.0120580196380615, 2.608497142791748], "kathryn-mckinley_1998": [-3.883449077606201, 4.64663553237915], "kathryn-mckinley_1990": [0.9693883657455444, -2.715135335922241], "kathryn-mckinley_1995": [0.8982434868812561, -1.9767284393310547], "kathryn-mckinley_2006": [-4.258477687835693, 3.3529460430145264], "kathryn-mckinley_2015": [-2.80130672454834, 1.8486604690551758], "kathryn-mckinley_1991": [-1.615999460220337, 3.922473430633545], "kathryn-mckinley_2013": [-2.3011107444763184, 1.3962681293487549], "kathryn-mckinley_2007": [-4.608671188354492, 3.175567150115967], "kathryn-mckinley_2016": [-3.3142971992492676, 1.6417992115020752], "kathryn-mckinley_2011": [-2.654834508895874, 1.7204203605651855], "kathryn-mckinley_2000": [-1.946297287940979, 1.3332633972167969], "kathryn-mckinley_2018": [9.751391410827637, -4.968161106109619], "kathryn-mckinley_2008": [-4.681756973266602, 3.767608404159546], "kathryn-mckinley_2003": [-4.122046947479248, 2.6061158180236816], "kathryn-mckinley_1997": [1.2103688716888428, 0.47892653942108154], "kathryn-mckinley_2010": [-4.871777057647705, 3.5647690296173096], "kathryn-mckinley_1996": [-2.005981683731079, 2.2959542274475098], "kathryn-mckinley_2005": [-3.2100584506988525, 1.8089104890823364], "kathryn-mckinley_1992": [-0.830294668674469, 2.336826801300049], "kathryn-mckinley_1993": [-0.9980149269104004, 3.3386480808258057], "kathryn-mckinley_2012": [-3.38726806640625, 2.0293405055999756], "kathryn-mckinley_2002": [-5.305446147918701, 4.334537029266357], "kathryn-mckinley_2001": [-3.9653499126434326, 3.439671277999878], "kathryn-mckinley_2017": [-3.805330753326416, 2.944340944290161], "kathryn-mckinley_1999": [-3.861170768737793, 2.6852569580078125], "kathryn-mckinley_2014": [-4.106917381286621, 2.929795503616333], "kathryn-mckinley_1989": [-0.11267653107643127, 3.006963014602661], "POPL_1993": [5.473244667053223, -6.978693962097168], "POPL_2017": [4.222771644592285, -1.3303555250167847], "POPL_1980": [9.453776359558105, -7.571731090545654], "POPL_2001": [5.559359550476074, -8.326062202453613], "POPL_2016": [4.410055160522461, -1.2292289733886719], "POPL_2005": [3.6893813610076904, -4.786776542663574], "POPL_1996": [5.763385772705078, -7.377465724945068], "POPL_1988": [6.528369426727295, -7.302274227142334], "POPL_2006": [3.8525784015655518, -4.385588645935059], "POPL_2007": [3.6830832958221436, -5.264383316040039], "POPL_1991": [6.344961643218994, -7.828038692474365], "POPL_1977": [9.824712753295898, -7.206271171569824], "POPL_1982": [7.654287815093994, -7.104799270629883], "POPL_2004": [3.625136375427246, -5.81950044631958], "POPL_1989": [7.62320613861084, -6.7941107749938965], "POPL_1981": [8.463253021240234, -7.205502510070801], "POPL_2000": [5.639286994934082, -8.237671852111816], "POPL_2013": [4.964833736419678, -4.109756946563721], "POPL_1987": [7.983336448669434, -7.169544696807861], "POPL_1986": [7.600642204284668, -7.377235412597656], "POPL_1973": [10.174788475036621, -6.9510273933410645], "POPL_1978": [9.540677070617676, -7.091265678405762], "POPL_1995": [5.625003814697266, -7.283053874969482], "POPL_1985": [7.262477397918701, -7.97172737121582], "POPL_1976": [9.388093948364258, -6.850523471832275], "POPL_2009": [4.188884258270264, -4.496787071228027], "POPL_1984": [8.020773887634277, -7.68687105178833], "POPL_2012": [4.609084606170654, -3.6655962467193604], "POPL_2010": [3.700282096862793, -4.075969219207764], "POPL_1999": [4.325199604034424, -6.753263473510742], "POPL_2014": [4.149236679077148, -3.990866184234619], "POPL_1983": [7.801852703094482, -7.63008975982666], "POPL_1975": [9.071402549743652, -6.16996955871582], "POPL_2002": [3.7512569427490234, -6.009113788604736], "POPL_2003": [5.023289680480957, -6.171874523162842], "POPL_2011": [4.2004780769348145, -4.1869049072265625], "POPL_2008": [3.942134380340576, -4.6003241539001465], "POPL_1994": [5.9810614585876465, -7.372900009155273], "POPL_1992": [7.030008316040039, -6.352477073669434], "POPL_2015": [4.866344928741455, -3.959216594696045], "POPL_1997": [5.7887349128723145, -7.2998456954956055], "POPL_1998": [4.526678085327148, -6.748653411865234], "POPL_1979": [9.293502807617188, -7.035990238189697], "PLDI_2015": [2.6811635494232178, 0.05455414950847626], "PLDI_1991": [6.662924289703369, -6.3073201179504395], "PLDI_2018": [4.631324768066406, -2.296309471130371], "PLDI_1996": [4.349935531616211, -3.1020445823669434], "PLDI_2001": [3.2223973274230957, -2.5013365745544434], "PLDI_2016": [2.349128246307373, -0.16089633107185364],