{"cheng-soon-ong_2007": [-0.5695170164108276, 4.929600238800049], "cheng-soon-ong_2015": [-1.2223937511444092, 5.5588202476501465], "cheng-soon-ong_2016": [-0.5097955465316772, 5.1146559715271], "cheng-soon-ong_2008": [-0.09165140986442566, 3.404895782470703], "cheng-soon-ong_2005": [-0.9545830488204956, 5.806748867034912], "cheng-soon-ong_2009": [-0.1329784244298935, 3.027507781982422], "cheng-soon-ong_2014": [-0.14079609513282776, 2.7949483394622803], "cheng-soon-ong_2017": [-3.261928081512451, 1.0792148113250732], "cheng-soon-ong_2006": [-0.10490764677524567, 3.379422426223755], "cheng-soon-ong_2003": [-1.3328866958618164, 5.866400718688965], "cheng-soon-ong_2004": [-4.156648635864258, 4.816259384155273], "robert-c-williamson_2014": [-2.4981184005737305, 7.022785186767578], "robert-c-williamson_2007": [-4.611140727996826, 2.96669340133667], "robert-c-williamson_2002": [-3.44989275932312, 6.086085796356201], "robert-c-williamson_1998": [-5.568234443664551, 6.470651626586914], "robert-c-williamson_1999": [-4.936816692352295, 6.8566436767578125], "robert-c-williamson_2001": [-4.926813125610352, 6.6581549644470215], "robert-c-williamson_2006": [-4.5066986083984375, 5.450024604797363], "robert-c-williamson_1996": [-5.588545799255371, 6.509089946746826], "robert-c-williamson_1988": [-10.266303062438965, 3.7146310806274414], "robert-c-williamson_2011": [-2.2186970710754395, 6.836671352386475], "robert-c-williamson_2003": [-7.1610894203186035, 6.132740020751953], "robert-c-williamson_1994": [-5.779987812042236, 6.106661796569824], "robert-c-williamson_1993": [-8.689300537109375, 4.679050922393799], "robert-c-williamson_2000": [-4.864490509033203, 6.807441711425781], "robert-c-williamson_1992": [-7.7954888343811035, 5.597222328186035], "robert-c-williamson_1991": [-5.21175479888916, 0.466709166765213], "robert-c-williamson_2015": [-2.0626659393310547, 6.609040260314941], "robert-c-williamson_2010": [-3.3954849243164062, 4.045026779174805], "robert-c-williamson_1995": [-2.076549530029297, 2.834381580352783], "robert-c-williamson_2018": [-4.937872886657715, 1.6441452503204346], "robert-c-williamson_2005": [-3.5054445266723633, 4.065925598144531], "robert-c-williamson_2016": [-1.7221617698669434, 5.903608798980713], "robert-c-williamson_1997": [-2.0796637535095215, 2.8280558586120605], "robert-c-williamson_1990": [-10.353750228881836, 3.88122820854187], "robert-c-williamson_2017": [-3.349949359893799, 1.481924295425415], "robert-c-williamson_2009": [-7.2847065925598145, 5.830782413482666], "robert-c-williamson_2008": [-7.484645366668701, 5.52271842956543], "robert-c-williamson_2012": [-2.6923625469207764, 7.077883720397949], "robert-c-williamson_1985": [-9.03487777709961, 1.9847882986068726], "robert-c-williamson_1987": [-9.028528213500977, 2.4308645725250244], "robert-c-williamson_2004": [-3.781773328781128, 5.414310455322266], "alexander-j-smola_1998": [-3.9021084308624268, 5.633396148681641], "alexander-j-smola_2007": [-1.4886281490325928, 5.525146961212158], "alexander-j-smola_2005": [-2.302006721496582, 5.63379430770874], "alexander-j-smola_1999": [-4.051757335662842, 6.25430965423584], "alexander-j-smola_2010": [-1.4983649253845215, 5.396996974945068], "alexander-j-smola_2004": [-2.677381992340088, 5.639632701873779], "alexander-j-smola_2018": [-2.6215410232543945, 1.5359247922897339], "alexander-j-smola_2003": [-2.36643648147583, 5.583601474761963], "alexander-j-smola_2006": [-2.32887601852417, 5.61207914352417], "alexander-j-smola_2016": [-1.4100255966186523, 4.230807304382324], "alexander-j-smola_2000": [-3.6060216426849365, 6.245659351348877], "alexander-j-smola_1992": [-9.028524398803711, 2.43086838722229], "alexander-j-smola_2001": [-4.2168803215026855, 5.862268447875977], "alexander-j-smola_2008": [-1.673649549484253, 5.397985458374023], "alexander-j-smola_2017": [-2.539778232574463, 1.5979214906692505], "alexander-j-smola_2009": [-1.72793447971344, 5.3345770835876465], "alexander-j-smola_2013": [-2.431119441986084, 3.5418801307678223], "alexander-j-smola_2014": [-1.6900622844696045, 4.927585124969482], "alexander-j-smola_2012": [-1.5726640224456787, 5.315867900848389], "alexander-j-smola_2015": [-1.418615460395813, 4.620798587799072], "alexander-j-smola_2011": [-2.819810390472412, 4.016122817993164], "alexander-j-smola_2002": [-3.8812689781188965, 5.382248401641846], "alexander-j-smola_1997": [-6.616905689239502, 4.650625228881836], "alexander-j-smola_1995": [-9.034876823425293, 1.9847886562347412], "alexander-j-smola_1996": [-9.028522491455078, 2.430868625640869], "ICWSM_2007": [-5.603440761566162, -2.38753080368042], "ICWSM_2008": [-5.898544788360596, -2.624210834503174], "ICWSM_2017": [-4.455742835998535, -3.468306303024292], "ICWSM_2015": [-4.428310871124268, -3.414024591445923], "ICWSM_2012": [-3.9246442317962646, -3.546931505203247], "ICWSM_2010": [-5.2179179191589355, -2.982670307159424], "ICWSM_2011": [-3.897850751876831, -3.437706708908081], "ICWSM_2014": [-3.9488816261291504, -3.5433995723724365], "ICWSM_2013": [-3.8802874088287354, -3.563338279724121], "ICWSM_2009": [-5.136603355407715, -2.8786728382110596], "ICWSM_2016": [-4.414989471435547, -3.452036142349243], "ICWSM_2006": [-8.471328735351562, 0.04235297068953514], "WSDM_2011": [-2.6596171855926514, -1.6942503452301025], "WSDM_2016": [-2.683924674987793, -1.7171114683151245], "WSDM_2009": [-3.634202003479004, -1.3130607604980469], "WSDM_2018": [-2.5594074726104736, -1.731996774673462], "WSDM_2012": [-2.7279272079467773, -1.6938416957855225], "WSDM_2017": [-2.5790534019470215, -1.7243131399154663], "WSDM_2014": [-2.7150943279266357, -1.693516492843628], "WSDM_2010": [-3.4415900707244873, -1.370388388633728], "WSDM_2013": [-2.6993274688720703, -1.7281197309494019], "WSDM_2015": [-3.3024442195892334, -1.4152158498764038], "WSDM_2008": [-4.938901424407959, -1.9600234031677246], "CIKM_2008": [-8.541097640991211, -1.6648356914520264], "CIKM_2012": [-5.501255989074707, -1.4043340682983398], "CIKM_2009": [-5.664912700653076, -1.372021198272705], "CIKM_2006": [-8.895607948303223, -1.19558584690094], "CIKM_2005": [-9.122499465942383, -0.9091354012489319], "CIKM_2013": [-5.5808186531066895, -1.5146130323410034], "CIKM_2011": [-5.6873979568481445, -1.3695911169052124], "CIKM_2015": [-5.794844627380371, -1.5082886219024658], "CIKM_2003": [-9.146005630493164, 0.10999929159879684], "CIKM_2010": [-5.739552974700928, -1.433004379272461], "CIKM_2002": [-9.786298751831055, -0.4140103757381439], "CIKM_1994": [-9.73662281036377, 0.9056330919265747], "CIKM_2007": [-9.078349113464355, -1.3901543617248535], "CIKM_2017": [-5.7868428230285645, -1.5814012289047241], "CIKM_2016": [-5.677918434143066, -1.469607949256897], "CIKM_2014": [-5.659125328063965, -1.4508925676345825], "CIKM_1993": [-10.175121307373047, 0.5724561810493469], "CIKM_1995": [-10.14875602722168, 1.0859545469284058], "CIKM_2004": [-9.444064140319824, -0.6797533631324768], "CIKM_2001": [-9.7334623336792, -0.2588420808315277], "CIKM_2000": [-9.828469276428223, -0.20300957560539246], "CIKM_1997": [-9.51192569732666, 1.202773094177246], "CIKM_1999": [-9.811479568481445, 0.05488210916519165], "CIKM_1998": [-9.705032348632812, 0.6183130741119385], "CIKM_1992": [-9.116308212280273, 1.461541771888733], "CIKM_1996": [-9.5836820602417, 1.0922921895980835], "ICML_2005": [-5.655697822570801, 3.976285457611084], "ICML_2010": [-5.4770827293396, 3.688532590866089], "ICML_1989": [-6.885958194732666, 0.5644418001174927], "ICML_1991": [-6.832138538360596, 0.7971441745758057], "ICML_2016": [-3.498941659927368, 2.941283941268921], "ICML_2014": [-3.8403210639953613, 3.5445706844329834], "ICML_2017": [-3.502960205078125, 2.2687935829162598], "ICML_2013": [-3.867313861846924, 3.719653606414795], "ICML_2018": [-3.532052516937256, 2.089895248413086], "ICML_2008": [-5.174598217010498, 3.8674426078796387], "ICML_2003": [-6.020715236663818, 3.702761650085449], "ICML_2006": [-5.343477725982666, 3.860506534576416], "ICML_2000": [-7.303371906280518, 2.772840976715088],