{"cheng-soon-ong_2007": [-19.52250862121582, -13.669814109802246], "cheng-soon-ong_2015": [-17.64786720275879, -16.926450729370117], "cheng-soon-ong_2016": [-16.773832321166992, -17.422086715698242], "cheng-soon-ong_2008": [-19.708200454711914, -12.262691497802734], "cheng-soon-ong_2005": [-18.930458068847656, -15.409445762634277], "cheng-soon-ong_2009": [-21.07088279724121, -13.193123817443848], "cheng-soon-ong_2014": [-21.85218620300293, -13.487178802490234], "cheng-soon-ong_2017": [-12.035111427307129, -5.570457458496094], "cheng-soon-ong_2006": [-19.92817497253418, -13.192841529846191], "cheng-soon-ong_2003": [-17.881114959716797, -15.348917007446289], "cheng-soon-ong_2004": [-16.041288375854492, -11.777240753173828], "robert-c-williamson_2014": [-13.468555450439453, -15.801633834838867], "robert-c-williamson_2007": [-12.778728485107422, -14.206645011901855], "robert-c-williamson_2002": [-10.705862998962402, -12.897543907165527], "robert-c-williamson_1998": [-5.021409511566162, -14.302842140197754], "robert-c-williamson_1999": [-4.985214710235596, -11.534533500671387], "robert-c-williamson_2001": [-5.244684219360352, -12.460987091064453], "robert-c-williamson_2006": [-15.921839714050293, -13.531133651733398], "robert-c-williamson_1996": [-4.222912311553955, -12.489791870117188], "robert-c-williamson_1988": [5.982542991638184, 5.555670738220215], "robert-c-williamson_2011": [-14.940253257751465, -16.89963722229004], "robert-c-williamson_2003": [-4.049585342407227, -9.707351684570312], "robert-c-williamson_1994": [-4.472569942474365, -13.458373069763184], "robert-c-williamson_1993": [-0.1833844780921936, -8.109912872314453], "robert-c-williamson_2000": [-4.989333629608154, -11.020259857177734], "robert-c-williamson_1992": [-3.100632429122925, -9.286615371704102], "robert-c-williamson_1991": [-7.647740840911865, -13.394469261169434], "robert-c-williamson_2015": [-14.13281536102295, -16.021472930908203], "robert-c-williamson_2010": [-14.879070281982422, -15.30467414855957], "robert-c-williamson_1995": [-2.910562515258789, -13.312222480773926], "robert-c-williamson_2018": [-3.709956407546997, -1.4805793762207031], "robert-c-williamson_2005": [-13.107019424438477, -13.42927360534668], "robert-c-williamson_2016": [-16.357362747192383, -16.820632934570312], "robert-c-williamson_1997": [-2.4256739616394043, -13.511306762695312], "robert-c-williamson_1990": [-7.6419548988342285, -14.531582832336426], "robert-c-williamson_2017": [-12.641547203063965, -5.912078857421875], "robert-c-williamson_2009": [-4.829078674316406, -7.793162822723389], "robert-c-williamson_2008": [-4.745658874511719, -7.890283584594727], "robert-c-williamson_2012": [-13.68681526184082, -16.724369049072266], "robert-c-williamson_1985": [12.021838188171387, 13.070110321044922], "robert-c-williamson_1987": [14.008458137512207, 12.987299919128418], "robert-c-williamson_2004": [-16.734670639038086, -14.733256340026855], "alexander-j-smola_1998": [-8.597275733947754, -11.52711009979248], "alexander-j-smola_2007": [-12.365520477294922, -11.383416175842285], "alexander-j-smola_2005": [-11.729877471923828, -11.707152366638184], "alexander-j-smola_1999": [-6.869701862335205, -11.434890747070312], "alexander-j-smola_2010": [-13.61179256439209, -10.646648406982422], "alexander-j-smola_2004": [-14.85084056854248, -11.879136085510254], "alexander-j-smola_2018": [-14.032317161560059, -5.574878692626953], "alexander-j-smola_2003": [-11.676041603088379, -10.804627418518066], "alexander-j-smola_2006": [-12.39267635345459, -11.629548072814941], "alexander-j-smola_2016": [-13.666491508483887, -6.990102767944336], "alexander-j-smola_2000": [-7.639205455780029, -12.278668403625488], "alexander-j-smola_1992": [14.1077880859375, 12.201043128967285], "alexander-j-smola_2001": [-7.597208499908447, -12.691437721252441], "alexander-j-smola_2008": [-13.86245059967041, -11.222845077514648], "alexander-j-smola_2017": [-14.950921058654785, -5.014528274536133], "alexander-j-smola_2009": [-13.122689247131348, -10.515931129455566], "alexander-j-smola_2013": [-15.306056022644043, -9.352628707885742], "alexander-j-smola_2014": [-13.61706829071045, -8.784845352172852], "alexander-j-smola_2012": [-13.94219970703125, -12.63747787475586], "alexander-j-smola_2015": [-13.55374526977539, -8.169774055480957], "alexander-j-smola_2011": [-14.473539352416992, -9.94942855834961], "alexander-j-smola_2002": [-9.979467391967773, -11.58598518371582], "alexander-j-smola_1997": [0.7794150710105896, -2.926593780517578], "alexander-j-smola_1995": [12.525744438171387, 12.64553451538086], "alexander-j-smola_1996": [13.452388763427734, 12.313939094543457], "ICWSM_2007": [-10.682332038879395, 4.113618850708008], "ICWSM_2008": [-11.452779769897461, 3.668390989303589], "ICWSM_2017": [-12.981314659118652, 1.9627909660339355], "ICWSM_2015": [-14.703845977783203, 2.404641628265381], "ICWSM_2012": [-13.934205055236816, 2.82657790184021], "ICWSM_2010": [-12.131333351135254, 3.4102447032928467], "ICWSM_2011": [-13.230575561523438, 3.346217155456543], "ICWSM_2014": [-15.465702056884766, 2.9489896297454834], "ICWSM_2013": [-14.846721649169922, 3.065108060836792], "ICWSM_2009": [-11.741304397583008, 3.8120434284210205], "ICWSM_2016": [-13.340461730957031, 2.1368203163146973], "ICWSM_2006": [-11.356425285339355, 5.276827812194824], "WSDM_2011": [-18.41481590270996, -1.9179965257644653], "WSDM_2016": [-16.94131851196289, -2.7493209838867188], "WSDM_2009": [-19.501407623291016, -1.7798861265182495], "WSDM_2018": [-16.48756980895996, -3.3315823078155518], "WSDM_2012": [-18.292631149291992, -2.5590155124664307], "WSDM_2017": [-17.26787567138672, -1.6538736820220947], "WSDM_2014": [-17.52758026123047, -2.273477554321289], "WSDM_2010": [-19.012571334838867, -1.420479416847229], "WSDM_2013": [-16.723974227905273, -2.24552059173584], "WSDM_2015": [-17.44249725341797, -3.0673418045043945], "WSDM_2008": [-18.873870849609375, -3.3501949310302734], "CIKM_2008": [-1.6954503059387207, 9.10274887084961], "CIKM_2012": [-2.8404688835144043, 6.597212791442871], "CIKM_2009": [-2.519218921661377, 7.492598056793213], "CIKM_2006": [-2.0681357383728027, 10.666069030761719], "CIKM_2005": [-1.296093463897705, 9.564598083496094], "CIKM_2013": [-3.5812463760375977, 6.312959671020508], "CIKM_2011": [-2.4156434535980225, 7.943226337432861], "CIKM_2015": [-4.246846675872803, 5.7276506423950195], "CIKM_2003": [-0.591072678565979, 9.12280559539795], "CIKM_2010": [-3.2858242988586426, 7.250845909118652], "CIKM_2002": [-0.44646501541137695, 13.18078327178955], "CIKM_1994": [3.0996456146240234, 15.31131649017334], "CIKM_2007": [-2.7814242839813232, 9.641705513000488], "CIKM_2017": [-4.904853343963623, 5.121376037597656], "CIKM_2016": [-3.8568904399871826, 5.098288059234619], "CIKM_2014": [-2.9263994693756104, 5.364500999450684], "CIKM_1993": [2.5105674266815186, 15.361929893493652], "CIKM_1995": [2.724802255630493, 16.635066986083984], "CIKM_2004": [-2.7533373832702637, 9.256864547729492], "CIKM_2001": [0.3684830665588379, 12.21733570098877], "CIKM_2000": [-0.38219377398490906, 13.612895011901855], "CIKM_1997": [5.032723426818848, 14.116622924804688], "CIKM_1999": [0.7244412899017334, 13.048121452331543], "CIKM_1998": [1.0692280530929565, 14.198923110961914], "CIKM_1992": [4.074850082397461, 15.68775463104248], "CIKM_1996": [3.155397891998291, 15.124960899353027], "ICML_2005": [0.800276517868042, -0.9179861545562744], "ICML_2010": [2.007002830505371, -2.4489691257476807], "ICML_1989": [17.216978073120117, -1.9625681638717651], "ICML_1991": [17.395938873291016, -1.9742474555969238], "ICML_2016": [-0.47689470648765564, -5.059970378875732], "ICML_2014": [-0.34168097376823425, -4.227525234222412], "ICML_2017": [2.542229652404785, -7.127486705780029], "ICML_2013": [-0.17000412940979004, -3.771267890930176], "ICML_2018": [3.1649086475372314, -7.857604026794434], "ICML_2008": [-0.6608110070228577, -1.7599022388458252], "ICML_2003": [0.23710475862026215, -0.5191844701766968],