{"cheng-soon-ong_2007": [-8.526082038879395, -12.22817611694336], "cheng-soon-ong_2015": [-10.31779956817627, -10.14862060546875], "cheng-soon-ong_2016": [-10.267862319946289, -9.668041229248047], "cheng-soon-ong_2008": [-7.7825446128845215, -12.766586303710938], "cheng-soon-ong_2005": [-9.664894104003906, -11.490028381347656], "cheng-soon-ong_2009": [-8.585577011108398, -13.428410530090332], "cheng-soon-ong_2014": [-8.866826057434082, -13.801941871643066], "cheng-soon-ong_2017": [-3.6028387546539307, -12.087867736816406], "cheng-soon-ong_2006": [-8.314754486083984, -12.676507949829102], "cheng-soon-ong_2003": [-9.509634017944336, -10.849054336547852], "cheng-soon-ong_2004": [-6.186598777770996, -10.61203384399414], "robert-c-williamson_2014": [-8.301254272460938, -8.186028480529785], "robert-c-williamson_2007": [-7.252586364746094, -10.13518238067627], "robert-c-williamson_2002": [-6.939732074737549, -6.634330749511719], "robert-c-williamson_1998": [-6.9078826904296875, -2.4857070446014404], "robert-c-williamson_1999": [-6.839792728424072, -3.625138521194458], "robert-c-williamson_2001": [-6.694639205932617, -3.5098538398742676], "robert-c-williamson_2006": [-7.539766788482666, -6.751236438751221], "robert-c-williamson_1996": [-6.35931921005249, -3.0334317684173584], "robert-c-williamson_1988": [-4.690347671508789, 2.720785140991211], "robert-c-williamson_2011": [-9.378727912902832, -8.631869316101074], "robert-c-williamson_2003": [-8.37165641784668, -2.6161999702453613], "robert-c-williamson_1994": [-6.367838382720947, -2.45587420463562], "robert-c-williamson_1993": [-0.5115146636962891, 8.584726333618164], "robert-c-williamson_2000": [-7.207273006439209, -3.717090129852295], "robert-c-williamson_1992": [-8.519254684448242, -1.988249659538269], "robert-c-williamson_1991": [-4.748850345611572, -4.874372959136963], "robert-c-williamson_2015": [-8.638753890991211, -8.545113563537598], "robert-c-williamson_2010": [-8.370234489440918, -9.122570037841797], "robert-c-williamson_1995": [-5.597944736480713, -3.307208299636841], "robert-c-williamson_2018": [0.39092928171157837, -1.310593605041504], "robert-c-williamson_2005": [-6.974974632263184, -9.543188095092773], "robert-c-williamson_2016": [-9.859113693237305, -9.564598083496094], "robert-c-williamson_1997": [2.556319236755371, -1.0782427787780762], "robert-c-williamson_1990": [-3.901616096496582, -4.727759838104248], "robert-c-williamson_2017": [-3.543396472930908, -11.68775749206543], "robert-c-williamson_2009": [-9.739837646484375, -2.847179412841797], "robert-c-williamson_2008": [-9.667743682861328, -2.792724370956421], "robert-c-williamson_2012": [-8.939606666564941, -8.102163314819336], "robert-c-williamson_1985": [4.815433025360107, 2.3909337520599365], "robert-c-williamson_1987": [4.510992050170898, 2.9110937118530273], "robert-c-williamson_2004": [-8.908979415893555, -10.125849723815918], "alexander-j-smola_1998": [-5.587413311004639, -5.728842735290527], "alexander-j-smola_2007": [-5.635794162750244, -8.06663703918457], "alexander-j-smola_2005": [-5.7878570556640625, -7.717559337615967], "alexander-j-smola_1999": [-6.154236316680908, -4.741865634918213], "alexander-j-smola_2010": [-5.39019250869751, -8.98210620880127], "alexander-j-smola_2004": [-6.576536655426025, -8.44223403930664], "alexander-j-smola_2018": [-2.7180755138397217, -11.002610206604004], "alexander-j-smola_2003": [-5.726925849914551, -7.714061737060547], "alexander-j-smola_2006": [-5.8753581047058105, -8.03000259399414], "alexander-j-smola_2016": [-3.671751022338867, -10.723869323730469], "alexander-j-smola_2000": [-5.370530605316162, -5.0110554695129395], "alexander-j-smola_1992": [5.444642066955566, 3.239281177520752], "alexander-j-smola_2001": [-5.120007514953613, -4.930145263671875], "alexander-j-smola_2008": [-5.6660590171813965, -9.192294120788574], "alexander-j-smola_2017": [-2.1455860137939453, -11.03366470336914], "alexander-j-smola_2009": [-5.370733261108398, -8.71518611907959], "alexander-j-smola_2013": [-3.946763277053833, -8.833654403686523], "alexander-j-smola_2014": [-4.747042179107666, -9.975589752197266], "alexander-j-smola_2012": [-5.9045491218566895, -9.823546409606934], "alexander-j-smola_2015": [-4.452582359313965, -10.261412620544434], "alexander-j-smola_2011": [-4.627291202545166, -8.710519790649414], "alexander-j-smola_2002": [-5.725625038146973, -6.562962055206299], "alexander-j-smola_1997": [-0.22880655527114868, -1.8383750915527344], "alexander-j-smola_1995": [5.341069221496582, 3.5058181285858154], "alexander-j-smola_1996": [4.583620071411133, 3.1912777423858643], "ICWSM_2007": [1.8825466632843018, -9.194876670837402], "ICWSM_2008": [2.3017282485961914, -9.595053672790527], "ICWSM_2017": [3.6717629432678223, -10.345561981201172], "ICWSM_2015": [3.436187982559204, -11.446345329284668], "ICWSM_2012": [3.352731704711914, -10.987144470214844], "ICWSM_2010": [2.5557117462158203, -9.84684944152832], "ICWSM_2011": [2.8521063327789307, -10.593162536621094], "ICWSM_2014": [3.5718681812286377, -11.82817554473877], "ICWSM_2013": [3.498727321624756, -11.56159496307373], "ICWSM_2009": [2.3539981842041016, -9.615167617797852], "ICWSM_2016": [3.602815628051758, -10.566832542419434], "ICWSM_2006": [2.215327501296997, -8.708517074584961], "WSDM_2011": [-0.03903067111968994, -13.291885375976562], "WSDM_2016": [-0.19385048747062683, -12.333170890808105], "WSDM_2009": [0.04349764809012413, -13.906471252441406], "WSDM_2018": [-0.5737236738204956, -12.113966941833496], "WSDM_2012": [0.07671996206045151, -13.054325103759766], "WSDM_2017": [-0.5095423460006714, -12.719273567199707], "WSDM_2014": [-0.2053791582584381, -12.693056106567383], "WSDM_2010": [-0.03807409480214119, -13.77318000793457], "WSDM_2013": [-0.024246051907539368, -12.363144874572754], "WSDM_2015": [-0.10339147597551346, -12.437448501586914], "WSDM_2008": [0.7574492692947388, -13.040543556213379], "CIKM_2008": [4.559276103973389, -5.185853958129883], "CIKM_2012": [2.964641571044922, -5.810000419616699], "CIKM_2009": [3.579904079437256, -5.795013904571533], "CIKM_2006": [5.359098434448242, -5.588129043579102], "CIKM_2005": [4.876524448394775, -4.818904876708984], "CIKM_2013": [2.5638413429260254, -5.504054069519043], "CIKM_2011": [3.796912908554077, -5.541529655456543], "CIKM_2015": [1.888647198677063, -5.449592590332031], "CIKM_2003": [5.095465183258057, -5.091712951660156], "CIKM_2010": [3.2058756351470947, -5.5591301918029785], "CIKM_2002": [7.329663276672363, -5.267773628234863], "CIKM_1994": [9.002649307250977, -3.001540422439575], "CIKM_2007": [4.845109462738037, -6.236477375030518], "CIKM_2017": [1.5443865060806274, -5.026134490966797], "CIKM_2016": [1.9275935888290405, -5.506842136383057], "CIKM_2014": [2.151663303375244, -5.971198081970215], "CIKM_1993": [8.908181190490723, -3.0500478744506836], "CIKM_1995": [9.488086700439453, -2.2835474014282227], "CIKM_2004": [4.86610746383667, -6.223445892333984], "CIKM_2001": [7.016704559326172, -4.661618709564209], "CIKM_2000": [7.511532306671143, -5.281286239624023], "CIKM_1997": [8.22591495513916, -1.5101706981658936], "CIKM_1999": [7.587964057922363, -4.543108940124512], "CIKM_1998": [8.185530662536621, -4.314298629760742], "CIKM_1992": [9.591590881347656, -3.1186413764953613], "CIKM_1996": [8.910233497619629, -2.824533462524414], "ICML_2005": [-1.8059983253479004, -3.06406307220459], "ICML_2010": [-1.6638392210006714, -1.9563193321228027], "ICML_1989": [-1.6465080976486206, 5.95376443862915], "ICML_1991": [-1.5579549074172974, 6.047432899475098], "ICML_2016": [0.35520488023757935, -1.665340781211853], "ICML_2014": [0.13746875524520874, -1.9506959915161133], "ICML_2017": [0.6828975081443787, -0.704883337020874], "ICML_2013": [-0.026918765157461166, -2.169689416885376], "ICML_2018": [0.9405155181884766, -0.44848981499671936], "ICML_2008": [-0.731522798538208, -3.082598924636841], "ICML_2003": [-1.7589160203933716, -3.330805540084839], "ICML_2006": [-1.0199764966964722, -2.8646621704101562],