{"cheng-soon-ong_2007": [-21.790136337280273, -12.437875747680664], "cheng-soon-ong_2015": [-19.695592880249023, -12.415178298950195], "cheng-soon-ong_2016": [-20.013885498046875, -13.648324966430664], "cheng-soon-ong_2008": [-22.938961029052734, -13.162724494934082], "cheng-soon-ong_2005": [-20.281200408935547, -10.592480659484863], "cheng-soon-ong_2009": [-22.97928237915039, -11.374434471130371], "cheng-soon-ong_2014": [-23.099815368652344, -10.521175384521484], "cheng-soon-ong_2017": [-13.204459190368652, -19.1871395111084], "cheng-soon-ong_2006": [-22.378183364868164, -12.380263328552246], "cheng-soon-ong_2003": [-19.278030395507812, -10.918895721435547], "cheng-soon-ong_2004": [-15.202733039855957, -11.479514122009277], "robert-c-williamson_2014": [-16.348142623901367, -13.454065322875977], "robert-c-williamson_2007": [-16.587793350219727, -16.366939544677734], "robert-c-williamson_2002": [-12.91504955291748, -10.141825675964355], "robert-c-williamson_1998": [-12.219484329223633, -7.590572357177734], "robert-c-williamson_1999": [-9.56259536743164, -6.960274696350098], "robert-c-williamson_2001": [-10.496110916137695, -7.411783218383789], "robert-c-williamson_2006": [-13.956939697265625, -9.88735580444336], "robert-c-williamson_1996": [-10.527660369873047, -6.371407985687256], "robert-c-williamson_1988": [-2.8823697566986084, 8.23068904876709], "robert-c-williamson_2011": [-18.221723556518555, -13.499088287353516], "robert-c-williamson_2003": [-7.92519998550415, -5.779763698577881], "robert-c-williamson_1994": [-11.402617454528809, -6.902795314788818], "robert-c-williamson_1993": [-3.941105365753174, 4.667787551879883], "robert-c-williamson_2000": [-9.098822593688965, -6.85296106338501], "robert-c-williamson_1992": [-6.9844231605529785, -5.585812091827393], "robert-c-williamson_1991": [-7.961813449859619, -9.697757720947266], "robert-c-williamson_2015": [-17.121021270751953, -13.543622970581055], "robert-c-williamson_2010": [-17.64068603515625, -14.666204452514648], "robert-c-williamson_1995": [-11.864370346069336, -5.515684127807617], "robert-c-williamson_2018": [0.2851910889148712, -5.181568145751953], "robert-c-williamson_2005": [-16.038145065307617, -15.629695892333984], "robert-c-williamson_2016": [-19.398746490478516, -13.418304443359375], "robert-c-williamson_1997": [-12.219250679016113, -5.150420188903809], "robert-c-williamson_1990": [-6.742486000061035, -9.796368598937988], "robert-c-williamson_2017": [-13.188060760498047, -18.57195281982422], "robert-c-williamson_2009": [-8.160140037536621, -3.7223238945007324], "robert-c-williamson_2008": [-8.119202613830566, -3.8226747512817383], "robert-c-williamson_2012": [-17.186553955078125, -13.086862564086914], "robert-c-williamson_1985": [18.844120025634766, 5.612832069396973], "robert-c-williamson_1987": [18.25499153137207, 6.823161602020264], "robert-c-williamson_2004": [-18.050477981567383, -11.226105690002441], "alexander-j-smola_1998": [-10.195313453674316, -10.2044677734375], "alexander-j-smola_2007": [-12.543560981750488, -13.090458869934082], "alexander-j-smola_2005": [-12.181880950927734, -12.525402069091797], "alexander-j-smola_1999": [-9.926054000854492, -8.758084297180176], "alexander-j-smola_2010": [-13.591713905334473, -14.237913131713867], "alexander-j-smola_2004": [-14.199947357177734, -12.139924049377441], "alexander-j-smola_2018": [-16.21100616455078, -8.74998664855957], "alexander-j-smola_2003": [-12.788097381591797, -12.04826545715332], "alexander-j-smola_2006": [-13.029398918151855, -12.696196556091309], "alexander-j-smola_2016": [-13.026734352111816, -17.11077308654785], "alexander-j-smola_2000": [-9.090766906738281, -9.48098373413086], "alexander-j-smola_1992": [18.273794174194336, 7.577624797821045], "alexander-j-smola_2001": [-8.660552978515625, -9.526642799377441], "alexander-j-smola_2008": [-14.265686988830566, -13.970704078674316], "alexander-j-smola_2017": [-9.708929061889648, -16.992990493774414], "alexander-j-smola_2009": [-13.2836332321167, -13.783419609069824], "alexander-j-smola_2013": [-11.552542686462402, -15.060525894165039], "alexander-j-smola_2014": [-13.652983665466309, -15.796774864196777], "alexander-j-smola_2012": [-14.849117279052734, -15.131697654724121], "alexander-j-smola_2015": [-13.520730018615723, -16.307527542114258], "alexander-j-smola_2011": [-12.291584014892578, -14.518501281738281], "alexander-j-smola_2002": [-11.287171363830566, -11.046086311340332], "alexander-j-smola_1997": [-2.0275182723999023, -1.1353425979614258], "alexander-j-smola_1995": [19.42197608947754, 7.25253438949585], "alexander-j-smola_1996": [18.876102447509766, 6.789100170135498], "ICWSM_2007": [-11.935080528259277, 1.136565923690796], "ICWSM_2008": [-12.816614151000977, 1.0173016786575317], "ICWSM_2017": [-15.0563383102417, 1.7835983037948608], "ICWSM_2015": [-16.2519588470459, 0.6356297135353088], "ICWSM_2012": [-15.374005317687988, 0.5718072056770325], "ICWSM_2010": [-13.508713722229004, 0.9369249939918518], "ICWSM_2011": [-14.491595268249512, 0.4913178086280823], "ICWSM_2014": [-16.754791259765625, -0.09859135001897812], "ICWSM_2013": [-16.13025665283203, 0.006830356549471617], "ICWSM_2009": [-12.99467945098877, 1.152051329612732], "ICWSM_2016": [-15.238116264343262, 1.4508395195007324], "ICWSM_2006": [-12.17475700378418, 2.430654525756836], "WSDM_2011": [-6.445143699645996, -19.34303855895996], "WSDM_2016": [-7.8204731941223145, -18.417800903320312], "WSDM_2009": [-6.256464004516602, -20.526264190673828], "WSDM_2018": [-8.33236026763916, -17.96074867248535], "WSDM_2012": [-7.009644508361816, -19.52488136291504], "WSDM_2017": [-7.115140438079834, -18.076309204101562], "WSDM_2014": [-7.172523498535156, -18.703941345214844], "WSDM_2010": [-6.0199995040893555, -20.07019805908203], "WSDM_2013": [-8.11672306060791, -19.027559280395508], "WSDM_2015": [-7.802938938140869, -19.178386688232422], "WSDM_2008": [-5.7333984375, -18.611495971679688], "CIKM_2008": [10.3732328414917, -8.425287246704102], "CIKM_2012": [7.718652248382568, -9.03470230102539], "CIKM_2009": [8.698107719421387, -9.085603713989258], "CIKM_2006": [10.4957914352417, -7.482232093811035], "CIKM_2005": [11.091340065002441, -8.278706550598145], "CIKM_2013": [7.218717575073242, -8.340300559997559], "CIKM_2011": [9.134173393249512, -8.62623119354248], "CIKM_2015": [5.904487133026123, -8.517324447631836], "CIKM_2003": [11.554789543151855, -8.837748527526855], "CIKM_2010": [8.192768096923828, -8.381441116333008], "CIKM_2002": [14.233891487121582, -8.127079963684082], "CIKM_1994": [17.837356567382812, -6.47432804107666], "CIKM_2007": [10.205342292785645, -9.998810768127441], "CIKM_2017": [5.730203628540039, -7.38131856918335], "CIKM_2016": [6.422166347503662, -7.973188400268555], "CIKM_2014": [6.549239158630371, -9.26579475402832], "CIKM_1993": [17.7767391204834, -7.095849990844727], "CIKM_1995": [19.032495498657227, -7.135609149932861], "CIKM_2004": [10.657974243164062, -10.086867332458496], "CIKM_2001": [14.6763334274292, -9.169170379638672], "CIKM_2000": [14.455450057983398, -7.821509838104248], "CIKM_1997": [17.413209915161133, -3.8160548210144043], "CIKM_1999": [15.300370216369629, -8.600154876708984], "CIKM_1998": [16.038253784179688, -7.718614101409912], "CIKM_1992": [18.31037139892578, -5.588220596313477], "CIKM_1996": [17.751684188842773, -6.413181781768799], "ICML_2005": [-4.316531181335449, 0.3734619617462158], "ICML_2010": [-2.4141838550567627, 0.4849626421928406], "ICML_1989": [4.85231876373291, 14.13047981262207], "ICML_1991": [4.939130783081055, 14.068605422973633], "ICML_2016": [-1.4575666189193726, -2.97836971282959], "ICML_2014": [-2.028858184814453, -2.3882176876068115], "ICML_2017": [1.210374116897583, -2.0672292709350586], "ICML_2013": [-2.346393346786499, -2.08504319190979], "ICML_2018": [2.132254123687744, -2.0466833114624023], "ICML_2008": [-4.38433313369751, -1.3593391180038452], "ICML_2003": [-4.9635467529296875, 0.1472286432981491], "ICML_2006": [-3.8103525638580322, -0.8509776592254639],