{"steve-blackburn_2004": [49.96412658691406, 13.042814254760742], "steve-blackburn_1999": [-24.802431106567383, 8.151117324829102], "steve-blackburn_2011": [38.94355010986328, 1.788550615310669], "steve-blackburn_2006": [51.18222427368164, 13.429963111877441], "steve-blackburn_2000": [33.34904479980469, -6.112043857574463], "steve-blackburn_2015": [44.41188430786133, 11.056974411010742], "steve-blackburn_2005": [41.1971321105957, 11.38510799407959], "steve-blackburn_1998": [-25.440799713134766, 9.462850570678711], "steve-blackburn_2016": [43.364131927490234, 11.944489479064941], "steve-blackburn_1996": [-7.562859535217285, -13.81182861328125], "steve-blackburn_2001": [42.05105209350586, 5.832178115844727], "steve-blackburn_2018": [-31.924497604370117, 21.081092834472656], "steve-blackburn_2010": [46.54923629760742, 12.329325675964355], "steve-blackburn_2012": [38.79215621948242, 2.4338910579681396], "steve-blackburn_2013": [44.23408126831055, 14.044533729553223], "steve-blackburn_1997": [-23.61560821533203, 8.634627342224121], "steve-blackburn_2002": [50.79380416870117, 12.342249870300293], "steve-blackburn_2003": [48.87812423706055, 12.58739948272705], "steve-blackburn_2014": [44.854644775390625, 14.63524055480957], "steve-blackburn_2008": [40.30249786376953, 6.202465534210205], "steve-blackburn_2009": [47.122222900390625, 14.083477973937988], "steve-blackburn_2007": [47.36302947998047, 11.341869354248047], "antony-l-hosking_2011": [40.60199737548828, 6.997602939605713], "antony-l-hosking_2016": [32.48671340942383, 1.9019392728805542], "antony-l-hosking_2009": [18.508882522583008, -5.962525844573975], "antony-l-hosking_2007": [28.819141387939453, 3.089120388031006], "antony-l-hosking_2006": [39.853668212890625, 8.232686042785645], "antony-l-hosking_2004": [39.22128677368164, 8.9907808303833], "antony-l-hosking_1995": [30.546464920043945, 6.326030731201172], "antony-l-hosking_2015": [41.9904899597168, 10.226388931274414], "antony-l-hosking_1999": [37.3293571472168, 9.511085510253906], "antony-l-hosking_2014": [30.928903579711914, 2.0665693283081055], "antony-l-hosking_2005": [39.38669967651367, 10.266203880310059], "antony-l-hosking_1990": [33.52245330810547, 3.9728004932403564], "antony-l-hosking_2003": [8.841874122619629, -15.957810401916504], "antony-l-hosking_2001": [46.557674407958984, 10.584901809692383], "antony-l-hosking_2018": [-32.55221176147461, 23.314834594726562], "antony-l-hosking_2000": [32.79033279418945, -3.1151633262634277], "antony-l-hosking_1993": [29.106964111328125, 4.5618367195129395], "antony-l-hosking_2012": [39.09001541137695, 7.44364595413208], "antony-l-hosking_1991": [26.034271240234375, -6.001845836639404], "antony-l-hosking_1998": [33.17447280883789, -5.279876232147217], "antony-l-hosking_1992": [37.77070617675781, 5.357723712921143], "antony-l-hosking_2013": [-30.230539321899414, 23.597797393798828], "antony-l-hosking_1997": [43.96352767944336, 9.473799705505371], "antony-l-hosking_2010": [41.57725143432617, 7.9944610595703125], "antony-l-hosking_1994": [36.34000778198242, 8.571645736694336], "antony-l-hosking_2008": [-29.88639259338379, 22.273637771606445], "antony-l-hosking_1996": [32.87599563598633, 5.324835300445557], "antony-l-hosking_2017": [49.183509826660156, 14.105453491210938], "kathryn-mckinley_2009": [30.93681526184082, -1.4332160949707031], "kathryn-mckinley_2004": [33.21791076660156, 0.3588918149471283], "kathryn-mckinley_1994": [21.77716636657715, -8.893531799316406], "kathryn-mckinley_1998": [29.547958374023438, -4.677819728851318], "kathryn-mckinley_1990": [-1.6631624698638916, -7.327533721923828], "kathryn-mckinley_1995": [0.3725479543209076, -6.874378204345703], "kathryn-mckinley_2006": [29.72713279724121, -0.8396479487419128], "kathryn-mckinley_2015": [21.989530563354492, -4.831810474395752], "kathryn-mckinley_1991": [24.219741821289062, -10.266714096069336], "kathryn-mckinley_2013": [20.332656860351562, -5.124190330505371], "kathryn-mckinley_2007": [31.049203872680664, -2.173513889312744], "kathryn-mckinley_2016": [22.651857376098633, -2.5313196182250977], "kathryn-mckinley_2011": [21.251623153686523, -5.065381050109863], "kathryn-mckinley_2000": [19.504444122314453, -4.203225612640381], "kathryn-mckinley_2018": [-30.77541732788086, 21.45830726623535], "kathryn-mckinley_2008": [31.97430992126465, -0.08732230961322784], "kathryn-mckinley_2003": [26.845491409301758, -1.7273390293121338], "kathryn-mckinley_1997": [12.807090759277344, -11.275640487670898], "kathryn-mckinley_2010": [32.10161590576172, -1.4698631763458252], "kathryn-mckinley_1996": [21.87691307067871, -7.059137344360352], "kathryn-mckinley_2005": [22.948732376098633, -3.596458673477173], "kathryn-mckinley_1992": [20.750261306762695, -8.821670532226562], "kathryn-mckinley_1993": [23.11939811706543, -10.112059593200684], "kathryn-mckinley_2012": [23.713054656982422, -2.715869903564453], "kathryn-mckinley_2002": [34.050506591796875, 1.2152756452560425], "kathryn-mckinley_2001": [29.318017959594727, -2.959993362426758], "kathryn-mckinley_2017": [27.303394317626953, -0.0598701648414135], "kathryn-mckinley_1999": [26.89093017578125, -2.314908981323242], "kathryn-mckinley_2014": [28.437543869018555, -1.0638822317123413], "kathryn-mckinley_1989": [21.64129066467285, -11.500760078430176], "POPL_1993": [-24.402475357055664, -2.8530070781707764], "POPL_2017": [5.920838356018066, -8.285524368286133], "POPL_1980": [-29.64589500427246, 9.515070915222168], "POPL_2001": [-22.896373748779297, 5.108983993530273], "POPL_2016": [5.864583969116211, -7.892271041870117], "POPL_2005": [-22.333599090576172, -11.364579200744629], "POPL_1996": [-23.995468139648438, -1.2639659643173218], "POPL_1988": [-26.447402954101562, 0.8111712336540222], "POPL_2006": [-21.9920597076416, -12.657716751098633], "POPL_2007": [-23.742605209350586, -13.40450382232666], "POPL_1991": [-24.423067092895508, 0.3570857644081116], "POPL_1977": [-26.890422821044922, 9.67919635772705], "POPL_1982": [-28.53311538696289, 5.424864768981934], "POPL_2004": [-24.19141960144043, -10.0725736618042], "POPL_1989": [-26.632905960083008, 4.670490264892578], "POPL_1981": [-27.908985137939453, 6.9885149002075195], "POPL_2000": [-22.92147445678711, 4.792173385620117], "POPL_2013": [-17.759532928466797, -11.871057510375977], "POPL_1987": [-27.835355758666992, 5.505113124847412], "POPL_1986": [-30.639156341552734, 4.754978179931641], "POPL_1973": [-26.287015914916992, 10.526930809020996], "POPL_1978": [-27.636016845703125, 10.12347412109375], "POPL_1995": [-24.846694946289062, -2.0094563961029053], "POPL_1985": [-29.36264419555664, 3.0208489894866943], "POPL_1976": [-28.160194396972656, 11.351588249206543], "POPL_2009": [-20.978206634521484, -12.990133285522461], "POPL_1984": [-29.69430160522461, 6.149303436279297], "POPL_2012": [-18.716054916381836, -14.057665824890137], "POPL_2010": [-20.30527687072754, -11.220500946044922], "POPL_1999": [-24.441137313842773, -7.111510276794434], "POPL_2014": [-19.858295440673828, -13.859155654907227], "POPL_1983": [-28.855484008789062, 4.475986480712891], "POPL_1975": [-28.269203186035156, 15.817346572875977], "POPL_2002": [-24.271291732788086, -8.667451858520508], "POPL_2003": [-23.75755500793457, -4.3620805740356445], "POPL_2011": [-20.124094009399414, -12.328391075134277], "POPL_2008": [-22.197237014770508, -13.854680061340332], "POPL_1994": [-25.542530059814453, -0.5677763223648071], "POPL_1992": [-25.821216583251953, 3.908109426498413], "POPL_2015": [-17.508560180664062, -12.657636642456055], "POPL_1997": [-26.01781463623047, -1.2357646226882935], "POPL_1998": [-24.36465072631836, -6.084477424621582], "POPL_1979": [-28.235076904296875, 9.946894645690918], "PLDI_2015": [10.061521530151367, -11.791053771972656], "PLDI_1991": [-20.079334259033203, 0.8696045279502869], "PLDI_2018": [-13.143424987792969, -15.27064037322998], "PLDI_1996": [-9.112177848815918, -8.684895515441895], "PLDI_2001": [-2.206028461456299, -12.283220291137695],