{"steve-blackburn_2004": [7.637299060821533, -3.2268388271331787], "steve-blackburn_1999": [-2.770188331604004, -3.519810914993286], "steve-blackburn_2011": [6.249365329742432, -1.8561944961547852], "steve-blackburn_2006": [6.510218620300293, -2.821455240249634], "steve-blackburn_2000": [3.113558053970337, -3.8340821266174316], "steve-blackburn_2015": [6.4078192710876465, -2.7042365074157715], "steve-blackburn_2005": [5.484452247619629, -2.7855887413024902], "steve-blackburn_1998": [-2.772643566131592, -3.2752697467803955], "steve-blackburn_2016": [6.841897487640381, -2.5624940395355225], "steve-blackburn_1996": [-3.3716557025909424, -1.7141386270523071], "steve-blackburn_2001": [4.966244697570801, -2.9655942916870117], "steve-blackburn_2018": [-2.491455316543579, -1.7309049367904663], "steve-blackburn_2010": [5.423730373382568, -2.5385775566101074], "steve-blackburn_2012": [7.242192268371582, -2.498377799987793], "steve-blackburn_2013": [5.523967742919922, -2.113572835922241], "steve-blackburn_1997": [-2.7783379554748535, -3.2968909740448], "steve-blackburn_2002": [7.1845526695251465, -2.96720027923584], "steve-blackburn_2003": [6.694890975952148, -2.856135606765747], "steve-blackburn_2014": [6.734564304351807, -2.301689386367798], "steve-blackburn_2008": [4.582433700561523, -2.664691686630249], "steve-blackburn_2009": [5.888055324554443, -2.5927817821502686], "steve-blackburn_2007": [6.315427780151367, -2.9045872688293457], "antony-l-hosking_2011": [7.7285075187683105, -3.290693998336792], "antony-l-hosking_2016": [4.970986366271973, -2.4387216567993164], "antony-l-hosking_2009": [2.885241985321045, -0.9793055653572083], "antony-l-hosking_2007": [3.453866958618164, -3.108811378479004], "antony-l-hosking_2006": [7.223238468170166, -2.950371742248535], "antony-l-hosking_2004": [7.242315292358398, -3.0262339115142822], "antony-l-hosking_1995": [2.7360217571258545, -3.683699607849121], "antony-l-hosking_2015": [6.828456878662109, -2.7262651920318604], "antony-l-hosking_1999": [7.09226131439209, -3.249612331390381], "antony-l-hosking_2014": [0.7136107087135315, -0.17095880210399628], "antony-l-hosking_2005": [5.1065568923950195, -2.5782124996185303], "antony-l-hosking_1990": [3.7453956604003906, -2.8495395183563232], "antony-l-hosking_2003": [-1.564637303352356, -2.87736177444458], "antony-l-hosking_2001": [6.359206676483154, -2.894209861755371], "antony-l-hosking_2018": [-2.4914565086364746, -1.7309015989303589], "antony-l-hosking_2000": [4.35626745223999, -2.766507863998413], "antony-l-hosking_1993": [1.9949419498443604, -3.21761155128479], "antony-l-hosking_2012": [3.6217639446258545, -2.3540523052215576], "antony-l-hosking_1991": [-1.1442625522613525, -2.831692934036255], "antony-l-hosking_1998": [2.7827019691467285, -3.1631367206573486], "antony-l-hosking_1992": [1.7901344299316406, -1.524325966835022], "antony-l-hosking_2013": [-2.4914557933807373, -1.7309017181396484], "antony-l-hosking_1997": [3.0244131088256836, -2.4396512508392334], "antony-l-hosking_2010": [5.12480354309082, -2.6543853282928467], "antony-l-hosking_1994": [3.980518341064453, -2.9570505619049072], "antony-l-hosking_2008": [-2.491454839706421, -1.7309026718139648], "antony-l-hosking_1996": [2.922779083251953, -3.0407347679138184], "antony-l-hosking_2017": [4.376443862915039, -2.498859167098999], "kathryn-mckinley_2009": [5.724759578704834, -2.5007026195526123], "kathryn-mckinley_2004": [7.2342209815979, -2.6303634643554688], "kathryn-mckinley_1994": [1.409591555595398, -0.5270850658416748], "kathryn-mckinley_1998": [4.128956317901611, -2.267241954803467], "kathryn-mckinley_1990": [-2.3920178413391113, -0.19980819523334503], "kathryn-mckinley_1995": [-2.1580348014831543, 0.5408877730369568], "kathryn-mckinley_2006": [6.803208827972412, -2.440603733062744], "kathryn-mckinley_2015": [5.274391174316406, -1.8289772272109985], "kathryn-mckinley_1991": [3.493373155593872, -3.1058034896850586], "kathryn-mckinley_2013": [5.031606674194336, -1.7490477561950684], "kathryn-mckinley_2007": [6.175052165985107, -2.695542097091675], "kathryn-mckinley_2016": [4.589199542999268, -1.0433454513549805], "kathryn-mckinley_2011": [5.23287296295166, -1.8111586570739746], "kathryn-mckinley_2000": [3.7442359924316406, -1.538149356842041], "kathryn-mckinley_2018": [-2.491452932357788, -1.7309057712554932], "kathryn-mckinley_2008": [7.0440192222595215, -2.563683032989502], "kathryn-mckinley_2003": [4.993743896484375, -1.9012072086334229], "kathryn-mckinley_1997": [-1.1462732553482056, -2.371965169906616], "kathryn-mckinley_2010": [6.18030309677124, -2.7063376903533936], "kathryn-mckinley_1996": [3.9963958263397217, -1.9401122331619263], "kathryn-mckinley_2005": [4.816763401031494, -1.1660164594650269], "kathryn-mckinley_1992": [-0.4040144979953766, 0.03178546950221062], "kathryn-mckinley_1993": [1.3567556142807007, -3.2897212505340576], "kathryn-mckinley_2012": [5.070549488067627, -1.4118125438690186], "kathryn-mckinley_2002": [6.770334720611572, -2.6033217906951904], "kathryn-mckinley_2001": [4.656305313110352, -2.2500600814819336], "kathryn-mckinley_2017": [4.570780277252197, -1.5989001989364624], "kathryn-mckinley_1999": [4.241667747497559, -1.8137918710708618], "kathryn-mckinley_2014": [5.7488694190979, -2.1763641834259033], "kathryn-mckinley_1989": [-2.2341082096099854, -0.49594205617904663], "POPL_1993": [-0.6725371479988098, -0.5995303392410278], "POPL_2017": [4.530330657958984, -2.5241665840148926], "POPL_1980": [-2.4850728511810303, -1.05623459815979], "POPL_2001": [-1.537567138671875, -1.000130295753479], "POPL_2016": [2.968477487564087, -2.000030040740967], "POPL_2005": [-0.09291382879018784, -1.780497431755066], "POPL_1996": [-1.086064100265503, -0.579135000705719], "POPL_1988": [-1.6438794136047363, -0.8763642311096191], "POPL_2006": [0.31523582339286804, -2.103734254837036], "POPL_2007": [0.05021537467837334, -2.4060964584350586], "POPL_1991": [-1.6116024255752563, -0.5404589176177979], "POPL_1977": [-2.3395445346832275, -1.2304351329803467], "POPL_1982": [-1.8447009325027466, -0.8398931622505188], "POPL_2004": [-0.28908729553222656, -1.3676379919052124], "POPL_1989": [-1.652435302734375, -0.30768829584121704], "POPL_1981": [-2.4435250759124756, -1.1032854318618774], "POPL_2000": [-1.3881405591964722, -0.8857960104942322], "POPL_2013": [0.5975731611251831, -2.270977258682251], "POPL_1987": [-2.099515199661255, -1.0528148412704468], "POPL_1986": [-1.8251522779464722, -0.9393714666366577], "POPL_1973": [-2.6724374294281006, -1.265038251876831], "POPL_1978": [-2.2803163528442383, -1.3252804279327393], "POPL_1995": [-1.0168007612228394, -0.5066947937011719], "POPL_1985": [-1.9568195343017578, -0.5090755224227905], "POPL_1976": [-2.08026123046875, -1.4825224876403809], "POPL_2009": [0.45816776156425476, -1.9310328960418701], "POPL_1984": [-2.0605149269104004, -0.7780373692512512], "POPL_2012": [1.3155112266540527, -2.2139439582824707], "POPL_2010": [1.0487868785858154, -2.4008004665374756], "POPL_1999": [-0.825444757938385, -0.846779465675354], "POPL_2014": [1.5977059602737427, -2.370072364807129], "POPL_1983": [-2.1543428897857666, -0.86412513256073], "POPL_1975": [-2.3749396800994873, -1.3911491632461548], "POPL_2002": [-0.11340555548667908, -1.1321866512298584], "POPL_2003": [-1.0252326726913452, -1.273383617401123], "POPL_2011": [1.4649113416671753, -2.2189455032348633], "POPL_2008": [0.002026139758527279, -2.1845169067382812], "POPL_1994": [-1.194549798965454, -0.29725658893585205], "POPL_1992": [-1.6457045078277588, -1.1304287910461426], "POPL_2015": [1.170625925064087, -2.1940395832061768], "POPL_1997": [-1.2110570669174194, -0.31195440888404846], "POPL_1998": [-0.3910011947154999, -0.6754642724990845], "POPL_1979": [-2.4179115295410156, -1.196729063987732], "PLDI_2015": [3.614802360534668, -2.225165843963623], "PLDI_1991": [-0.9009798169136047, -0.8814685940742493], "PLDI_2018": [2.239868640899658, -2.0322954654693604], "PLDI_1996": [0.5294302105903625, -1.238052248954773],