{"steve-blackburn_2004": [-29.77841567993164, -51.57560729980469], "steve-blackburn_1999": [-12.779587745666504, 21.845422744750977], "steve-blackburn_2011": [-7.590636730194092, -42.55345153808594], "steve-blackburn_2006": [-30.55609130859375, -52.87525939941406], "steve-blackburn_2000": [8.170503616333008, -38.869056701660156], "steve-blackburn_2015": [-21.466997146606445, -48.63526153564453], "steve-blackburn_2005": [-16.94692611694336, -48.15713882446289], "steve-blackburn_1998": [-11.500367164611816, 22.109411239624023], "steve-blackburn_2016": [-19.73002052307129, -49.654056549072266], "steve-blackburn_1996": [29.265798568725586, 9.218031883239746], "steve-blackburn_2001": [-13.74591064453125, -46.15076446533203], "steve-blackburn_2018": [-39.32440185546875, 2.0397465229034424], "steve-blackburn_2010": [-24.292072296142578, -49.61104965209961], "steve-blackburn_2012": [-7.854540824890137, -41.909000396728516], "steve-blackburn_2013": [-20.148183822631836, -52.29842758178711], "steve-blackburn_1997": [-11.093856811523438, 20.85941505432129], "steve-blackburn_2002": [-30.984580993652344, -51.64515686035156], "steve-blackburn_2003": [-28.572839736938477, -51.33905029296875], "steve-blackburn_2014": [-20.699312210083008, -53.08594512939453], "steve-blackburn_2008": [-13.341377258300781, -44.223297119140625], "steve-blackburn_2009": [-24.86568260192871, -51.173099517822266], "steve-blackburn_2007": [-25.05809211730957, -48.15354537963867], "antony-l-hosking_2011": [-14.287580490112305, -44.08817672729492], "antony-l-hosking_2016": [-1.6636754274368286, -38.36372756958008], "antony-l-hosking_2009": [18.715526580810547, -21.50971031188965], "antony-l-hosking_2007": [7.756977558135986, -33.28731155395508], "antony-l-hosking_2006": [-16.949705123901367, -43.825077056884766], "antony-l-hosking_2004": [-17.997129440307617, -43.29896545410156], "antony-l-hosking_1995": [10.643887519836426, -35.26201248168945], "antony-l-hosking_2015": [-18.3641414642334, -47.81739044189453], "antony-l-hosking_1999": [-18.802778244018555, -41.150760650634766], "antony-l-hosking_2014": [-1.2555391788482666, -39.86538314819336], "antony-l-hosking_2005": [-19.361576080322266, -43.92670822143555], "antony-l-hosking_1990": [3.487722396850586, -40.15806198120117], "antony-l-hosking_2003": [32.4504508972168, -31.680238723754883], "antony-l-hosking_2001": [-24.046586990356445, -47.0382194519043], "antony-l-hosking_2018": [-39.39012145996094, 0.13326598703861237], "antony-l-hosking_2000": [4.14326286315918, -37.869693756103516], "antony-l-hosking_1993": [9.13039493560791, -34.164634704589844], "antony-l-hosking_2012": [-16.1759033203125, -43.0805778503418], "antony-l-hosking_1991": [11.97098159790039, -22.2138729095459], "antony-l-hosking_1998": [7.201595306396484, -38.476348876953125], "antony-l-hosking_1992": [-5.794543266296387, -37.40990447998047], "antony-l-hosking_2013": [-37.91081237792969, -0.7244968414306641], "antony-l-hosking_1997": [-21.80828285217285, -45.927696228027344], "antony-l-hosking_2010": [-14.171314239501953, -42.49884796142578], "antony-l-hosking_1994": [-18.18282699584961, -39.61015319824219], "antony-l-hosking_2008": [-38.1130256652832, 1.0406696796417236], "antony-l-hosking_1996": [4.4826884269714355, -41.304466247558594], "antony-l-hosking_2017": [-29.268016815185547, -49.6815185546875], "kathryn-mckinley_2009": [2.6634364128112793, -35.31584548950195], "kathryn-mckinley_2004": [-1.7986094951629639, -35.62802505493164], "kathryn-mckinley_1994": [16.673500061035156, -16.822261810302734], "kathryn-mckinley_1998": [-1.3226019144058228, -29.87352752685547], "kathryn-mckinley_1990": [17.736637115478516, -9.503401756286621], "kathryn-mckinley_1995": [19.634033203125, -9.834906578063965], "kathryn-mckinley_2006": [0.7388145923614502, -33.29938888549805], "kathryn-mckinley_2015": [16.67962646484375, -23.161762237548828], "kathryn-mckinley_1991": [14.164011001586914, -14.856517791748047], "kathryn-mckinley_2013": [15.901738166809082, -21.645069122314453], "kathryn-mckinley_2007": [2.696676731109619, -36.06316375732422], "kathryn-mckinley_2016": [17.62528419494629, -26.752273559570312], "kathryn-mckinley_2011": [16.68157386779785, -22.233482360839844], "kathryn-mckinley_2000": [13.897586822509766, -21.799110412597656], "kathryn-mckinley_2018": [-36.19839096069336, 2.5508620738983154], "kathryn-mckinley_2008": [-0.6558454632759094, -34.916221618652344], "kathryn-mckinley_2003": [6.555729389190674, -31.567745208740234], "kathryn-mckinley_1997": [26.088714599609375, -7.330104827880859], "kathryn-mckinley_2010": [1.5688945055007935, -36.6011848449707], "kathryn-mckinley_1996": [16.64295196533203, -18.866363525390625], "kathryn-mckinley_2005": [16.6739501953125, -26.000049591064453], "kathryn-mckinley_1992": [17.92475700378418, -17.042634963989258], "kathryn-mckinley_1993": [15.383203506469727, -15.274826049804688], "kathryn-mckinley_2012": [18.00714683532715, -25.829795837402344], "kathryn-mckinley_2002": [-2.802804946899414, -36.4755973815918], "kathryn-mckinley_2001": [-0.10201860964298248, -30.844636917114258], "kathryn-mckinley_2017": [2.844588041305542, -30.746349334716797], "kathryn-mckinley_1999": [6.339564323425293, -30.926040649414062], "kathryn-mckinley_2014": [1.934383749961853, -32.0307731628418], "kathryn-mckinley_1989": [17.372989654541016, -12.686843872070312], "POPL_1993": [10.00849723815918, 37.60792541503906], "POPL_2017": [35.487667083740234, 3.340423345565796], "POPL_1980": [-16.410085678100586, 31.9151611328125], "POPL_2001": [0.23479555547237396, 40.42317199707031], "POPL_2016": [35.701297760009766, 3.895857572555542], "POPL_2005": [23.163555145263672, 38.02678298950195], "POPL_1996": [8.367586135864258, 39.02384948730469], "POPL_1988": [5.097043037414551, 36.372100830078125], "POPL_2006": [25.06167984008789, 37.91557693481445], "POPL_2007": [23.902576446533203, 41.323211669921875], "POPL_1991": [6.0654754638671875, 39.25349807739258], "POPL_1977": [-18.366165161132812, 32.87889862060547], "POPL_1982": [-5.746016025543213, 30.036344528198242], "POPL_2004": [19.544504165649414, 38.63669204711914], "POPL_1989": [-3.6105425357818604, 31.906414031982422], "POPL_1981": [-6.685041427612305, 31.460756301879883], "POPL_2000": [0.7193071246147156, 40.511138916015625], "POPL_2013": [31.491973876953125, 35.08866500854492], "POPL_1987": [-4.657949447631836, 30.433486938476562], "POPL_1986": [-3.108119487762451, 29.2940616607666], "POPL_1973": [-19.733264923095703, 33.457275390625], "POPL_1978": [-18.518081665039062, 31.784332275390625], "POPL_1995": [8.951305389404297, 37.80276107788086], "POPL_1985": [-7.883086681365967, 28.299097061157227], "POPL_1976": [-19.653627395629883, 30.22779655456543], "POPL_2009": [26.08687400817871, 38.97661209106445], "POPL_1984": [-5.318996906280518, 27.876426696777344], "POPL_2012": [27.744754791259766, 35.67991256713867], "POPL_2010": [28.50263786315918, 39.31388473510742], "POPL_1999": [16.150606155395508, 38.20575714111328], "POPL_2014": [27.080219268798828, 36.3941650390625], "POPL_1983": [-6.543837547302246, 29.190521240234375], "POPL_1975": [-33.055362701416016, 14.3173189163208], "POPL_2002": [18.06294059753418, 38.42764663696289], "POPL_2003": [11.926715850830078, 37.553428649902344], "POPL_2011": [27.116436004638672, 39.0639533996582], "POPL_2008": [25.126323699951172, 40.22642517089844], "POPL_1994": [6.515635967254639, 37.47652816772461], "POPL_1992": [-2.848104238510132, 32.93930435180664], "POPL_2015": [30.860244750976562, 34.988948822021484], "POPL_1997": [7.193329334259033, 36.9295654296875], "POPL_1998": [15.130488395690918, 38.05430603027344], "POPL_1979": [-18.071041107177734, 31.011110305786133], "PLDI_2015": [27.093080520629883, -4.302153587341309], "PLDI_1991": [4.684791564941406, 26.274412155151367], "PLDI_2018": [31.952468872070312, 28.351104736328125], "PLDI_1996": [20.08514976501465, 15.726035118103027], "PLDI_2001": [21.061595916748047, 9.475593566894531],