{"cheng-soon-ong_2007": [-61.69066619873047, 9.632534980773926], "cheng-soon-ong_2015": [-57.18442916870117, 11.425440788269043], "cheng-soon-ong_2016": [-58.011165618896484, 9.951727867126465], "cheng-soon-ong_2008": [-62.94477844238281, 11.375256538391113], "cheng-soon-ong_2005": [-60.48686981201172, 6.456608772277832], "cheng-soon-ong_2009": [-63.8610954284668, 8.89085578918457], "cheng-soon-ong_2014": [-64.48664855957031, 7.631186008453369], "cheng-soon-ong_2017": [-46.93231201171875, -6.820717811584473], "cheng-soon-ong_2006": [-62.52724075317383, 9.918501853942871], "cheng-soon-ong_2003": [-59.00958251953125, 6.299481391906738], "cheng-soon-ong_2004": [-47.09808349609375, 6.086226940155029], "robert-c-williamson_2014": [-52.67877197265625, 7.0883307456970215], "robert-c-williamson_2007": [-51.87261962890625, 2.0413382053375244], "robert-c-williamson_2002": [-40.82943344116211, 8.177577018737793], "robert-c-williamson_1998": [-30.525283813476562, 15.178938865661621], "robert-c-williamson_1999": [-34.12049102783203, 13.205763816833496], "robert-c-williamson_2001": [-33.428138732910156, 14.469608306884766], "robert-c-williamson_2006": [-41.972412109375, 8.784699440002441], "robert-c-williamson_1996": [-31.72453498840332, 13.609557151794434], "robert-c-williamson_1988": [-5.190969944000244, -4.812011241912842], "robert-c-williamson_2011": [-55.261714935302734, 8.585162162780762], "robert-c-williamson_2003": [-36.72112274169922, 15.334940910339355], "robert-c-williamson_1994": [-32.34343338012695, 15.741374969482422], "robert-c-williamson_1993": [-7.242762565612793, 9.75052261352539], "robert-c-williamson_2000": [-35.20940399169922, 13.45984172821045], "robert-c-williamson_1992": [-37.955718994140625, 15.532332420349121], "robert-c-williamson_1991": [-33.09559631347656, 7.0919036865234375], "robert-c-williamson_2015": [-53.529083251953125, 7.597787380218506], "robert-c-williamson_2010": [-52.897422790527344, 9.190923690795898], "robert-c-williamson_1995": [-30.463390350341797, 12.250824928283691], "robert-c-williamson_2018": [-14.012046813964844, -2.5962672233581543], "robert-c-williamson_2005": [-50.56454086303711, 1.7397842407226562], "robert-c-williamson_2016": [-56.86228561401367, 9.673667907714844], "robert-c-williamson_1997": [-29.644811630249023, 11.649200439453125], "robert-c-williamson_1990": [-32.195247650146484, 6.134183406829834], "robert-c-williamson_2017": [-48.14061737060547, -6.574533462524414], "robert-c-williamson_2009": [-37.64019012451172, 18.981807708740234], "robert-c-williamson_2008": [-37.4014892578125, 18.486703872680664], "robert-c-williamson_2012": [-54.24664306640625, 6.82530403137207], "robert-c-williamson_1985": [14.150760650634766, 43.44774627685547], "robert-c-williamson_1987": [15.611824035644531, 40.67766189575195], "robert-c-williamson_2004": [-57.47938537597656, 6.071349143981934], "alexander-j-smola_1998": [-36.683956146240234, 8.508971214294434], "alexander-j-smola_2007": [-43.265193939208984, 3.1639676094055176], "alexander-j-smola_2005": [-42.390235900878906, 3.932138681411743], "alexander-j-smola_1999": [-35.054256439208984, 10.752107620239258], "alexander-j-smola_2010": [-46.61497116088867, 1.6713308095932007], "alexander-j-smola_2004": [-45.436279296875, 5.952178001403809], "alexander-j-smola_2018": [-49.90940475463867, -7.962328910827637], "alexander-j-smola_2003": [-43.71201705932617, 5.502096652984619], "alexander-j-smola_2006": [-43.48497009277344, 4.317819595336914], "alexander-j-smola_2016": [-49.540321350097656, -5.244280815124512], "alexander-j-smola_2000": [-35.07560729980469, 8.933780670166016], "alexander-j-smola_1992": [11.209986686706543, 42.69551467895508], "alexander-j-smola_2001": [-34.636688232421875, 8.690054893493652], "alexander-j-smola_2008": [-47.3482666015625, 2.4305977821350098], "alexander-j-smola_2017": [-50.65739059448242, -10.084436416625977], "alexander-j-smola_2009": [-45.61341094970703, 1.7910650968551636], "alexander-j-smola_2013": [-44.02235794067383, -1.0344502925872803], "alexander-j-smola_2014": [-49.42021179199219, -2.559401273727417], "alexander-j-smola_2012": [-49.941505432128906, -0.23758956789970398], "alexander-j-smola_2015": [-49.41423416137695, -3.290286064147949], "alexander-j-smola_2011": [-44.51578903198242, 0.1727907955646515], "alexander-j-smola_2002": [-38.55332565307617, 7.795145034790039], "alexander-j-smola_1997": [-19.108369827270508, 2.000656843185425], "alexander-j-smola_1995": [13.007186889648438, 40.36960983276367], "alexander-j-smola_1996": [10.65420150756836, 41.03343963623047], "ICWSM_2007": [3.962787628173828, -57.568572998046875], "ICWSM_2008": [3.9343650341033936, -58.97263717651367], "ICWSM_2017": [0.7241314649581909, -62.68541717529297], "ICWSM_2015": [2.320917844772339, -65.59552001953125], "ICWSM_2012": [2.668670415878296, -63.822139739990234], "ICWSM_2010": [3.2291150093078613, -60.211055755615234], "ICWSM_2011": [3.280322551727295, -62.1326904296875], "ICWSM_2014": [3.7787532806396484, -66.39889526367188], "ICWSM_2013": [3.33648681640625, -65.4065933227539], "ICWSM_2009": [3.173558235168457, -59.21592330932617], "ICWSM_2016": [1.3229857683181763, -63.23115921020508], "ICWSM_2006": [1.8572243452072144, -57.82569885253906], "WSDM_2011": [-52.728450775146484, -18.380598068237305], "WSDM_2016": [-51.974449157714844, -14.076388359069824], "WSDM_2009": [-52.5706672668457, -20.62225914001465], "WSDM_2018": [-51.419071197509766, -12.37216854095459], "WSDM_2012": [-53.10234832763672, -17.55837059020996], "WSDM_2017": [-50.735496520996094, -15.46342945098877], "WSDM_2014": [-51.78666305541992, -15.550272941589355], "WSDM_2010": [-52.281028747558594, -19.67242431640625], "WSDM_2013": [-52.8665657043457, -14.83911418914795], "WSDM_2015": [-53.035362243652344, -13.80407428741455], "WSDM_2008": [-54.757930755615234, -17.558216094970703], "CIKM_2008": [15.745819091796875, -39.94314956665039], "CIKM_2012": [15.929731369018555, -45.2115478515625], "CIKM_2009": [16.4069881439209, -43.22922897338867], "CIKM_2006": [14.244961738586426, -40.07954406738281], "CIKM_2005": [16.027523040771484, -39.05757522583008], "CIKM_2013": [14.895416259765625, -46.03588104248047], "CIKM_2011": [15.921475410461426, -42.489288330078125], "CIKM_2015": [14.857069969177246, -47.86292266845703], "CIKM_2003": [15.827816009521484, -37.727542877197266], "CIKM_2010": [15.371333122253418, -44.29678726196289], "CIKM_2002": [22.403560638427734, -32.19297790527344], "CIKM_1994": [18.59183692932129, -26.073720932006836], "CIKM_2007": [19.451305389404297, -40.187232971191406], "CIKM_2017": [12.916626930236816, -47.96629333496094], "CIKM_2016": [13.639541625976562, -46.88856506347656], "CIKM_2014": [16.601070404052734, -47.00507354736328], "CIKM_1993": [19.666322708129883, -26.302064895629883], "CIKM_1995": [19.598934173583984, -24.100378036499023], "CIKM_2004": [19.75732421875, -39.750396728515625], "CIKM_2001": [19.819259643554688, -32.628631591796875], "CIKM_2000": [22.685346603393555, -31.587791442871094], "CIKM_1997": [14.542905807495117, -24.197174072265625], "CIKM_1999": [20.30685043334961, -32.04713821411133], "CIKM_1998": [20.50859832763672, -29.648366928100586], "CIKM_1992": [17.292367935180664, -26.77454376220703], "CIKM_1996": [18.425451278686523, -25.36366081237793], "ICML_2005": [-11.656728744506836, 6.79347038269043], "ICML_2010": [-7.97536563873291, 3.0870513916015625], "ICML_1989": [46.87932586669922, -4.2791748046875], "ICML_1991": [46.47412109375, -4.3486809730529785], "ICML_2016": [-15.151226043701172, -2.0352330207824707], "ICML_2014": [-15.442794799804688, -0.6345769166946411], "ICML_2017": [-12.980463981628418, -4.944354057312012], "ICML_2013": [-15.27953815460205, 0.05869688466191292], "ICML_2018": [-13.009963989257812, -6.236581325531006], "ICML_2008": [-14.958301544189453, 6.524153232574463], "ICML_2003": [-12.162805557250977, 8.00368595123291], "ICML_2006": [-13.918851852416992, 5.567638874053955], "ICML_2000": [13.730010986328125, 8.770746231079102],