{"cheng-soon-ong_2007": [49.51346206665039, -17.693010330200195], "cheng-soon-ong_2015": [46.2458381652832, -17.667573928833008], "cheng-soon-ong_2016": [50.227901458740234, -18.720001220703125], "cheng-soon-ong_2008": [50.99655532836914, -14.8811616897583], "cheng-soon-ong_2005": [43.81181716918945, -13.640361785888672], "cheng-soon-ong_2009": [49.74344253540039, -13.154267311096191], "cheng-soon-ong_2014": [48.791080474853516, -12.027734756469727], "cheng-soon-ong_2017": [34.4609375, -40.87510299682617], "cheng-soon-ong_2006": [50.553955078125, -14.577969551086426], "cheng-soon-ong_2003": [42.45838165283203, -14.07624340057373], "cheng-soon-ong_2004": [30.957746505737305, -16.82175636291504], "robert-c-williamson_2014": [38.64711380004883, -25.67934226989746], "robert-c-williamson_2007": [20.593650817871094, -32.160465240478516], "robert-c-williamson_2002": [32.30247497558594, -14.826092720031738], "robert-c-williamson_1998": [24.6258602142334, -11.893372535705566], "robert-c-williamson_1999": [23.728912353515625, -17.844297409057617], "robert-c-williamson_2001": [24.85434341430664, -16.934921264648438], "robert-c-williamson_2006": [27.953752517700195, -13.715715408325195], "robert-c-williamson_1996": [23.975065231323242, -12.748700141906738], "robert-c-williamson_1988": [-13.87578010559082, -9.077864646911621], "robert-c-williamson_2011": [40.23869323730469, -24.825572967529297], "robert-c-williamson_2003": [10.178714752197266, -22.122642517089844], "robert-c-williamson_1994": [26.00275230407715, -12.544671058654785], "robert-c-williamson_1993": [-0.8631114959716797, -21.639799118041992], "robert-c-williamson_2000": [23.77616310119629, -18.633975982666016], "robert-c-williamson_1992": [7.413179874420166, -22.591718673706055], "robert-c-williamson_1991": [-11.51331615447998, -10.289917945861816], "robert-c-williamson_2015": [41.018611907958984, -24.323944091796875], "robert-c-williamson_2010": [30.261606216430664, -32.5083122253418], "robert-c-williamson_1995": [20.593610763549805, -12.791879653930664], "robert-c-williamson_2018": [16.45513343811035, 15.1954984664917], "robert-c-williamson_2005": [28.94803810119629, -32.82415771484375], "robert-c-williamson_2016": [43.358009338378906, -22.57532501220703], "robert-c-williamson_1997": [20.27606773376465, -12.634733200073242], "robert-c-williamson_1990": [-12.626436233520508, -9.709147453308105], "robert-c-williamson_2017": [33.369510650634766, -40.20065689086914], "robert-c-williamson_2009": [9.737494468688965, -23.782636642456055], "robert-c-williamson_2008": [8.418394088745117, -24.160905838012695], "robert-c-williamson_2012": [37.64227294921875, -26.048032760620117], "robert-c-williamson_1985": [-23.308116912841797, -7.707180023193359], "robert-c-williamson_1987": [-25.3245792388916, -5.080211639404297], "robert-c-williamson_2004": [29.792245864868164, -14.78774356842041], "alexander-j-smola_1998": [28.20798683166504, -16.223711013793945], "alexander-j-smola_2007": [46.741756439208984, -19.501007080078125], "alexander-j-smola_2005": [39.428619384765625, -16.889169692993164], "alexander-j-smola_1999": [27.430919647216797, -18.531269073486328], "alexander-j-smola_2010": [44.537147521972656, -17.851226806640625], "alexander-j-smola_2004": [39.7632942199707, -14.99163818359375], "alexander-j-smola_2018": [37.1617546081543, -38.361289978027344], "alexander-j-smola_2003": [40.5851936340332, -14.70811939239502], "alexander-j-smola_2006": [39.7287712097168, -16.20866584777832], "alexander-j-smola_2016": [47.522850036621094, -24.599538803100586], "alexander-j-smola_2000": [28.468887329101562, -19.412696838378906], "alexander-j-smola_1992": [-21.52433204650879, -3.461958646774292], "alexander-j-smola_2001": [26.9847354888916, -16.739215850830078], "alexander-j-smola_2008": [44.484500885009766, -19.05704689025879], "alexander-j-smola_2017": [37.422183990478516, -38.17538070678711], "alexander-j-smola_2009": [43.73731231689453, -18.916711807250977], "alexander-j-smola_2013": [32.649208068847656, -9.396964073181152], "alexander-j-smola_2014": [45.98429870605469, -22.16033363342285], "alexander-j-smola_2012": [45.55708312988281, -21.414108276367188], "alexander-j-smola_2015": [47.00697326660156, -23.501354217529297], "alexander-j-smola_2011": [32.28373336791992, -10.803060531616211], "alexander-j-smola_2002": [29.63239097595215, -15.099905014038086], "alexander-j-smola_1997": [3.274127244949341, -30.129793167114258], "alexander-j-smola_1995": [-20.491315841674805, -4.57402229309082], "alexander-j-smola_1996": [-24.603742599487305, -6.622366905212402], "ICWSM_2007": [-31.58769416809082, 36.250030517578125], "ICWSM_2008": [-33.3167610168457, 35.8287467956543], "ICWSM_2017": [-36.32057571411133, 43.99340057373047], "ICWSM_2015": [-35.76729202270508, 45.06929397583008], "ICWSM_2012": [-36.92271041870117, 48.80259323120117], "ICWSM_2010": [-34.0284423828125, 38.855857849121094], "ICWSM_2011": [-35.7624626159668, 48.54282760620117], "ICWSM_2014": [-37.53235626220703, 48.116943359375], "ICWSM_2013": [-37.93947982788086, 48.970523834228516], "ICWSM_2009": [-33.45323181152344, 39.01201248168945], "ICWSM_2016": [-36.34686279296875, 44.856571197509766], "ICWSM_2006": [-36.946083068847656, 3.430723190307617], "WSDM_2011": [-8.19546890258789, 53.973388671875], "WSDM_2016": [-6.118373870849609, 52.46432113647461], "WSDM_2009": [-12.151287078857422, 47.724334716796875], "WSDM_2018": [-4.727428913116455, 54.128143310546875], "WSDM_2012": [-8.232595443725586, 53.007232666015625], "WSDM_2017": [-5.747122287750244, 54.40188217163086], "WSDM_2014": [-7.005611896514893, 52.65481185913086], "WSDM_2010": [-11.625700950622559, 48.10921096801758], "WSDM_2013": [-7.023043155670166, 51.698875427246094], "WSDM_2015": [-10.712207794189453, 48.69379806518555], "WSDM_2008": [-29.444915771484375, 36.87802505493164], "CIKM_2008": [-52.6446418762207, -12.033304214477539], "CIKM_2012": [-26.358461380004883, 36.47001266479492], "CIKM_2009": [-23.63668441772461, 35.676116943359375], "CIKM_2006": [-52.12601089477539, -9.822072982788086], "CIKM_2005": [-50.87348937988281, -9.406670570373535], "CIKM_2013": [-26.425182342529297, 37.77880859375], "CIKM_2011": [-23.066774368286133, 36.03973388671875], "CIKM_2015": [-24.22920036315918, 38.96696853637695], "CIKM_2003": [-41.066226959228516, -4.288400173187256], "CIKM_2010": [-23.664287567138672, 36.863094329833984], "CIKM_2002": [-50.96434020996094, -4.258828639984131], "CIKM_1994": [-45.73387908935547, -3.9724512100219727], "CIKM_2007": [-51.83076095581055, -11.835047721862793], "CIKM_2017": [-24.83502960205078, 40.85151672363281], "CIKM_2016": [-25.383020401000977, 39.84506607055664], "CIKM_2014": [-25.080474853515625, 38.40010070800781], "CIKM_1993": [-46.32575225830078, -2.4192087650299072], "CIKM_1995": [-44.666656494140625, -5.664272308349609], "CIKM_2004": [-50.18050765991211, -8.835419654846191], "CIKM_2001": [-49.55582809448242, -6.337172031402588], "CIKM_2000": [-50.06987762451172, -4.704028129577637], "CIKM_1997": [-43.516910552978516, -2.9545516967773438], "CIKM_1999": [-48.62184524536133, -5.338895320892334], "CIKM_1998": [-47.3519287109375, -4.510765075683594], "CIKM_1992": [-42.03929138183594, -3.498934030532837], "CIKM_1996": [-44.99088668823242, -4.111200332641602], "ICML_2005": [12.024897575378418, -30.26651954650879], "ICML_2010": [13.2728910446167, -33.447052001953125], "ICML_1989": [24.208457946777344, 38.0046272277832], "ICML_1991": [21.476001739501953, 36.713218688964844], "ICML_2016": [30.499828338623047, -36.47166061401367], "ICML_2014": [27.259204864501953, -33.99108123779297], "ICML_2017": [31.355085372924805, -38.416072845458984], "ICML_2013": [27.356937408447266, -33.379852294921875], "ICML_2018": [31.313940048217773, -39.70188903808594], "ICML_2008": [15.024041175842285, -31.59430503845215], "ICML_2003": [10.20679759979248, -30.006961822509766], "ICML_2006": [13.743274688720703, -31.779516220092773], "ICML_2000": [-3.562870502471924, -16.012041091918945],