{"cheng-soon-ong_2007": [1.0924230813980103, -12.794776916503906], "cheng-soon-ong_2015": [-0.4299275577068329, -12.124166488647461], "cheng-soon-ong_2016": [0.0316467322409153, -11.631704330444336], "cheng-soon-ong_2008": [1.5271849632263184, -13.529424667358398], "cheng-soon-ong_2005": [-0.4565340578556061, -13.39051342010498], "cheng-soon-ong_2009": [2.3784639835357666, -12.916263580322266], "cheng-soon-ong_2014": [2.8241617679595947, -12.897194862365723], "cheng-soon-ong_2017": [-0.11262516677379608, -7.774707317352295], "cheng-soon-ong_2006": [1.5418617725372314, -13.026131629943848], "cheng-soon-ong_2003": [-0.9369718432426453, -12.924606323242188], "cheng-soon-ong_2004": [-3.102705240249634, -10.851433753967285], "robert-c-williamson_2014": [-1.7013849020004272, -10.088881492614746], "robert-c-williamson_2007": [-1.857137680053711, -8.820429801940918], "robert-c-williamson_2002": [-4.0689616203308105, -7.46616268157959], "robert-c-williamson_1998": [-7.472517967224121, -6.430698394775391], "robert-c-williamson_1999": [-7.015988826751709, -4.8350958824157715], "robert-c-williamson_2001": [-7.098519802093506, -5.417422771453857], "robert-c-williamson_2006": [-3.4207043647766113, -7.477449893951416], "robert-c-williamson_1996": [-7.5389251708984375, -5.306407451629639], "robert-c-williamson_1988": [0.658638596534729, -3.9657633304595947], "robert-c-williamson_2011": [-0.696736752986908, -10.616384506225586], "robert-c-williamson_2003": [-7.297220230102539, -3.226743698120117], "robert-c-williamson_1994": [-7.650529861450195, -5.80847692489624], "robert-c-williamson_1993": [-6.586796283721924, -0.038551393896341324], "robert-c-williamson_2000": [-6.993403911590576, -4.514803886413574], "robert-c-williamson_1992": [-7.165318012237549, -2.685607433319092], "robert-c-williamson_1991": [-4.941799640655518, -5.260244846343994], "robert-c-williamson_2015": [-1.3889354467391968, -10.323772430419922], "robert-c-williamson_2010": [-1.6734340190887451, -10.907990455627441], "robert-c-williamson_1995": [-8.632356643676758, -5.747594833374023], "robert-c-williamson_2018": [-0.9009073376655579, 0.204424187541008], "robert-c-williamson_2005": [-2.5516433715820312, -9.07306957244873], "robert-c-williamson_2016": [-0.2784046232700348, -11.505620956420898], "robert-c-williamson_1997": [-8.953523635864258, -5.8074445724487305], "robert-c-williamson_1990": [-4.3862104415893555, -4.584699630737305], "robert-c-williamson_2017": [-3.916126251220703, -12.795707702636719], "robert-c-williamson_2009": [-8.604734420776367, -2.1600799560546875], "robert-c-williamson_2008": [-8.563382148742676, -2.1901915073394775], "robert-c-williamson_2012": [-1.0465734004974365, -9.987686157226562], "robert-c-williamson_1985": [0.35768216848373413, 6.943100452423096], "robert-c-williamson_1987": [0.7654277682304382, 6.348196983337402], "robert-c-williamson_2004": [-1.5399072170257568, -12.157092094421387], "alexander-j-smola_1998": [-5.298442840576172, -6.670167446136475], "alexander-j-smola_2007": [-4.372352123260498, -9.030058860778809], "alexander-j-smola_2005": [-4.403466701507568, -8.645889282226562], "alexander-j-smola_1999": [-5.999526500701904, -5.926913738250732], "alexander-j-smola_2010": [-4.207635402679443, -9.95306396484375], "alexander-j-smola_2004": [-3.4587674140930176, -9.020050048828125], "alexander-j-smola_2018": [-4.654991149902344, -13.160161018371582], "alexander-j-smola_2003": [-4.566268444061279, -8.689074516296387], "alexander-j-smola_2006": [-4.2321367263793945, -8.921050071716309], "alexander-j-smola_2016": [-4.386184215545654, -12.28210735321045], "alexander-j-smola_2000": [-5.343701362609863, -5.777434349060059], "alexander-j-smola_1992": [0.35203102231025696, 6.938943386077881], "alexander-j-smola_2001": [-5.194472789764404, -5.542269229888916], "alexander-j-smola_2008": [-3.8367512226104736, -10.08106803894043], "alexander-j-smola_2017": [-4.836616516113281, -12.992816925048828], "alexander-j-smola_2009": [-4.348718643188477, -9.740703582763672], "alexander-j-smola_2013": [-5.524265289306641, -10.330487251281738], "alexander-j-smola_2014": [-4.227656841278076, -11.095514297485352], "alexander-j-smola_2012": [-3.1713335514068604, -10.309209823608398], "alexander-j-smola_2015": [-4.246959686279297, -11.49843978881836], "alexander-j-smola_2011": [-5.01862907409668, -10.025726318359375], "alexander-j-smola_2002": [-4.909195899963379, -7.505728244781494], "alexander-j-smola_1997": [-1.2044286727905273, -0.5035257339477539], "alexander-j-smola_1995": [0.019396154209971428, 6.728833198547363], "alexander-j-smola_1996": [0.09139320999383926, 5.650015830993652], "ICWSM_2007": [6.105481147766113, -4.223894119262695], "ICWSM_2008": [6.253219127655029, -4.742398738861084], "ICWSM_2017": [6.305187702178955, -6.192448139190674], "ICWSM_2015": [7.277050495147705, -6.733183860778809], "ICWSM_2012": [6.992621421813965, -6.3559465408325195], "ICWSM_2010": [6.388989448547363, -5.097090721130371], "ICWSM_2011": [6.812794208526611, -5.784162998199463], "ICWSM_2014": [7.57368278503418, -7.029636383056641], "ICWSM_2013": [7.401164531707764, -6.801723003387451], "ICWSM_2009": [6.386961936950684, -4.7998738288879395], "ICWSM_2016": [6.517041206359863, -6.289569854736328], "ICWSM_2006": [6.868828296661377, -3.88193416595459], "WSDM_2011": [3.726475238800049, -8.463908195495605], "WSDM_2016": [4.4363017082214355, -9.089155197143555], "WSDM_2009": [3.2780661582946777, -8.032482147216797], "WSDM_2018": [4.3181071281433105, -9.409229278564453], "WSDM_2012": [4.0013322830200195, -8.504692077636719], "WSDM_2017": [3.9283394813537598, -9.18541431427002], "WSDM_2014": [4.122511863708496, -8.928643226623535], "WSDM_2010": [3.3377726078033447, -8.192412376403809], "WSDM_2013": [4.534160614013672, -8.985245704650879], "WSDM_2015": [4.404297351837158, -8.966920852661133], "WSDM_2008": [4.385038375854492, -7.950491428375244], "CIKM_2008": [4.650674819946289, -0.2748732268810272], "CIKM_2012": [3.733980178833008, -1.7393981218338013], "CIKM_2009": [4.203747749328613, -1.351365566253662], "CIKM_2006": [5.518434047698975, -0.1817704439163208], "CIKM_2005": [4.702111721038818, 0.23006612062454224], "CIKM_2013": [3.2233190536499023, -1.7188010215759277], "CIKM_2011": [4.239456653594971, -1.0261895656585693], "CIKM_2015": [2.658207654953003, -2.0614187717437744], "CIKM_2003": [5.044708251953125, 0.14407764375209808], "CIKM_2010": [3.7630252838134766, -1.372358798980713], "CIKM_2002": [7.007662773132324, 1.1932544708251953], "CIKM_1994": [7.111539840698242, 4.049005508422852], "CIKM_2007": [5.455657005310059, -0.9887772798538208], "CIKM_2017": [2.1298139095306396, -1.9267218112945557], "CIKM_2016": [2.720290184020996, -2.110241413116455], "CIKM_2014": [3.1922121047973633, -2.3625316619873047], "CIKM_1993": [7.163768768310547, 3.923895835876465], "CIKM_1995": [7.903110027313232, 4.266700744628906], "CIKM_2004": [5.462362766265869, -0.9732558131217957], "CIKM_2001": [6.402554512023926, 1.5201517343521118], "CIKM_2000": [7.166608810424805, 1.2829303741455078], "CIKM_1997": [5.666131496429443, 4.881313323974609], "CIKM_1999": [6.824677467346191, 1.941321611404419], "CIKM_1998": [7.185220241546631, 2.463284969329834], "CIKM_1992": [6.912611484527588, 4.794606685638428], "CIKM_1996": [7.0816969871521, 4.045893669128418], "ICML_2005": [-2.0557360649108887, -2.476574420928955], "ICML_2010": [-2.4764912128448486, -1.4286441802978516], "ICML_1989": [-6.8124284744262695, 4.843375205993652], "ICML_1991": [-6.6911301612854, 4.899226188659668], "ICML_2016": [-0.7764967679977417, -0.17170727252960205], "ICML_2014": [-0.8342568874359131, -0.5197450518608093], "ICML_2017": [-0.7839192152023315, 0.783943235874176], "ICML_2013": [-0.8671226501464844, -0.8097150325775146], "ICML_2018": [-0.6290678977966309, 1.1272287368774414], "ICML_2008": [-1.0603013038635254, -1.9732742309570312], "ICML_2003": [-1.9113496541976929, -2.6927952766418457], "ICML_2006": [-1.4331567287445068, -1.9266667366027832],