{"cheng-soon-ong_2007": [15.568812370300293, 38.05295944213867], "cheng-soon-ong_2015": [14.699278831481934, 35.31743621826172], "cheng-soon-ong_2016": [16.502973556518555, 35.60116195678711], "cheng-soon-ong_2008": [16.898197174072266, 39.38640594482422], "cheng-soon-ong_2005": [12.423047065734863, 36.43388748168945], "cheng-soon-ong_2009": [14.58957290649414, 39.83271789550781], "cheng-soon-ong_2014": [13.3886079788208, 40.18482971191406], "cheng-soon-ong_2017": [24.625457763671875, 25.405298233032227], "cheng-soon-ong_2006": [15.681710243225098, 38.82597351074219], "cheng-soon-ong_2003": [12.538152694702148, 34.96870040893555], "cheng-soon-ong_2004": [13.424447059631348, 28.728439331054688], "robert-c-williamson_2014": [16.13943862915039, 30.763383865356445], "robert-c-williamson_2007": [19.29205894470215, 29.63028335571289], "robert-c-williamson_2002": [10.575582504272461, 26.430923461914062], "robert-c-williamson_1998": [6.244495868682861, 25.433422088623047], "robert-c-williamson_1999": [4.74267578125, 22.66297149658203], "robert-c-williamson_2001": [4.558327674865723, 23.95229721069336], "robert-c-williamson_2006": [10.491790771484375, 27.7252197265625], "robert-c-williamson_1996": [5.813793659210205, 23.38178062438965], "robert-c-williamson_1988": [3.162355899810791, -2.391484260559082], "robert-c-williamson_2011": [16.102508544921875, 33.22364044189453], "robert-c-williamson_2003": [1.6912280321121216, 22.024322509765625], "robert-c-williamson_1994": [4.545890808105469, 25.305519104003906], "robert-c-williamson_1993": [-5.369688034057617, 7.685296058654785], "robert-c-williamson_2000": [3.787996768951416, 22.385007858276367], "robert-c-williamson_1992": [0.8296969532966614, 21.057178497314453], "robert-c-williamson_1991": [9.08174991607666, 18.522666931152344], "robert-c-williamson_2015": [16.216949462890625, 31.701345443725586], "robert-c-williamson_2010": [17.723011016845703, 32.161293029785156], "robert-c-williamson_1995": [5.644641876220703, 20.843095779418945], "robert-c-williamson_2018": [3.4301490783691406, 5.548879146575928], "robert-c-williamson_2005": [18.201168060302734, 28.872230529785156], "robert-c-williamson_2016": [16.046794891357422, 34.738189697265625], "robert-c-williamson_1997": [5.5109543800354, 20.015491485595703], "robert-c-williamson_1990": [9.169814109802246, 17.372257232666016], "robert-c-williamson_2017": [23.83327865600586, 24.717788696289062], "robert-c-williamson_2009": [-0.4159746766090393, 23.941829681396484], "robert-c-williamson_2008": [-0.21647687256336212, 23.628719329833984], "robert-c-williamson_2012": [15.330339431762695, 31.836891174316406], "robert-c-williamson_1985": [-13.36587905883789, -26.66670799255371], "robert-c-williamson_1987": [-14.063273429870605, -27.398466110229492], "robert-c-williamson_2004": [12.735613822937012, 33.363037109375], "alexander-j-smola_1998": [9.841999053955078, 22.43834686279297], "alexander-j-smola_2007": [15.038265228271484, 24.716442108154297], "alexander-j-smola_2005": [14.04710578918457, 24.40036392211914], "alexander-j-smola_1999": [7.780393123626709, 22.42636489868164], "alexander-j-smola_2010": [17.073089599609375, 26.058862686157227], "alexander-j-smola_2004": [13.843303680419922, 27.27687644958496], "alexander-j-smola_2018": [23.878707885742188, 22.791990280151367], "alexander-j-smola_2003": [13.39497184753418, 25.560579299926758], "alexander-j-smola_2006": [14.488152503967285, 25.552242279052734], "alexander-j-smola_2016": [22.148334503173828, 24.299692153930664], "alexander-j-smola_2000": [8.792495727539062, 21.295564651489258], "alexander-j-smola_1992": [-11.453904151916504, -27.237268447875977], "alexander-j-smola_2001": [8.75540542602539, 20.95223617553711], "alexander-j-smola_2008": [16.692073822021484, 27.02522087097168], "alexander-j-smola_2017": [24.953622817993164, 21.324302673339844], "alexander-j-smola_2009": [16.24495506286621, 25.618459701538086], "alexander-j-smola_2013": [17.89454460144043, 23.160659790039062], "alexander-j-smola_2014": [20.075044631958008, 25.602399826049805], "alexander-j-smola_2012": [18.98118019104004, 27.218486785888672], "alexander-j-smola_2015": [20.77286148071289, 25.262958526611328], "alexander-j-smola_2011": [17.19985580444336, 24.10297966003418], "alexander-j-smola_2002": [11.26894760131836, 23.74718475341797], "alexander-j-smola_1997": [2.1260733604431152, 7.0947465896606445], "alexander-j-smola_1995": [-12.12523078918457, -26.168075561523438], "alexander-j-smola_1996": [-14.122112274169922, -28.904273986816406], "ICWSM_2007": [26.3209171295166, -4.177751064300537], "ICWSM_2008": [27.150314331054688, -3.2700493335723877], "ICWSM_2017": [30.592084884643555, -2.6009721755981445], "ICWSM_2015": [31.14630126953125, -0.18712863326072693], "ICWSM_2012": [29.969959259033203, -0.8437147736549377], "ICWSM_2010": [28.238975524902344, -2.815052032470703], "ICWSM_2011": [28.885147094726562, -1.5205659866333008], "ICWSM_2014": [30.938886642456055, 1.14280366897583], "ICWSM_2013": [30.24738311767578, 0.4257972538471222], "ICWSM_2009": [27.704587936401367, -3.4862568378448486], "ICWSM_2016": [30.554471969604492, -1.9307783842086792], "ICWSM_2006": [27.726451873779297, -5.304947853088379], "WSDM_2011": [30.233427047729492, 17.369596481323242], "WSDM_2016": [27.8972225189209, 18.48558235168457], "WSDM_2009": [31.652570724487305, 16.62583351135254], "WSDM_2018": [27.17076301574707, 19.345348358154297], "WSDM_2012": [30.024648666381836, 18.224061965942383], "WSDM_2017": [28.74222183227539, 19.36777114868164], "WSDM_2014": [28.93358039855957, 18.284652709960938], "WSDM_2010": [30.763948440551758, 16.341022491455078], "WSDM_2013": [27.616910934448242, 17.63121223449707], "WSDM_2015": [28.485977172851562, 17.342918395996094], "WSDM_2008": [31.162813186645508, 19.083572387695312], "CIKM_2008": [13.111029624938965, -14.325746536254883], "CIKM_2012": [13.131974220275879, -10.445855140686035], "CIKM_2009": [12.74067497253418, -11.855649948120117], "CIKM_2006": [12.137578010559082, -15.373905181884766], "CIKM_2005": [13.791682243347168, -14.88311767578125], "CIKM_2013": [14.04615306854248, -9.892730712890625], "CIKM_2011": [13.21338176727295, -12.598751068115234], "CIKM_2015": [14.033981323242188, -8.004939079284668], "CIKM_2003": [14.180078506469727, -15.925729751586914], "CIKM_2010": [13.791430473327637, -11.249286651611328], "CIKM_2002": [8.830460548400879, -19.495027542114258], "CIKM_1994": [3.680799722671509, -21.667739868164062], "CIKM_2007": [10.748604774475098, -13.88050365447998], "CIKM_2017": [15.574453353881836, -8.069661140441895], "CIKM_2016": [14.8203125, -8.911381721496582], "CIKM_2014": [12.900383949279785, -8.806674003601074], "CIKM_1993": [4.427079200744629, -21.305143356323242], "CIKM_1995": [4.632320880889893, -23.347484588623047], "CIKM_2004": [10.128802299499512, -14.230213165283203], "CIKM_2001": [7.752476692199707, -17.91730308532715], "CIKM_2000": [8.578564643859863, -20.095243453979492], "CIKM_1997": [1.0895466804504395, -23.406282424926758], "CIKM_1999": [7.401516914367676, -18.733762741088867], "CIKM_1998": [6.444615364074707, -20.255460739135742], "CIKM_1992": [2.561048984527588, -20.98436164855957], "CIKM_1996": [3.58107852935791, -22.291522979736328], "ICML_2005": [-1.0198663473129272, 8.221839904785156], "ICML_2010": [0.03278069943189621, 5.43864107131958], "ICML_1989": [-22.630884170532227, 2.4578890800476074], "ICML_1991": [-22.898107528686523, 2.5547897815704346], "ICML_2016": [3.8463919162750244, 6.193148136138916], "ICML_2014": [3.549452543258667, 7.0775604248046875], "ICML_2017": [5.616559028625488, 3.464287281036377], "ICML_2013": [3.5713963508605957, 7.704186916351318], "ICML_2018": [6.3936285972595215, 2.6209218502044678], "ICML_2008": [0.880509078502655, 9.828826904296875], "ICML_2003": [-1.1950395107269287, 9.34349536895752], "ICML_2006": [0.8364415168762207, 8.719151496887207], "ICML_2000": [-13.51697063446045, -2.9177331924438477], "ICML_2007": [0.5118308663368225, 7.869140148162842],