{"cheng-soon-ong_2007": [-24.60933494567871, 47.14421463012695], "cheng-soon-ong_2015": [-23.947280883789062, 43.63501739501953], "cheng-soon-ong_2016": [-25.458438873291016, 42.7842903137207], "cheng-soon-ong_2008": [-26.26719093322754, 48.37450408935547], "cheng-soon-ong_2005": [-21.3336124420166, 45.99945831298828], "cheng-soon-ong_2009": [-23.96390151977539, 49.28428649902344], "cheng-soon-ong_2014": [-22.84484100341797, 50.02910614013672], "cheng-soon-ong_2017": [-8.865883827209473, 40.93964767456055], "cheng-soon-ong_2006": [-24.898658752441406, 47.94526672363281], "cheng-soon-ong_2003": [-21.14234161376953, 44.549415588378906], "cheng-soon-ong_2004": [-14.690286636352539, 27.740673065185547], "robert-c-williamson_2014": [-21.911060333251953, 38.023895263671875], "robert-c-williamson_2007": [-16.66370964050293, 38.345008850097656], "robert-c-williamson_2002": [-21.647855758666992, 27.692096710205078], "robert-c-williamson_1998": [-30.23505973815918, 22.661054611206055], "robert-c-williamson_1999": [-26.6950626373291, 20.617328643798828], "robert-c-williamson_2001": [-28.087385177612305, 20.581466674804688], "robert-c-williamson_2006": [-22.103275299072266, 28.80509376525879], "robert-c-williamson_1996": [-28.364944458007812, 22.3761043548584], "robert-c-williamson_1988": [-25.944353103637695, -12.4202241897583], "robert-c-williamson_2011": [-23.832351684570312, 40.2796516418457], "robert-c-williamson_2003": [-26.9908504486084, 17.227867126464844], "robert-c-williamson_1994": [-29.73951530456543, 20.782812118530273], "robert-c-williamson_1993": [-34.1218376159668, 0.9136276245117188], "robert-c-williamson_2000": [-26.310134887695312, 19.599496841430664], "robert-c-williamson_1992": [-28.082996368408203, 16.377208709716797], "robert-c-williamson_1991": [-21.03986167907715, 19.979177474975586], "robert-c-williamson_2015": [-22.263093948364258, 38.925960540771484], "robert-c-williamson_2010": [-21.036083221435547, 39.829898834228516], "robert-c-williamson_1995": [-27.96643829345703, 24.19392967224121], "robert-c-williamson_2018": [-36.063682556152344, -4.913567066192627], "robert-c-williamson_2005": [-16.02108383178711, 37.24882888793945], "robert-c-williamson_2016": [-24.395896911621094, 42.189430236816406], "robert-c-williamson_1997": [-27.92772102355957, 25.174488067626953], "robert-c-williamson_1990": [-20.16111946105957, 19.06890869140625], "robert-c-williamson_2017": [-8.57054615020752, 39.79963684082031], "robert-c-williamson_2009": [-25.382787704467773, 14.449878692626953], "robert-c-williamson_2008": [-25.71955680847168, 14.822318077087402], "robert-c-williamson_2012": [-23.382055282592773, 38.477294921875], "robert-c-williamson_1985": [26.80480194091797, -39.90915298461914], "robert-c-williamson_1987": [22.820114135742188, -41.074493408203125], "robert-c-williamson_2004": [-20.961366653442383, 43.034767150878906], "alexander-j-smola_1998": [-22.32918930053711, 23.51991081237793], "alexander-j-smola_2007": [-17.624452590942383, 31.489221572875977], "alexander-j-smola_2005": [-18.592060089111328, 30.90976333618164], "alexander-j-smola_1999": [-24.519886016845703, 21.786178588867188], "alexander-j-smola_2010": [-15.132683753967285, 33.61743927001953], "alexander-j-smola_2004": [-16.130828857421875, 28.462369918823242], "alexander-j-smola_2018": [-6.583510875701904, 38.809574127197266], "alexander-j-smola_2003": [-17.589502334594727, 29.089815139770508], "alexander-j-smola_2006": [-17.713611602783203, 30.383487701416016], "alexander-j-smola_2016": [-9.157220840454102, 38.03339767456055], "alexander-j-smola_2000": [-22.75227928161621, 21.918582916259766], "alexander-j-smola_1992": [24.01332664489746, -40.16218948364258], "alexander-j-smola_2001": [-22.54922103881836, 21.50399398803711], "alexander-j-smola_2008": [-15.739566802978516, 34.268367767333984], "alexander-j-smola_2017": [-4.346246719360352, 39.060447692871094], "alexander-j-smola_2009": [-15.22884464263916, 32.67599105834961], "alexander-j-smola_2013": [-12.145395278930664, 31.84778594970703], "alexander-j-smola_2014": [-11.672598838806152, 37.23366165161133], "alexander-j-smola_2012": [-13.986113548278809, 37.137367248535156], "alexander-j-smola_2015": [-11.002531051635742, 37.44985580444336], "alexander-j-smola_2011": [-13.410257339477539, 32.0516471862793], "alexander-j-smola_2002": [-21.511579513549805, 25.353836059570312], "alexander-j-smola_1997": [-28.804767608642578, 1.2576926946640015], "alexander-j-smola_1995": [23.7825870513916, -38.861183166503906], "alexander-j-smola_1996": [24.36183738708496, -41.632469177246094], "ICWSM_2007": [44.71735763549805, 24.268369674682617], "ICWSM_2008": [44.623390197753906, 25.6331729888916], "ICWSM_2017": [47.494510650634766, 29.598115921020508], "ICWSM_2015": [45.512001037597656, 32.1778564453125], "ICWSM_2012": [45.530433654785156, 30.480798721313477], "ICWSM_2010": [45.16142654418945, 26.896936416625977], "ICWSM_2011": [45.03162384033203, 28.7797908782959], "ICWSM_2014": [43.984474182128906, 32.738319396972656], "ICWSM_2013": [44.57735824584961, 31.872224807739258], "ICWSM_2009": [45.318389892578125, 25.941362380981445], "ICWSM_2016": [46.85261154174805, 30.052932739257812], "ICWSM_2006": [46.741722106933594, 24.740615844726562], "WSDM_2011": [3.9958748817443848, 41.034698486328125], "WSDM_2016": [-0.24204233288764954, 40.06667709350586], "WSDM_2009": [5.545898914337158, 42.65068435668945], "WSDM_2018": [-1.9547722339630127, 39.61277770996094], "WSDM_2012": [3.3974385261535645, 40.43376159667969], "WSDM_2017": [0.903143584728241, 38.784339904785156], "WSDM_2014": [1.1555652618408203, 39.76874542236328], "WSDM_2010": [4.79689884185791, 42.08627700805664], "WSDM_2013": [0.5920098423957825, 40.8943977355957], "WSDM_2015": [-0.4122002422809601, 41.08592987060547], "WSDM_2008": [4.305511474609375, 39.05814743041992], "CIKM_2008": [45.50934982299805, -1.9479997158050537], "CIKM_2012": [48.53071212768555, 2.0090227127075195], "CIKM_2009": [48.04149627685547, -0.08602865785360336], "CIKM_2006": [45.652587890625, -3.3240091800689697], "CIKM_2005": [44.587425231933594, -1.7241297960281372], "CIKM_2013": [49.64881134033203, 2.5758748054504395], "CIKM_2011": [47.29304504394531, -0.33656832575798035], "CIKM_2015": [49.968379974365234, 4.333130836486816], "CIKM_2003": [43.38017654418945, -1.3006951808929443], "CIKM_2010": [48.71419906616211, 1.0760619640350342], "CIKM_2002": [45.85087203979492, -12.087209701538086], "CIKM_1994": [39.5318603515625, -15.38117790222168], "CIKM_2007": [48.3668098449707, -4.37978982925415], "CIKM_2017": [51.73162078857422, 4.240753173828125], "CIKM_2016": [50.99063491821289, 3.196039915084839], "CIKM_2014": [48.22677230834961, 3.7867953777313232], "CIKM_1993": [38.384979248046875, -15.3973388671875], "CIKM_1995": [38.786983489990234, -13.4432954788208], "CIKM_2004": [48.4852180480957, -4.852542400360107], "CIKM_2001": [43.87289810180664, -10.418376922607422], "CIKM_2000": [45.7760009765625, -12.71220874786377], "CIKM_1997": [36.00518035888672, -18.3089599609375], "CIKM_1999": [43.97825622558594, -11.1343355178833], "CIKM_1998": [42.923362731933594, -13.414902687072754], "CIKM_1992": [39.8083381652832, -16.900312423706055], "CIKM_1996": [39.75566482543945, -14.8651704788208], "ICML_2005": [-26.929302215576172, -6.563471794128418], "ICML_2010": [-30.385597229003906, -10.658683776855469], "ICML_1989": [3.553622007369995, -0.3836548924446106], "ICML_1991": [3.352909564971924, -0.6159948706626892], "ICML_2016": [-35.490970611572266, -3.813666343688965], "ICML_2014": [-34.206886291503906, -3.362161636352539], "ICML_2017": [-38.32722473144531, -5.85377836227417], "ICML_2013": [-33.546607971191406, -3.4610283374786377], "ICML_2018": [-39.573394775390625, -5.9089202880859375], "ICML_2008": [-27.35198211669922, -3.368140697479248], "ICML_2003": [-25.70561981201172, -6.262034893035889], "ICML_2006": [-28.21793556213379, -4.463432312011719], "ICML_2000": [-18.209413528442383, -24.810810089111328],