{"steve-blackburn_2004": [-51.06736755371094, 29.42306900024414], "steve-blackburn_1999": [23.18446922302246, -1.1741909980773926], "steve-blackburn_2011": [-29.661022186279297, 18.05828094482422], "steve-blackburn_2006": [-51.65157699584961, 30.78543472290039], "steve-blackburn_2000": [-20.21088218688965, 5.264344692230225], "steve-blackburn_2015": [-43.574153900146484, 25.485118865966797], "steve-blackburn_2005": [-39.27495574951172, 24.584081649780273], "steve-blackburn_1998": [23.258211135864258, 0.11314751207828522], "steve-blackburn_2016": [-41.7933464050293, 26.258052825927734], "steve-blackburn_1996": [2.6539902687072754, -33.771671295166016], "steve-blackburn_2001": [-35.565799713134766, 21.7828369140625], "steve-blackburn_2018": [11.242572784423828, 37.60132598876953], "steve-blackburn_2010": [-46.12690353393555, 26.76968765258789], "steve-blackburn_2012": [-30.113088607788086, 17.57061767578125], "steve-blackburn_2013": [-41.82561111450195, 28.96206283569336], "steve-blackburn_1997": [21.945228576660156, 0.1297171264886856], "steve-blackburn_2002": [-52.21567916870117, 29.655040740966797], "steve-blackburn_2003": [-49.93688201904297, 29.03805923461914], "steve-blackburn_2014": [-42.23039627075195, 29.792142868041992], "steve-blackburn_2008": [-37.489166259765625, 21.336435317993164], "steve-blackburn_2009": [-46.458431243896484, 28.362777709960938], "steve-blackburn_2007": [-47.051551818847656, 25.442344665527344], "antony-l-hosking_2011": [-37.43659973144531, 20.51163101196289], "antony-l-hosking_2016": [-28.221302032470703, 10.32135009765625], "antony-l-hosking_2009": [-28.226097106933594, -11.397737503051758], "antony-l-hosking_2007": [-33.87409591674805, 2.9986045360565186], "antony-l-hosking_2006": [-39.889892578125, 20.16548728942871], "antony-l-hosking_2004": [-40.96723556518555, 19.68503761291504], "antony-l-hosking_1995": [-36.49619674682617, 5.557973384857178], "antony-l-hosking_2015": [-40.69523620605469, 24.36067771911621], "antony-l-hosking_1999": [-41.803524017333984, 17.525564193725586], "antony-l-hosking_2014": [-26.93430519104004, 11.133525848388672], "antony-l-hosking_2005": [-42.291202545166016, 20.36017417907715], "antony-l-hosking_1990": [-33.11628723144531, 8.756704330444336], "antony-l-hosking_2003": [-43.81356430053711, -18.438304901123047], "antony-l-hosking_2001": [-46.25844955444336, 24.216175079345703], "antony-l-hosking_2018": [10.968398094177246, 39.32862091064453], "antony-l-hosking_2000": [-23.58889389038086, 6.100518226623535], "antony-l-hosking_1993": [-35.21653747558594, 4.0088300704956055], "antony-l-hosking_2012": [-39.21956253051758, 19.26500701904297], "antony-l-hosking_1991": [-30.61240005493164, -14.627123832702637], "antony-l-hosking_1998": [-21.198747634887695, 5.521239757537842], "antony-l-hosking_1992": [-34.453704833984375, 14.872283935546875], "antony-l-hosking_2013": [8.629003524780273, 35.96586990356445], "antony-l-hosking_1997": [-44.229496002197266, 22.844324111938477], "antony-l-hosking_2010": [-36.98316955566406, 19.232471466064453], "antony-l-hosking_1994": [-41.299320220947266, 15.969356536865234], "antony-l-hosking_2008": [7.979073524475098, 38.93398666381836], "antony-l-hosking_1996": [-34.6058349609375, 8.162801742553711], "antony-l-hosking_2017": [-50.803401947021484, 27.51997184753418], "kathryn-mckinley_2009": [-26.089096069335938, 5.52399206161499], "kathryn-mckinley_2004": [-29.341461181640625, 8.16315746307373], "kathryn-mckinley_1994": [-23.794631958007812, -17.21583366394043], "kathryn-mckinley_1998": [-25.29827308654785, 1.283155918121338], "kathryn-mckinley_1990": [-20.86446762084961, -24.0011043548584], "kathryn-mckinley_1995": [-19.05740737915039, -23.528776168823242], "kathryn-mckinley_2006": [-28.64634895324707, 4.849747180938721], "kathryn-mckinley_2015": [-25.37778663635254, -12.786638259887695], "kathryn-mckinley_1991": [-25.16040802001953, -19.941965103149414], "kathryn-mckinley_2013": [-27.300071716308594, -13.135525703430176], "kathryn-mckinley_2007": [-25.445173263549805, 5.824021816253662], "kathryn-mckinley_2016": [-23.207496643066406, -9.750263214111328], "kathryn-mckinley_2011": [-26.21510124206543, -12.951971054077148], "kathryn-mckinley_2000": [-28.873300552368164, -14.122047424316406], "kathryn-mckinley_2018": [9.785585403442383, 38.38772964477539], "kathryn-mckinley_2008": [-28.80935287475586, 6.963331699371338], "kathryn-mckinley_2003": [-32.40279769897461, 1.5388747453689575], "kathryn-mckinley_1997": [-15.36744213104248, -28.980995178222656], "kathryn-mckinley_2010": [-26.031057357788086, 7.02955961227417], "kathryn-mckinley_1996": [-24.65962028503418, -15.282431602478027], "kathryn-mckinley_2005": [-23.343311309814453, -10.910296440124512], "kathryn-mckinley_1992": [-22.783185958862305, -16.540157318115234], "kathryn-mckinley_1993": [-24.257511138916016, -19.12021255493164], "kathryn-mckinley_2012": [-24.1798095703125, -9.7896089553833], "kathryn-mckinley_2002": [-30.1149845123291, 9.189138412475586], "kathryn-mckinley_2001": [-26.282323837280273, 2.429814100265503], "kathryn-mckinley_2017": [-29.175159454345703, 1.8062094449996948], "kathryn-mckinley_1999": [-32.05964660644531, 1.0244364738464355], "kathryn-mckinley_2014": [-28.87285804748535, 3.2635738849639893], "kathryn-mckinley_1989": [-21.77847671508789, -21.083032608032227], "POPL_1993": [34.217018127441406, -14.527592658996582], "POPL_2017": [-7.548135757446289, -38.544517517089844], "POPL_1980": [22.26351547241211, 9.90173053741455], "POPL_2001": [40.96561050415039, -10.346641540527344], "POPL_2016": [-7.5238847732543945, -39.09342575073242], "POPL_2005": [34.057220458984375, -27.25432777404785], "POPL_1996": [35.250545501708984, -12.695121765136719], "POPL_1988": [32.27141189575195, -9.9645414352417], "POPL_2006": [35.47502136230469, -30.693918228149414], "POPL_2007": [37.50212860107422, -28.47313117980957], "POPL_1991": [35.01335144042969, -10.389056205749512], "POPL_1977": [20.529142379760742, 11.181111335754395], "POPL_1982": [31.840450286865234, 3.132459878921509], "POPL_2004": [34.78098678588867, -23.758132934570312], "POPL_1989": [32.363800048828125, 0.38565829396247864], "POPL_1981": [30.26576042175293, 2.5969338417053223], "POPL_2000": [40.73163986206055, -10.721644401550293], "POPL_2013": [32.03362274169922, -36.22207260131836], "POPL_1987": [32.453575134277344, 2.168837070465088], "POPL_1986": [34.33665466308594, 2.046934127807617], "POPL_1973": [19.455127716064453, 12.16280460357666], "POPL_1978": [21.434955596923828, 11.786161422729492], "POPL_1995": [34.21582794189453, -13.486404418945312], "POPL_1985": [31.37130355834961, 5.814394950866699], "POPL_1976": [22.401260375976562, 13.42773151397705], "POPL_2009": [34.49867248535156, -29.62160301208496], "POPL_1984": [33.518959045410156, 4.445131301879883], "POPL_2012": [33.10635757446289, -32.96785354614258], "POPL_2010": [32.07465362548828, -29.759918212890625], "POPL_1999": [34.51755142211914, -20.450918197631836], "POPL_2014": [33.567420959472656, -32.147090911865234], "POPL_1983": [31.78955078125, 4.279450416564941], "POPL_1975": [21.060203552246094, 29.07065773010254], "POPL_2002": [34.63542556762695, -22.313323974609375], "POPL_2003": [34.32877731323242, -16.401016235351562], "POPL_2011": [33.461936950683594, -29.39177703857422], "POPL_2008": [36.00090026855469, -28.985126495361328], "POPL_1994": [33.425193786621094, -11.234166145324707], "POPL_1992": [32.43581771850586, -0.8748826384544373], "POPL_2015": [31.92095947265625, -35.6340446472168], "POPL_1997": [33.008888244628906, -11.969947814941406], "POPL_1998": [34.44004821777344, -19.456789016723633], "POPL_1979": [22.29328155517578, 11.736523628234863], "PLDI_2015": [-13.47748851776123, -31.3643856048584], "PLDI_1991": [37.93281173706055, -2.9757087230682373], "PLDI_2018": [26.24721908569336, -37.61593246459961], "PLDI_1996": [12.850446701049805, -38.317440032958984], "PLDI_2001": [7.683985233306885, -35.79377746582031],