{"steve-blackburn_2004": [22.036298751831055, -44.83196258544922], "steve-blackburn_1999": [7.111968040466309, 20.062654495239258], "steve-blackburn_2011": [9.541725158691406, -35.689456939697266], "steve-blackburn_2006": [22.625198364257812, -45.898773193359375], "steve-blackburn_2000": [0.7334012985229492, -32.397830963134766], "steve-blackburn_2015": [19.036243438720703, -39.8890266418457], "steve-blackburn_2005": [18.845138549804688, -36.484806060791016], "steve-blackburn_1998": [2.1863768100738525, 22.6951904296875], "steve-blackburn_2016": [19.68345832824707, -38.67845916748047], "steve-blackburn_1996": [-10.272830963134766, 3.4806370735168457], "steve-blackburn_2001": [16.744901657104492, -33.962100982666016], "steve-blackburn_2018": [15.623942375183105, 27.277812957763672], "steve-blackburn_2010": [20.708759307861328, -41.713226318359375], "steve-blackburn_2012": [10.1123685836792, -35.51338195800781], "steve-blackburn_2013": [21.892940521240234, -39.16740798950195], "steve-blackburn_1997": [0.5753362774848938, 22.87580680847168], "steve-blackburn_2002": [21.549564361572266, -45.733924865722656], "steve-blackburn_2003": [21.40523910522461, -43.883243560791016], "steve-blackburn_2014": [22.537012100219727, -39.64632034301758], "steve-blackburn_2008": [15.109029769897461, -34.742855072021484], "steve-blackburn_2009": [22.476125717163086, -41.939735412597656], "steve-blackburn_2007": [19.93708038330078, -42.66234588623047], "antony-l-hosking_2011": [15.546133995056152, -35.386207580566406], "antony-l-hosking_2016": [7.456940174102783, -30.1180362701416], "antony-l-hosking_2009": [-6.5670294761657715, -23.863161087036133], "antony-l-hosking_2007": [7.950833320617676, -26.547428131103516], "antony-l-hosking_2006": [15.23015308380127, -36.84140396118164], "antony-l-hosking_2004": [15.07357120513916, -37.71772003173828], "antony-l-hosking_1995": [11.130270957946777, -27.302717208862305], "antony-l-hosking_2015": [18.04456329345703, -37.63082504272461], "antony-l-hosking_1999": [13.97827434539795, -39.18268585205078], "antony-l-hosking_2014": [7.2316484451293945, -28.6068172454834], "antony-l-hosking_2005": [15.867698669433594, -38.660491943359375], "antony-l-hosking_1990": [9.594818115234375, -30.652334213256836], "antony-l-hosking_2003": [-9.750953674316406, -12.335175514221191], "antony-l-hosking_2001": [19.04720115661621, -42.1130256652832], "antony-l-hosking_2018": [15.728241920471191, 30.206506729125977], "antony-l-hosking_2000": [3.438331365585327, -31.06768226623535], "antony-l-hosking_1993": [9.336514472961426, -26.446685791015625], "antony-l-hosking_2012": [14.299832344055176, -36.328678131103516], "antony-l-hosking_1991": [0.3012884259223938, -23.041715621948242], "antony-l-hosking_1998": [1.4670637845993042, -32.0455207824707], "antony-l-hosking_1992": [13.04979133605957, -33.891048431396484], "antony-l-hosking_2013": [14.947513580322266, 28.224531173706055], "antony-l-hosking_1997": [17.20740509033203, -40.087669372558594], "antony-l-hosking_2010": [16.608163833618164, -36.0567626953125], "antony-l-hosking_1994": [12.830313682556152, -38.4982795715332], "antony-l-hosking_2008": [17.351408004760742, 28.6890869140625], "antony-l-hosking_1996": [10.57434368133545, -29.700170516967773], "antony-l-hosking_2017": [22.88723373413086, -43.88388442993164], "kathryn-mckinley_2009": [4.606624126434326, -28.713083267211914], "kathryn-mckinley_2004": [6.391457557678223, -31.53293228149414], "kathryn-mckinley_1994": [-2.5813095569610596, -19.69007110595703], "kathryn-mckinley_1998": [4.702907085418701, -25.404335021972656], "kathryn-mckinley_1990": [-11.384712219238281, -1.2593517303466797], "kathryn-mckinley_1995": [-10.217894554138184, -2.9938697814941406], "kathryn-mckinley_2006": [3.0857057571411133, -28.40232276916504], "kathryn-mckinley_2015": [-3.2626588344573975, -23.68818473815918], "kathryn-mckinley_1991": [-0.04418129101395607, -18.821596145629883], "kathryn-mckinley_2013": [-4.805161476135254, -23.235008239746094], "kathryn-mckinley_2007": [4.058618545532227, -29.22867774963379], "kathryn-mckinley_2016": [-3.0088493824005127, -26.10660171508789], "kathryn-mckinley_2011": [-3.9876515865325928, -23.5602970123291], "kathryn-mckinley_2000": [-5.316490173339844, -22.127559661865234], "kathryn-mckinley_2018": [16.178586959838867, 28.296850204467773], "kathryn-mckinley_2008": [5.524842739105225, -30.784095764160156], "kathryn-mckinley_2003": [1.5706087350845337, -26.350648880004883], "kathryn-mckinley_1997": [-15.331600189208984, -15.707919120788574], "kathryn-mckinley_2010": [5.073562145233154, -29.66907501220703], "kathryn-mckinley_1996": [-2.874819278717041, -21.537952423095703], "kathryn-mckinley_2005": [-2.7882754802703857, -25.146888732910156], "kathryn-mckinley_1992": [-3.5331814289093018, -19.571056365966797], "kathryn-mckinley_1993": [-1.0951613187789917, -18.73863410949707], "kathryn-mckinley_2012": [-1.9746320247650146, -25.897432327270508], "kathryn-mckinley_2002": [7.458367824554443, -31.852706909179688], "kathryn-mckinley_2001": [3.7902183532714844, -26.801191329956055], "kathryn-mckinley_2017": [0.6455873847007751, -28.085174560546875], "kathryn-mckinley_1999": [1.3995283842086792, -25.92919158935547], "kathryn-mckinley_2014": [2.1067352294921875, -27.809680938720703], "kathryn-mckinley_1989": [-2.112447500228882, -16.982683181762695], "POPL_1993": [-7.4905686378479, 14.806175231933594], "POPL_2017": [-12.264371871948242, -7.472377300262451], "POPL_1980": [4.375322341918945, 19.695934295654297], "POPL_2001": [-2.154590368270874, 21.592348098754883], "POPL_2016": [-11.978616714477539, -7.314000129699707], "POPL_2005": [-16.7450008392334, 15.922162055969238], "POPL_1996": [-6.4396891593933105, 15.954556465148926], "POPL_1988": [-3.4256908893585205, 15.441442489624023], "POPL_2006": [-18.510154724121094, 17.46493911743164], "POPL_2007": [-16.376731872558594, 18.177753448486328], "POPL_1991": [-4.9533514976501465, 16.566865921020508], "POPL_1977": [2.980896234512329, 21.908233642578125], "POPL_1982": [1.171915888786316, 17.345094680786133], "POPL_2004": [-14.30704402923584, 16.14198875427246], "POPL_1989": [-0.6494311094284058, 18.176231384277344], "POPL_1981": [1.832169532775879, 18.813556671142578], "POPL_2000": [-2.3122828006744385, 21.426868438720703], "POPL_2013": [-18.60744285583496, 13.217063903808594], "POPL_1987": [0.7635645270347595, 17.861988067626953], "POPL_1986": [2.1161441802978516, 15.483917236328125], "POPL_1973": [2.2019846439361572, 21.44956398010254], "POPL_1978": [3.5988211631774902, 21.487140655517578], "POPL_1995": [-6.567843437194824, 14.896958351135254], "POPL_1985": [0.06613942235708237, 15.156911849975586], "POPL_1976": [4.496814727783203, 22.320524215698242], "POPL_2009": [-18.299985885620117, 16.285940170288086], "POPL_1984": [2.4793648719787598, 17.035524368286133], "POPL_2012": [-20.461618423461914, 14.548336029052734], "POPL_2010": [-19.90877914428711, 16.87868881225586], "POPL_1999": [-11.729397773742676, 14.701761245727539], "POPL_2014": [-19.95262908935547, 15.52318000793457], "POPL_1983": [0.7215752601623535, 16.506160736083984], "POPL_1975": [9.411425590515137, 27.29368782043457], "POPL_2002": [-13.148852348327637, 15.349024772644043], "POPL_2003": [-9.085624694824219, 14.49941635131836], "POPL_2011": [-18.552196502685547, 15.46429443359375], "POPL_2008": [-17.40013885498047, 17.260684967041016], "POPL_1994": [-5.013760089874268, 15.177210807800293], "POPL_1992": [-1.7288438081741333, 18.309904098510742], "POPL_2015": [-19.389728546142578, 13.125274658203125], "POPL_1997": [-5.2676920890808105, 14.459117889404297], "POPL_1998": [-10.836272239685059, 14.254495620727539], "POPL_1979": [3.961599826812744, 21.057636260986328], "PLDI_2015": [-16.268814086914062, -12.991096496582031], "PLDI_1991": [-6.264870643615723, 19.804733276367188], "PLDI_2018": [-22.720163345336914, 9.390766143798828], "PLDI_1996": [-14.836877822875977, 4.415391445159912], "PLDI_2001": [-14.330066680908203, -3.2533555030822754],