{"cheng-soon-ong_2007": [-5.643735885620117, -1.777265191078186], "cheng-soon-ong_2015": [-5.477300643920898, -2.7454187870025635], "cheng-soon-ong_2016": [-5.992507457733154, -2.2740893363952637], "cheng-soon-ong_2008": [-5.5172905921936035, -0.3765348792076111], "cheng-soon-ong_2005": [-5.214153289794922, -1.9200042486190796], "cheng-soon-ong_2009": [-5.303925037384033, -0.11379900574684143], "cheng-soon-ong_2014": [-5.174651145935059, 0.04652852565050125], "cheng-soon-ong_2017": [-1.2341965436935425, -6.064774513244629], "cheng-soon-ong_2006": [-5.480503559112549, -0.37576133012771606], "cheng-soon-ong_2003": [-4.948847770690918, -2.085745096206665], "cheng-soon-ong_2004": [-2.284970760345459, -2.838967800140381], "robert-c-williamson_2014": [-3.9429259300231934, -4.112295627593994], "robert-c-williamson_2007": [-1.3697535991668701, -3.014726161956787], "robert-c-williamson_2002": [-3.557499647140503, -2.0687575340270996], "robert-c-williamson_1998": [0.7671027183532715, -5.136824131011963], "robert-c-williamson_1999": [-2.7742950916290283, -0.779579758644104], "robert-c-williamson_2001": [-2.7639048099517822, -1.0378575325012207], "robert-c-williamson_2006": [-2.3363230228424072, -2.322497606277466], "robert-c-williamson_1996": [0.8067551851272583, -5.141051769256592], "robert-c-williamson_1988": [4.137523651123047, 0.06736165285110474], "robert-c-williamson_2011": [-4.246326923370361, -3.965085029602051], "robert-c-williamson_2003": [-1.464038610458374, -0.5501237511634827], "robert-c-williamson_1994": [1.0255424976348877, -4.8503031730651855], "robert-c-williamson_1993": [2.573963165283203, -3.910816192626953], "robert-c-williamson_2000": [-2.769943952560425, -0.836172878742218], "robert-c-williamson_1992": [2.2234787940979004, -4.255891799926758], "robert-c-williamson_1991": [4.554779052734375, 1.9795016050338745], "robert-c-williamson_2015": [-4.421112060546875, -3.76401948928833], "robert-c-williamson_2010": [-2.558082342147827, -4.036343097686768], "robert-c-williamson_1995": [-1.9952917098999023, -1.3155264854431152], "robert-c-williamson_2018": [1.203006386756897, -3.6857972145080566], "robert-c-williamson_2005": [-2.3982369899749756, -3.7917122840881348], "robert-c-williamson_2016": [-4.821811676025391, -3.3667654991149902], "robert-c-williamson_1997": [-1.959887146949768, -1.362931728363037], "robert-c-williamson_1990": [0.09279624372720718, 0.5614892244338989], "robert-c-williamson_2017": [-1.2977675199508667, -5.712131023406982], "robert-c-williamson_2009": [-1.065942406654358, -0.6208719611167908], "robert-c-williamson_2008": [-0.7017495036125183, -0.7588222622871399], "robert-c-williamson_2012": [-3.721489667892456, -4.132480621337891], "robert-c-williamson_1985": [1.846505880355835, -0.08237162977457047], "robert-c-williamson_1987": [1.8465046882629395, -0.08237019181251526], "robert-c-williamson_2004": [-2.91532301902771, -2.4048993587493896], "alexander-j-smola_1998": [-2.9230079650878906, -2.0912370681762695], "alexander-j-smola_2007": [-5.118306636810303, -2.7466554641723633], "alexander-j-smola_2005": [-4.383851528167725, -2.5608065128326416], "alexander-j-smola_1999": [-3.200072765350342, -1.5699719190597534], "alexander-j-smola_2010": [-5.151118278503418, -2.7455623149871826], "alexander-j-smola_2004": [-4.096090316772461, -2.299583911895752], "alexander-j-smola_2018": [-2.236027479171753, -5.827803611755371], "alexander-j-smola_2003": [-4.378262042999268, -2.3593192100524902], "alexander-j-smola_2006": [-4.375410556793213, -2.523651599884033], "alexander-j-smola_2016": [-5.585790157318115, -3.8868682384490967], "alexander-j-smola_2000": [-3.55397367477417, -1.768578290939331], "alexander-j-smola_1992": [2.2495172023773193, 0.01863236166536808], "alexander-j-smola_2001": [-2.7869715690612793, -1.8809441328048706], "alexander-j-smola_2008": [-5.012719631195068, -2.8718762397766113], "alexander-j-smola_2017": [-2.3475286960601807, -5.797207832336426], "alexander-j-smola_2009": [-4.978015899658203, -2.762737274169922], "alexander-j-smola_2013": [-2.7761902809143066, 3.187836170196533], "alexander-j-smola_2014": [-5.1172075271606445, -3.210038423538208], "alexander-j-smola_2012": [-5.114871978759766, -3.0551347732543945], "alexander-j-smola_2015": [-5.484236240386963, -3.5438168048858643], "alexander-j-smola_2011": [-2.9752349853515625, -3.231588125228882], "alexander-j-smola_2002": [-2.821381092071533, -2.415722608566284], "alexander-j-smola_1997": [-0.5337432026863098, -1.7054519653320312], "alexander-j-smola_1995": [2.2495176792144775, 0.01863252744078636], "alexander-j-smola_1996": [2.249516248703003, 0.0186331607401371], "ICWSM_2007": [-1.447039008140564, 3.3107006549835205], "ICWSM_2008": [-1.2906930446624756, 2.796243667602539], "ICWSM_2017": [-2.615429162979126, 1.829658031463623], "ICWSM_2015": [-2.6383628845214844, 1.9088287353515625], "ICWSM_2012": [-3.1564905643463135, 1.9028314352035522], "ICWSM_2010": [-1.890201210975647, 2.4231910705566406], "ICWSM_2011": [-3.161752223968506, 2.0445492267608643], "ICWSM_2014": [-3.1301651000976562, 1.9030991792678833], "ICWSM_2013": [-3.2030210494995117, 1.901376724243164], "ICWSM_2009": [-1.94071626663208, 2.5603461265563965], "ICWSM_2016": [-2.656623601913452, 1.861816644668579], "ICWSM_2006": [3.9314327239990234, 0.9938313364982605], "WSDM_2011": [-3.8844962120056152, 3.8377392292022705], "WSDM_2016": [-3.860872983932495, 3.7741825580596924], "WSDM_2009": [-2.8348350524902344, 4.009749412536621], "WSDM_2018": [-3.993598699569702, 3.7933199405670166], "WSDM_2012": [-3.8144655227661133, 3.8162648677825928], "WSDM_2017": [-3.9730186462402344, 3.814833879470825], "WSDM_2014": [-3.8251442909240723, 3.790227174758911], "WSDM_2010": [-3.028053045272827, 3.950241804122925], "WSDM_2013": [-3.851379156112671, 3.772512197494507], "WSDM_2015": [-3.12493634223938, 3.7482693195343018], "WSDM_2008": [-1.796328067779541, 3.531506061553955], "CIKM_2008": [1.1968687772750854, 3.337597370147705], "CIKM_2012": [-0.7554512619972229, 4.121833801269531], "CIKM_2009": [-0.5291376709938049, 4.125116348266602], "CIKM_2006": [1.7003947496414185, 2.862180233001709], "CIKM_2005": [1.9462052583694458, 2.6448731422424316], "CIKM_2013": [-0.8071761131286621, 3.9911181926727295], "CIKM_2011": [-0.5160307288169861, 4.108741760253906], "CIKM_2015": [-0.6681422591209412, 3.8648602962493896], "CIKM_2003": [2.068434476852417, 1.6831190586090088], "CIKM_2010": [-0.557196319103241, 4.02149772644043], "CIKM_2002": [2.5807015895843506, 2.3242828845977783], "CIKM_1994": [2.8330414295196533, 1.0922175645828247], "CIKM_2007": [1.7921429872512817, 3.220869541168213], "CIKM_2017": [-0.7917068004608154, 3.800462007522583], "CIKM_2016": [-0.722210705280304, 3.978930711746216], "CIKM_2014": [-0.6828396916389465, 4.014676094055176], "CIKM_1993": [3.2261548042297363, 1.4450069665908813], "CIKM_1995": [3.179255962371826, 1.0229244232177734], "CIKM_2004": [2.2781527042388916, 2.5162322521209717], "CIKM_2001": [2.615269422531128, 2.1695525646209717], "CIKM_2000": [2.6897482872009277, 2.1404600143432617], "CIKM_1997": [2.732790946960449, 0.7762168645858765], "CIKM_1999": [2.715167760848999, 1.9076564311981201], "CIKM_1998": [2.7989115715026855, 1.3380614519119263], "CIKM_1992": [2.620001792907715, 0.3503601849079132], "CIKM_1996": [2.7208399772644043, 0.8930457830429077], "ICML_2005": [-0.05591171979904175, -3.0602293014526367], "ICML_2010": [-0.2090117633342743, -3.103799343109131], "ICML_1989": [2.36452317237854, -2.612757682800293], "ICML_1991": [2.684375047683716, -2.420438051223755], "ICML_2016": [-1.820173978805542, -4.491182327270508], "ICML_2014": [-1.784402847290039, -3.8672542572021484], "ICML_2017": [-1.4589083194732666, -5.003221035003662], "ICML_2013": [-1.8406709432601929, -3.72830867767334], "ICML_2018": [-1.3320754766464233, -5.136481285095215], "ICML_2008": [-0.4995601177215576, -3.265930414199829], "ICML_2003": [0.255665123462677, -2.797593355178833], "ICML_2006": [-0.3969351053237915, -3.138819694519043],