{"cheng-soon-ong_2007": [-20.119291305541992, -2.182819366455078], "cheng-soon-ong_2015": [-17.196279525756836, -5.403011798858643], "cheng-soon-ong_2016": [-20.46613883972168, -3.2124390602111816], "cheng-soon-ong_2008": [-21.153789520263672, -0.6495757102966309], "cheng-soon-ong_2005": [-18.51597785949707, -1.351297378540039], "cheng-soon-ong_2009": [-20.757905960083008, 0.5262356996536255], "cheng-soon-ong_2014": [-20.417020797729492, 1.2173233032226562], "cheng-soon-ong_2017": [-12.370128631591797, -12.832274436950684], "cheng-soon-ong_2006": [-21.03571128845215, -0.5264664888381958], "cheng-soon-ong_2003": [-17.980798721313477, -1.9051342010498047], "cheng-soon-ong_2004": [-11.453556060791016, -1.908298134803772], "robert-c-williamson_2014": [-5.771983623504639, -0.5130544900894165], "robert-c-williamson_2007": [-6.703920841217041, -10.707423210144043], "robert-c-williamson_2002": [-13.346546173095703, -3.4444894790649414], "robert-c-williamson_1998": [-8.144899368286133, -1.8630504608154297], "robert-c-williamson_1999": [-9.654817581176758, -0.06037960574030876], "robert-c-williamson_2001": [-9.449599266052246, -0.8089936971664429], "robert-c-williamson_2006": [-9.84607219696045, -3.2026126384735107], "robert-c-williamson_1996": [-8.263582229614258, -1.5713293552398682], "robert-c-williamson_1988": [10.619553565979004, -1.5645811557769775], "robert-c-williamson_2011": [-15.584357261657715, -0.8707318902015686], "robert-c-williamson_2003": [-4.37162446975708, -2.822340965270996], "robert-c-williamson_1994": [-8.760456085205078, -2.5962395668029785], "robert-c-williamson_1993": [2.454699993133545, -6.472168445587158], "robert-c-williamson_2000": [-9.812113761901855, 0.012577125802636147], "robert-c-williamson_1992": [1.3689311742782593, -7.010982036590576], "robert-c-williamson_1991": [5.236041069030762, 1.1668990850448608], "robert-c-williamson_2015": [-15.943822860717773, -1.2463793754577637], "robert-c-williamson_2010": [-11.464794158935547, -7.746033668518066], "robert-c-williamson_1995": [-7.890268802642822, -3.9230852127075195], "robert-c-williamson_2018": [4.594149112701416, -10.18835735321045], "robert-c-williamson_2005": [-10.755380630493164, -7.304078578948975], "robert-c-williamson_2016": [-16.76766014099121, -2.2704668045043945], "robert-c-williamson_1997": [-7.896428108215332, -3.9834117889404297], "robert-c-williamson_1990": [5.786250114440918, 0.9762760400772095], "robert-c-williamson_2017": [-11.93734359741211, -12.22996711730957], "robert-c-williamson_2009": [-3.4342563152313232, -2.2390735149383545], "robert-c-williamson_2008": [-2.669384717941284, -2.826826333999634], "robert-c-williamson_2012": [-5.136693477630615, -0.9303081631660461], "robert-c-williamson_1985": [10.731964111328125, -1.8698272705078125], "robert-c-williamson_1987": [11.054258346557617, -1.837998390197754], "robert-c-williamson_2004": [-11.588983535766602, -3.2067341804504395], "alexander-j-smola_1998": [-11.380436897277832, -3.977231502532959], "alexander-j-smola_2007": [-18.333961486816406, -3.200169324874878], "alexander-j-smola_2005": [-15.707268714904785, -3.353884696960449], "alexander-j-smola_1999": [-12.407308578491211, -4.5212249755859375], "alexander-j-smola_2010": [-17.71790885925293, -3.609546422958374], "alexander-j-smola_2004": [-14.926201820373535, -4.2039899826049805], "alexander-j-smola_2018": [-14.01970100402832, -11.059064865112305], "alexander-j-smola_2003": [-15.479044914245605, -4.300943851470947], "alexander-j-smola_2006": [-15.656261444091797, -3.668975830078125], "alexander-j-smola_2016": [-19.40032958984375, -6.2611308097839355], "alexander-j-smola_2000": [-13.256032943725586, -4.4894700050354], "alexander-j-smola_1992": [11.297961235046387, -0.5937979817390442], "alexander-j-smola_2001": [-10.884021759033203, -4.124379634857178], "alexander-j-smola_2008": [-17.457429885864258, -3.9817252159118652], "alexander-j-smola_2017": [-14.108541488647461, -10.990399360656738], "alexander-j-smola_2009": [-17.16770362854004, -4.122735977172852], "alexander-j-smola_2013": [-6.221609592437744, 11.952713012695312], "alexander-j-smola_2014": [-18.429758071899414, -4.781294822692871], "alexander-j-smola_2012": [-18.41959571838379, -4.089005470275879], "alexander-j-smola_2015": [-19.191232681274414, -5.6003265380859375], "alexander-j-smola_2011": [-13.115798950195312, -1.8813083171844482], "alexander-j-smola_2002": [-11.398239135742188, -3.098405122756958], "alexander-j-smola_1997": [-2.67913818359375, -5.1891865730285645], "alexander-j-smola_1995": [10.897790908813477, -1.017584204673767], "alexander-j-smola_1996": [9.848907470703125, -0.8779878616333008], "ICWSM_2007": [-0.8639041185379028, 14.080994606018066], "ICWSM_2008": [0.15044009685516357, 14.763304710388184], "ICWSM_2017": [-1.5772442817687988, 18.02808952331543], "ICWSM_2015": [-1.8206627368927002, 17.803672790527344], "ICWSM_2012": [-3.4693377017974854, 18.280054092407227], "ICWSM_2010": [-1.0323731899261475, 15.89096736907959], "ICWSM_2011": [-3.5824105739593506, 17.60527229309082], "ICWSM_2014": [0.4601994454860687, -10.661165237426758], "ICWSM_2013": [-3.7426068782806396, 18.574970245361328], "ICWSM_2009": [-1.1863771677017212, 15.768327713012695], "ICWSM_2016": [-1.7664421796798706, 17.930335998535156], "ICWSM_2006": [15.68652057647705, 3.1767561435699463], "WSDM_2011": [-7.900643348693848, 14.761886596679688], "WSDM_2016": [-7.265798091888428, 15.672784805297852], "WSDM_2009": [-5.126378059387207, 13.8319091796875], "WSDM_2018": [-8.095982551574707, 16.1226806640625], "WSDM_2012": [-7.316883563995361, 14.730023384094238], "WSDM_2017": [-8.220335006713867, 15.55775260925293], "WSDM_2014": [-7.153385639190674, 15.188546180725098], "WSDM_2010": [-5.467344760894775, 13.898874282836914], "WSDM_2013": [-6.951171875, 15.508894920349121], "WSDM_2015": [-6.049737930297852, 13.753547668457031], "WSDM_2008": [-2.0463650226593018, 13.639702796936035], "CIKM_2008": [5.887524604797363, 9.34793758392334], "CIKM_2012": [-0.1591009795665741, 12.162728309631348], "CIKM_2009": [0.38030096888542175, 11.1951265335083], "CIKM_2006": [7.295755386352539, 9.52429485321045], "CIKM_2005": [7.748442649841309, 8.664682388305664], "CIKM_2013": [-0.8585455417633057, 12.243663787841797], "CIKM_2011": [0.3118565082550049, 11.020956039428711], "CIKM_2015": [-1.020319938659668, 10.923027992248535], "CIKM_2003": [8.89919662475586, 4.38316011428833], "CIKM_2010": [-0.0829525962471962, 11.000395774841309], "CIKM_2002": [9.806248664855957, 8.314127922058105], "CIKM_1994": [11.366925239562988, 5.852280139923096], "CIKM_2007": [6.351530075073242, 8.832162857055664], "CIKM_2017": [-1.8830745220184326, 11.42723274230957], "CIKM_2016": [-1.3692479133605957, 11.530431747436523], "CIKM_2014": [-0.5934883952140808, 11.509110450744629], "CIKM_1993": [11.874917984008789, 6.846844673156738], "CIKM_1995": [12.363569259643555, 5.727060317993164], "CIKM_2004": [8.148726463317871, 8.184292793273926], "CIKM_2001": [9.182977676391602, 7.290268421173096], "CIKM_2000": [9.832707405090332, 7.837498664855957], "CIKM_1997": [11.2286376953125, 4.563175201416016], "CIKM_1999": [10.056381225585938, 7.140623092651367], "CIKM_1998": [10.699002265930176, 6.414411544799805], "CIKM_1992": [10.900971412658691, 3.4872281551361084], "CIKM_1996": [11.40201187133789, 5.526833534240723], "ICML_2005": [-3.493856191635132, -8.984993934631348], "ICML_2010": [-4.541693210601807, -8.00578784942627], "ICML_1989": [17.483613967895508, -10.056666374206543], "ICML_1991": [16.11243438720703, -10.522148132324219], "ICML_2016": [-10.964839935302734, -9.381175994873047], "ICML_2014": [-9.792886734008789, -8.173941612243652], "ICML_2017": [-11.160140037536621, -10.659412384033203], "ICML_2013": [-9.679147720336914, -7.712141036987305], "ICML_2018": [-10.847053527832031, -11.277961730957031], "ICML_2008": [-5.1082353591918945, -9.260247230529785], "ICML_2003": [-2.7798259258270264, -8.115100860595703], "ICML_2006": [-4.599955081939697, -8.815134048461914],