{"steve-blackburn_2004": [21.98681640625, -24.071392059326172], "steve-blackburn_1999": [-9.940777778625488, 24.36495018005371], "steve-blackburn_2011": [18.826692581176758, -15.031336784362793], "steve-blackburn_2006": [21.68457794189453, -24.87236785888672], "steve-blackburn_2000": [14.263590812683105, -9.633373260498047], "steve-blackburn_2015": [20.381771087646484, -20.93470573425293], "steve-blackburn_2005": [21.129180908203125, -18.8738956451416], "steve-blackburn_1998": [-17.089399337768555, 20.4902286529541], "steve-blackburn_2016": [21.052997589111328, -20.252363204956055], "steve-blackburn_1996": [-5.827573776245117, 12.723769187927246], "steve-blackburn_2001": [20.068815231323242, -17.156103134155273], "steve-blackburn_2018": [-18.848905563354492, 23.726932525634766], "steve-blackburn_2010": [21.628582000732422, -21.99684715270996], "steve-blackburn_2012": [18.610204696655273, -15.546003341674805], "steve-blackburn_2013": [22.56038475036621, -20.876157760620117], "steve-blackburn_1997": [-9.122268676757812, 23.545055389404297], "steve-blackburn_2002": [22.45191192626953, -24.748138427734375], "steve-blackburn_2003": [21.963159561157227, -23.189973831176758], "steve-blackburn_2014": [23.06155776977539, -21.239501953125], "steve-blackburn_2008": [18.272396087646484, -17.137535095214844], "steve-blackburn_2009": [23.289674758911133, -22.573945999145508], "steve-blackburn_2007": [20.981338500976562, -22.427783966064453], "antony-l-hosking_2011": [18.4227352142334, -17.578752517700195], "antony-l-hosking_2016": [15.736763954162598, -14.029378890991211], "antony-l-hosking_2009": [6.216789722442627, -10.881006240844727], "antony-l-hosking_2007": [11.764575004577637, -15.167627334594727], "antony-l-hosking_2006": [18.48379135131836, -18.323984146118164], "antony-l-hosking_2004": [19.011991500854492, -18.388755798339844], "antony-l-hosking_1995": [12.96296501159668, -18.252717971801758], "antony-l-hosking_2015": [19.975482940673828, -19.55609703063965], "antony-l-hosking_1999": [17.707286834716797, -20.28117561340332], "antony-l-hosking_2014": [16.265567779541016, -12.37453842163086], "antony-l-hosking_2005": [19.832134246826172, -18.48465347290039], "antony-l-hosking_1990": [14.890998840332031, -16.328567504882812], "antony-l-hosking_2003": [-3.0549211502075195, -3.768490791320801], "antony-l-hosking_2001": [20.430776596069336, -22.708404541015625], "antony-l-hosking_2018": [-18.263427734375, 24.667158126831055], "antony-l-hosking_2000": [14.612760543823242, -12.11144733428955], "antony-l-hosking_1993": [11.807687759399414, -16.567014694213867], "antony-l-hosking_2012": [17.590696334838867, -18.05414581298828], "antony-l-hosking_1991": [8.575432777404785, -13.540849685668945], "antony-l-hosking_1998": [14.240873336791992, -10.27773666381836], "antony-l-hosking_1992": [16.850313186645508, -16.70046043395996], "antony-l-hosking_2013": [-19.552404403686523, 23.56180763244629], "antony-l-hosking_1997": [19.205795288085938, -20.70439338684082], "antony-l-hosking_2010": [18.57969093322754, -19.17892837524414], "antony-l-hosking_1994": [16.95632553100586, -19.719295501708984], "antony-l-hosking_2008": [-19.77960205078125, 24.801300048828125], "antony-l-hosking_1996": [14.356636047363281, -17.334518432617188], "antony-l-hosking_2017": [22.80360221862793, -23.616270065307617], "kathryn-mckinley_2009": [13.345311164855957, -12.922320365905762], "kathryn-mckinley_2004": [14.368963241577148, -14.264825820922852], "kathryn-mckinley_1994": [7.658254623413086, -7.897248268127441], "kathryn-mckinley_1998": [13.245254516601562, -15.174652099609375], "kathryn-mckinley_1990": [-2.0257439613342285, 5.633491516113281], "kathryn-mckinley_1995": [-1.0565131902694702, 4.572839736938477], "kathryn-mckinley_2006": [12.467151641845703, -13.339262962341309], "kathryn-mckinley_2015": [8.96002197265625, -10.979804992675781], "kathryn-mckinley_1991": [9.354615211486816, -6.8692545890808105], "kathryn-mckinley_2013": [7.851036548614502, -10.998078346252441], "kathryn-mckinley_2007": [13.419598579406738, -12.513830184936523], "kathryn-mckinley_2016": [10.24706745147705, -10.281306266784668], "kathryn-mckinley_2011": [8.499216079711914, -10.898653984069824], "kathryn-mckinley_2000": [7.464778900146484, -11.823616027832031], "kathryn-mckinley_2018": [-18.19993019104004, 23.853342056274414], "kathryn-mckinley_2008": [13.54633903503418, -13.889785766601562], "kathryn-mckinley_2003": [11.15124225616455, -13.14992904663086], "kathryn-mckinley_1997": [0.3339380621910095, -2.682328462600708], "kathryn-mckinley_2010": [14.150047302246094, -13.202616691589355], "kathryn-mckinley_1996": [8.307111740112305, -9.361751556396484], "kathryn-mckinley_2005": [9.793423652648926, -10.251851081848145], "kathryn-mckinley_1992": [7.0715765953063965, -8.033822059631348], "kathryn-mckinley_1993": [8.464025497436523, -6.860861778259277], "kathryn-mckinley_2012": [10.295829772949219, -11.052408218383789], "kathryn-mckinley_2002": [15.023567199707031, -14.910075187683105], "kathryn-mckinley_2001": [12.58296012878418, -12.193331718444824], "kathryn-mckinley_2017": [11.698726654052734, -11.487637519836426], "kathryn-mckinley_1999": [10.844697952270508, -12.693524360656738], "kathryn-mckinley_2014": [11.87540054321289, -12.477669715881348], "kathryn-mckinley_1989": [7.386348724365234, -5.712934970855713], "POPL_1993": [-11.201520919799805, 14.545585632324219], "POPL_2017": [-5.174328804016113, -1.6320658922195435], "POPL_1980": [-13.116761207580566, 23.181108474731445], "POPL_2001": [-14.303128242492676, 15.855117797851562], "POPL_2016": [-5.206542015075684, -1.8432608842849731], "POPL_2005": [-13.323655128479004, 9.556014060974121], "POPL_1996": [-10.57601261138916, 15.546730041503906], "POPL_1988": [-12.497906684875488, 16.891389846801758], "POPL_2006": [-14.540373802185059, 8.481955528259277], "POPL_2007": [-14.643345832824707, 9.965063095092773], "POPL_1991": [-11.187134742736816, 16.85834503173828], "POPL_1977": [-14.848065376281738, 22.87852668762207], "POPL_1982": [-13.275097846984863, 19.933170318603516], "POPL_2004": [-13.04468059539795, 10.8804349899292], "POPL_1989": [-12.064339637756348, 19.069469451904297], "POPL_1981": [-13.847856521606445, 20.86273193359375], "POPL_2000": [-14.125626564025879, 15.849005699157715], "POPL_2013": [-12.201380729675293, 8.210583686828613], "POPL_1987": [-12.606257438659668, 20.00116539001465], "POPL_1986": [-11.649651527404785, 20.209190368652344], "POPL_1973": [-15.428861618041992, 23.331754684448242], "POPL_1978": [-14.445028305053711, 23.179838180541992], "POPL_1995": [-11.182730674743652, 15.155503273010254], "POPL_1985": [-13.17093276977539, 18.377241134643555], "POPL_1976": [-14.41238784790039, 24.152225494384766], "POPL_2009": [-13.553200721740723, 8.511372566223145], "POPL_1984": [-12.648152351379395, 20.890369415283203], "POPL_2012": [-13.048303604125977, 6.58310079574585], "POPL_2010": [-14.609088897705078, 7.54236364364624], "POPL_1999": [-11.140485763549805, 11.942931175231934], "POPL_2014": [-13.79452133178711, 7.199993133544922], "POPL_1983": [-13.131149291992188, 19.572349548339844], "POPL_1975": [-20.907705307006836, 21.243560791015625], "POPL_2002": [-12.010437965393066, 11.117122650146484], "POPL_2003": [-11.693464279174805, 13.282242774963379], "POPL_2011": [-13.294269561767578, 7.942013263702393], "POPL_2008": [-14.233543395996094, 9.140152931213379], "POPL_1994": [-11.621525764465332, 15.983962059020996], "POPL_1992": [-11.434037208557129, 18.501134872436523], "POPL_2015": [-12.262598991394043, 7.3879523277282715], "POPL_1997": [-12.041733741760254, 15.70002555847168], "POPL_1998": [-10.555126190185547, 12.527324676513672], "POPL_1979": [-14.086265563964844, 23.08772087097168], "PLDI_2015": [-2.031176805496216, -2.135875701904297], "PLDI_1991": [-9.505059242248535, 17.858993530273438], "PLDI_2018": [-10.254450798034668, 4.35573148727417], "PLDI_1996": [-7.4542765617370605, 7.487392425537109],