{"cheng-soon-ong_2007": [-33.82398223876953, -16.489849090576172], "cheng-soon-ong_2015": [-30.969552993774414, -17.300045013427734], "cheng-soon-ong_2016": [-31.971620559692383, -18.62632942199707], "cheng-soon-ong_2008": [-35.5563850402832, -17.08991241455078], "cheng-soon-ong_2005": [-31.356822967529297, -14.743571281433105], "cheng-soon-ong_2009": [-34.99360656738281, -14.877629280090332], "cheng-soon-ong_2014": [-34.85064697265625, -13.69642162322998], "cheng-soon-ong_2017": [-21.254379272460938, -27.30963706970215], "cheng-soon-ong_2006": [-34.54573059082031, -16.260967254638672], "cheng-soon-ong_2003": [-30.084157943725586, -15.353781700134277], "cheng-soon-ong_2004": [-25.00261878967285, -17.507831573486328], "robert-c-williamson_2014": [-27.62382698059082, -20.380901336669922], "robert-c-williamson_2007": [-25.371074676513672, -21.948740005493164], "robert-c-williamson_2002": [-23.71074867248535, -14.235960960388184], "robert-c-williamson_1998": [-23.902122497558594, -7.426339626312256], "robert-c-williamson_1999": [-20.534433364868164, -8.401033401489258], "robert-c-williamson_2001": [-21.353120803833008, -7.476916313171387], "robert-c-williamson_2006": [-25.028247833251953, -14.370529174804688], "robert-c-williamson_1996": [-22.262510299682617, -8.336174964904785], "robert-c-williamson_1988": [1.7542070150375366, -3.1131441593170166], "robert-c-williamson_2011": [-29.998205184936523, -20.00676727294922], "robert-c-williamson_2003": [-18.750043869018555, -6.290998458862305], "robert-c-williamson_1994": [-22.573444366455078, -6.5909342765808105], "robert-c-williamson_1993": [-5.1014533042907715, 6.715174674987793], "robert-c-williamson_2000": [-19.77759552001953, -7.998404502868652], "robert-c-williamson_1992": [-17.688556671142578, -5.555049896240234], "robert-c-williamson_1991": [-16.436433792114258, -10.83704948425293], "robert-c-williamson_2015": [-28.403350830078125, -20.128807067871094], "robert-c-williamson_2010": [-28.237689971923828, -18.77785301208496], "robert-c-williamson_1995": [-23.127294540405273, -9.807927131652832], "robert-c-williamson_2018": [-5.514535903930664, -2.1775567531585693], "robert-c-williamson_2005": [-24.669559478759766, -20.801334381103516], "robert-c-williamson_2016": [-31.00759506225586, -18.715091705322266], "robert-c-williamson_1997": [-23.799367904663086, -10.22518539428711], "robert-c-williamson_1990": [-15.340004920959473, -10.681684494018555], "robert-c-williamson_2017": [-20.596900939941406, -26.54106330871582], "robert-c-williamson_2009": [-29.46897315979004, -23.94738006591797], "robert-c-williamson_2008": [-19.773834228515625, -4.5366339683532715], "robert-c-williamson_2012": [-28.85247230529785, -21.13443946838379], "robert-c-williamson_1985": [29.122852325439453, 12.913026809692383], "robert-c-williamson_1987": [25.7197208404541, 12.319087028503418], "robert-c-williamson_2004": [-28.60714340209961, -15.88244915008545], "alexander-j-smola_1998": [-20.035722732543945, -12.484453201293945], "alexander-j-smola_2007": [-20.96699333190918, -17.96112060546875], "alexander-j-smola_2005": [-20.863853454589844, -16.97011375427246], "alexander-j-smola_1999": [-20.32798194885254, -10.371365547180176], "alexander-j-smola_2010": [-21.912677764892578, -20.110445022583008], "alexander-j-smola_2004": [-23.539196014404297, -17.308828353881836], "alexander-j-smola_2018": [-18.662521362304688, -26.578577041625977], "alexander-j-smola_2003": [-22.061126708984375, -16.542123794555664], "alexander-j-smola_2006": [-21.860862731933594, -17.6026611328125], "alexander-j-smola_2016": [-20.140344619750977, -24.888614654541016], "alexander-j-smola_2000": [-19.128551483154297, -11.195856094360352], "alexander-j-smola_1992": [28.64040756225586, 14.024968147277832], "alexander-j-smola_2001": [-18.82094955444336, -11.077062606811523], "alexander-j-smola_2008": [-22.874412536621094, -19.87264633178711], "alexander-j-smola_2017": [-17.36311912536621, -27.607973098754883], "alexander-j-smola_2009": [-21.57123565673828, -19.28248405456543], "alexander-j-smola_2013": [-19.027196884155273, -20.595718383789062], "alexander-j-smola_2014": [-21.464632034301758, -22.90916633605957], "alexander-j-smola_2012": [-23.08465003967285, -21.929946899414062], "alexander-j-smola_2015": [-21.115381240844727, -23.56840705871582], "alexander-j-smola_2011": [-19.98628807067871, -19.971113204956055], "alexander-j-smola_2002": [-20.90144920349121, -14.180072784423828], "alexander-j-smola_1997": [-6.43932580947876, -3.1044960021972656], "alexander-j-smola_1995": [27.6739559173584, 11.147886276245117], "alexander-j-smola_1996": [28.053546905517578, 13.003965377807617], "ICWSM_2007": [6.057476043701172, -25.973003387451172], "ICWSM_2008": [5.196621417999268, -26.81678009033203], "ICWSM_2017": [2.619178295135498, -28.279523849487305], "ICWSM_2015": [3.4778192043304443, -31.097501754760742], "ICWSM_2012": [3.228954315185547, -29.899091720581055], "ICWSM_2010": [4.830631256103516, -27.87820053100586], "ICWSM_2011": [4.369229793548584, -29.228137969970703], "ICWSM_2014": [2.402209520339966, -31.88810920715332], "ICWSM_2013": [2.4741830825805664, -30.95575714111328], "ICWSM_2009": [5.49146032333374, -27.362218856811523], "ICWSM_2016": [2.6897494792938232, -28.920534133911133], "ICWSM_2006": [7.235782146453857, -27.269540786743164], "WSDM_2011": [-13.016206741333008, -31.984336853027344], "WSDM_2016": [-14.98845386505127, -30.668373107910156], "WSDM_2009": [-11.903491973876953, -33.13452911376953], "WSDM_2018": [-15.57381820678711, -29.770156860351562], "WSDM_2012": [-13.879903793334961, -32.428466796875], "WSDM_2017": [-13.836673736572266, -30.260211944580078], "WSDM_2014": [-14.133970260620117, -31.23780632019043], "WSDM_2010": [-11.9298095703125, -32.21261215209961], "WSDM_2013": [-15.647924423217773, -31.299715042114258], "WSDM_2015": [-15.045652389526367, -31.83564567565918], "WSDM_2008": [-14.252907752990723, -33.7432975769043], "CIKM_2008": [12.661880493164062, -11.237170219421387], "CIKM_2012": [8.884902000427246, -11.458985328674316], "CIKM_2009": [10.215808868408203, -11.076936721801758], "CIKM_2006": [13.730975151062012, -10.220552444458008], "CIKM_2005": [13.247601509094238, -11.781805992126465], "CIKM_2013": [8.343575477600098, -12.36516284942627], "CIKM_2011": [10.940515518188477, -11.495553970336914], "CIKM_2015": [6.502614498138428, -12.340371131896973], "CIKM_2003": [14.10837173461914, -12.351974487304688], "CIKM_2010": [9.658767700195312, -12.101475715637207], "CIKM_2002": [15.351112365722656, -5.221129417419434], "CIKM_1994": [20.105445861816406, -2.874948263168335], "CIKM_2007": [12.020750999450684, -9.176553726196289], "CIKM_2017": [6.512299060821533, -13.814900398254395], "CIKM_2016": [7.364456653594971, -13.121496200561523], "CIKM_2014": [7.258206367492676, -11.229463577270508], "CIKM_1993": [19.847795486450195, -3.70361590385437], "CIKM_1995": [21.611894607543945, -4.096315383911133], "CIKM_2004": [12.072904586791992, -8.55167007446289], "CIKM_2001": [16.663089752197266, -6.618725776672363], "CIKM_2000": [15.428633689880371, -4.607675075531006], "CIKM_1997": [22.33154296875, -0.6068020462989807], "CIKM_1999": [16.81344985961914, -5.757935047149658], "CIKM_1998": [17.486661911010742, -4.10317325592041], "CIKM_1992": [19.733989715576172, -1.676641583442688], "CIKM_1996": [20.732383728027344, -2.8607912063598633], "ICML_2005": [-8.285874366760254, -0.6608481407165527], "ICML_2010": [-5.191741943359375, 0.4510706961154938], "ICML_1989": [-0.23395773768424988, 24.98919677734375], "ICML_1991": [-0.09415741264820099, 24.90530776977539], "ICML_2016": [-5.246226787567139, -3.1454274654388428], "ICML_2014": [-5.696041107177734, -4.0284295082092285], "ICML_2017": [-8.879426002502441, 3.087040424346924], "ICML_2013": [-6.113469123840332, -4.431240081787109], "ICML_2018": [-9.640522003173828, 3.8937692642211914], "ICML_2008": [-9.220370292663574, -2.9426183700561523], "ICML_2003": [-9.377556800842285, -0.921187162399292],