{"cheng-soon-ong_2007": [2.336064577102661, -4.153956890106201], "cheng-soon-ong_2015": [3.3019044399261475, -3.40380597114563], "cheng-soon-ong_2016": [3.3576300144195557, -3.3888895511627197], "cheng-soon-ong_2008": [1.9850825071334839, -4.53739070892334], "cheng-soon-ong_2005": [2.7274277210235596, -3.8415958881378174], "cheng-soon-ong_2009": [1.762120008468628, -4.670973300933838], "cheng-soon-ong_2014": [1.6621607542037964, -4.780779838562012], "cheng-soon-ong_2017": [2.498964786529541, 1.4887138605117798], "cheng-soon-ong_2006": [2.036608934402466, -4.438815116882324], "cheng-soon-ong_2003": [2.870718002319336, -3.462315797805786], "cheng-soon-ong_2004": [2.6567282676696777, -1.567344069480896], "robert-c-williamson_2014": [3.2849490642547607, -2.030820608139038], "robert-c-williamson_2007": [3.832176923751831, -1.2461224794387817], "robert-c-williamson_2002": [1.8096206188201904, -1.759987473487854], "robert-c-williamson_1998": [0.7143307328224182, -2.470149040222168], "robert-c-williamson_1999": [0.23110954463481903, -2.101081132888794], "robert-c-williamson_2001": [0.44591593742370605, -2.20928692817688], "robert-c-williamson_2006": [2.0273101329803467, -2.1629233360290527], "robert-c-williamson_1996": [0.36098989844322205, -2.249551296234131], "robert-c-williamson_1988": [-6.916722774505615, 0.052589189261198044], "robert-c-williamson_2011": [3.4575767517089844, -2.5889782905578613], "robert-c-williamson_2003": [-0.47146639227867126, -2.543056011199951], "robert-c-williamson_1994": [0.4228801429271698, -2.4340972900390625], "robert-c-williamson_1993": [-4.7930588722229, 3.522430896759033], "robert-c-williamson_2000": [0.1253499835729599, -2.149127721786499], "robert-c-williamson_1992": [-0.820399284362793, -2.5937483310699463], "robert-c-williamson_1991": [0.5717362761497498, -0.8608719706535339], "robert-c-williamson_2015": [3.3593268394470215, -2.230006217956543], "robert-c-williamson_2010": [3.426661968231201, -2.2188591957092285], "robert-c-williamson_1995": [0.6789915561676025, -2.5803468227386475], "robert-c-williamson_2018": [-3.9101996421813965, 0.4753313362598419], "robert-c-williamson_2005": [3.4277775287628174, -1.1897845268249512], "robert-c-williamson_2016": [3.311650514602661, -3.167477607727051], "robert-c-williamson_1997": [0.7698081731796265, -2.8142213821411133], "robert-c-williamson_1990": [0.25244271755218506, -0.3906705677509308], "robert-c-williamson_2017": [2.4473540782928467, 1.2629659175872803], "robert-c-williamson_2009": [-0.7185398936271667, -3.1235227584838867], "robert-c-williamson_2008": [-0.7205201983451843, -3.0787007808685303], "robert-c-williamson_2012": [3.4671123027801514, -2.2909417152404785], "robert-c-williamson_1985": [-2.7698252201080322, -0.10657725483179092], "robert-c-williamson_1987": [-2.7698237895965576, -0.10657764226198196], "robert-c-williamson_2004": [2.8065969944000244, -2.8032381534576416], "alexander-j-smola_1998": [1.0725452899932861, -1.1169183254241943], "alexander-j-smola_2007": [2.426882266998291, -0.9237956404685974], "alexander-j-smola_2005": [2.262120485305786, -1.0015276670455933], "alexander-j-smola_1999": [0.6845242977142334, -1.5372999906539917], "alexander-j-smola_2010": [2.773658037185669, -0.7365365624427795], "alexander-j-smola_2004": [2.497983694076538, -1.268073558807373], "alexander-j-smola_2018": [2.123383045196533, 1.0224350690841675], "alexander-j-smola_2003": [2.2547388076782227, -0.9804753661155701], "alexander-j-smola_2006": [2.415828227996826, -1.0303823947906494], "alexander-j-smola_2016": [2.4523403644561768, 0.6767697930335999], "alexander-j-smola_2000": [0.700920045375824, -1.177486777305603], "alexander-j-smola_1992": [-2.7698254585266113, -0.10657670348882675], "alexander-j-smola_2001": [0.6259992122650146, -1.0478932857513428], "alexander-j-smola_2008": [2.8364155292510986, -0.8681067228317261], "alexander-j-smola_2017": [1.8945634365081787, 0.6592687368392944], "alexander-j-smola_2009": [2.639187812805176, -0.7495135068893433], "alexander-j-smola_2013": [2.961148262023926, -0.26138803362846375], "alexander-j-smola_2014": [2.8556957244873047, -0.1832307130098343], "alexander-j-smola_2012": [3.1894826889038086, -0.8961637616157532], "alexander-j-smola_2015": [2.7452218532562256, 0.10994623601436615], "alexander-j-smola_2011": [2.7839837074279785, -0.5469494462013245], "alexander-j-smola_2002": [1.593389630317688, -1.110235333442688], "alexander-j-smola_1997": [-4.078612327575684, 0.7301599383354187], "alexander-j-smola_1995": [-2.7698254585266113, -0.10657752305269241], "alexander-j-smola_1996": [-2.4787073135375977, -0.051084425300359726], "ICWSM_2007": [0.18261054158210754, 1.808611512184143], "ICWSM_2008": [0.17214056849479675, 2.1035327911376953], "ICWSM_2017": [0.21310406923294067, 2.779290199279785], "ICWSM_2015": [0.32896915078163147, 3.0792641639709473], "ICWSM_2012": [0.2917335629463196, 2.9417152404785156], "ICWSM_2010": [0.15084539353847504, 2.2908482551574707], "ICWSM_2011": [0.26209142804145813, 2.670560598373413], "ICWSM_2014": [0.365316778421402, 3.2276530265808105], "ICWSM_2013": [0.3383116126060486, 3.131138324737549], "ICWSM_2009": [0.20424480736255646, 2.137155294418335], "ICWSM_2016": [0.24955345690250397, 2.860187530517578], "ICWSM_2006": [0.2684149444103241, 1.7776647806167603], "WSDM_2011": [-1.393377423286438, -4.877575397491455], "WSDM_2016": [-1.2971820831298828, -4.760614395141602], "WSDM_2009": [-1.5304797887802124, -4.989452838897705], "WSDM_2018": [-1.260265827178955, -4.703679084777832], "WSDM_2012": [-1.3697526454925537, -4.851536750793457], "WSDM_2017": [-1.3211774826049805, -4.796104431152344], "WSDM_2014": [-1.3243107795715332, -4.800307750701904], "WSDM_2010": [-1.4836984872817993, -4.962306499481201], "WSDM_2013": [-1.3068495988845825, -4.771542549133301], "WSDM_2015": [-1.315466046333313, -4.779308319091797], "WSDM_2008": [-1.3671979904174805, -4.873465538024902], "CIKM_2008": [-4.600099086761475, -2.3671419620513916], "CIKM_2012": [-4.444640159606934, -2.986130952835083], "CIKM_2009": [-4.577574729919434, -2.8122122287750244], "CIKM_2006": [-4.880080699920654, -2.348327875137329], "CIKM_2005": [-4.491286754608154, -2.0873210430145264], "CIKM_2013": [-4.2331695556640625, -3.0464141368865967], "CIKM_2011": [-4.538704872131348, -2.684788942337036], "CIKM_2015": [-4.135714530944824, -3.187181234359741], "CIKM_2003": [-4.75232458114624, -2.2112298011779785], "CIKM_2010": [-4.391147136688232, -2.8741986751556396], "CIKM_2002": [-5.582705497741699, -1.8625531196594238], "CIKM_1994": [-5.443155288696289, -1.0632984638214111], "CIKM_2007": [-5.082627773284912, -2.533665180206299], "CIKM_2017": [-3.9203474521636963, -3.2034809589385986], "CIKM_2016": [-4.13532829284668, -3.2180371284484863], "CIKM_2014": [-4.276662826538086, -3.231010913848877], "CIKM_1993": [-5.456847667694092, -1.0040231943130493], "CIKM_1995": [-5.712985038757324, -0.8595178127288818], "CIKM_2004": [-5.118564605712891, -2.4549739360809326], "CIKM_2001": [-5.439262390136719, -1.7905833721160889], "CIKM_2000": [-5.668524265289307, -1.798202633857727], "CIKM_1997": [-4.658611297607422, -0.8346458673477173], "CIKM_1999": [-5.497287273406982, -1.6674201488494873], "CIKM_1998": [-5.712038040161133, -1.4267805814743042], "CIKM_1992": [-2.1303813457489014, -1.5804485082626343], "CIKM_1996": [-5.351170063018799, -0.9995826482772827], "ICML_2005": [-5.236749172210693, 1.831985354423523], "ICML_2010": [-4.893294811248779, 1.5544325113296509], "ICML_1989": [-2.4420058727264404, 2.7028870582580566], "ICML_1991": [-2.359224319458008, 2.615466594696045], "ICML_2016": [-4.575184345245361, 0.5584657788276672], "ICML_2014": [-4.687959671020508, 0.6966224908828735], "ICML_2017": [-4.891669750213623, 0.3201937675476074], "ICML_2013": [-4.931886672973633, 0.8540840744972229], "ICML_2018": [-4.822383403778076, 0.14713093638420105], "ICML_2008": [-5.3890156745910645, 1.3912558555603027], "ICML_2003": [-5.245438098907471, 1.9507522583007812],