{"cheng-soon-ong_2007": [37.91160202026367, -1.238866925239563], "cheng-soon-ong_2015": [35.7397346496582, 0.7886117100715637], "cheng-soon-ong_2016": [38.14830780029297, 0.10091358423233032], "cheng-soon-ong_2008": [39.903785705566406, -2.6318750381469727], "cheng-soon-ong_2005": [35.59483337402344, -3.834956169128418], "cheng-soon-ong_2009": [39.59500503540039, -4.405239105224609], "cheng-soon-ong_2014": [39.25743103027344, -5.553543567657471], "cheng-soon-ong_2017": [15.579968452453613, 5.964350700378418], "cheng-soon-ong_2006": [39.676517486572266, -2.9370641708374023], "cheng-soon-ong_2003": [34.25016403198242, -4.015024185180664], "cheng-soon-ong_2004": [22.805450439453125, -6.0150675773620605], "robert-c-williamson_2014": [27.246143341064453, 0.42216354608535767], "robert-c-williamson_2007": [16.577316284179688, -6.423563480377197], "robert-c-williamson_2002": [29.128461837768555, -7.268763542175293], "robert-c-williamson_1998": [24.947250366210938, -13.418967247009277], "robert-c-williamson_1999": [22.552804946899414, -10.60558795928955], "robert-c-williamson_2001": [23.677438735961914, -10.542351722717285], "robert-c-williamson_2006": [26.647424697875977, -10.403850555419922], "robert-c-williamson_1996": [24.119129180908203, -13.131930351257324], "robert-c-williamson_1988": [-8.464608192443848, -5.704614639282227], "robert-c-williamson_2011": [28.56450080871582, 0.7899122834205627], "robert-c-williamson_2003": [10.913246154785156, -16.385866165161133], "robert-c-williamson_1994": [25.652963638305664, -12.13254451751709], "robert-c-williamson_1993": [0.03527329862117767, -13.239795684814453], "robert-c-williamson_2000": [22.333894729614258, -9.965435028076172], "robert-c-williamson_1992": [8.266507148742676, -16.237062454223633], "robert-c-williamson_1991": [-6.508118629455566, -5.918868064880371], "robert-c-williamson_2015": [29.429492950439453, 0.8271266222000122], "robert-c-williamson_2010": [20.973445892333984, -0.65657639503479], "robert-c-williamson_1995": [27.740768432617188, -13.963438987731934], "robert-c-williamson_2018": [-7.650486946105957, -25.033109664916992], "robert-c-williamson_2005": [20.210975646972656, -1.5600829124450684], "robert-c-williamson_2016": [31.35875701904297, 0.7928324937820435], "robert-c-williamson_1997": [27.907880783081055, -13.916500091552734], "robert-c-williamson_1990": [-7.825750827789307, -5.766112804412842], "robert-c-williamson_2017": [15.943460464477539, 4.86364221572876], "robert-c-williamson_2009": [10.114334106445312, -14.91614055633545], "robert-c-williamson_2008": [8.988306999206543, -14.917743682861328], "robert-c-williamson_2012": [26.366153717041016, 0.12461498379707336], "robert-c-williamson_1985": [-15.291577339172363, -4.756627559661865], "robert-c-williamson_1987": [-16.519784927368164, -3.8924784660339355], "robert-c-williamson_2004": [27.25714874267578, -8.60727596282959], "alexander-j-smola_1998": [26.080469131469727, -8.052453994750977], "alexander-j-smola_2007": [35.51749801635742, -0.976725161075592], "alexander-j-smola_2005": [31.42340660095215, -2.736218214035034], "alexander-j-smola_1999": [26.56357765197754, -6.4665117263793945], "alexander-j-smola_2010": [34.41712188720703, -0.37177416682243347], "alexander-j-smola_2004": [31.476438522338867, -4.451883792877197], "alexander-j-smola_2018": [18.74358558654785, 6.375336170196533], "alexander-j-smola_2003": [32.412628173828125, -4.278515815734863], "alexander-j-smola_2006": [31.727630615234375, -3.2481656074523926], "alexander-j-smola_2016": [33.29135513305664, 4.348352432250977], "alexander-j-smola_2000": [27.898944854736328, -5.951714515686035], "alexander-j-smola_1992": [-16.30388069152832, -2.799887180328369], "alexander-j-smola_2001": [25.24675941467285, -8.521228790283203], "alexander-j-smola_2008": [33.53883361816406, -0.34668785333633423], "alexander-j-smola_2017": [18.950618743896484, 6.427339553833008], "alexander-j-smola_2009": [33.52359390258789, -1.1639842987060547], "alexander-j-smola_2013": [23.090835571289062, 3.4382307529449463], "alexander-j-smola_2014": [33.13591766357422, 1.8481379747390747], "alexander-j-smola_2012": [33.117610931396484, 1.0234124660491943], "alexander-j-smola_2015": [33.48019790649414, 3.3252968788146973], "alexander-j-smola_2011": [22.6268310546875, 2.085214138031006], "alexander-j-smola_2002": [26.961830139160156, -8.895153999328613], "alexander-j-smola_1997": [5.502829551696777, -9.259496688842773], "alexander-j-smola_1995": [-15.435324668884277, -3.640090227127075], "alexander-j-smola_1996": [-17.0234317779541, -5.962532043457031], "ICWSM_2007": [-0.38275331258773804, 29.25952911376953], "ICWSM_2008": [-1.8942064046859741, 29.611547470092773], "ICWSM_2017": [0.13365736603736877, 35.33454513549805], "ICWSM_2015": [1.0848188400268555, 35.17848205566406], "ICWSM_2012": [2.3170297145843506, 37.808082580566406], "ICWSM_2010": [-0.8663305640220642, 32.078880310058594], "ICWSM_2011": [1.3264256715774536, 37.866615295410156], "ICWSM_2014": [2.400693416595459, 36.92967987060547], "ICWSM_2013": [3.1131153106689453, 37.49528884887695], "ICWSM_2009": [-0.4001742899417877, 31.915849685668945], "ICWSM_2016": [0.7799235582351685, 35.51100540161133], "ICWSM_2006": [-14.912291526794434, 7.705338478088379], "WSDM_2011": [12.199030876159668, 35.04667282104492], "WSDM_2016": [13.647931098937988, 33.69212341308594], "WSDM_2009": [9.356637001037598, 31.45778465270996], "WSDM_2018": [14.559725761413574, 34.82313919067383], "WSDM_2012": [11.89984130859375, 34.073814392089844], "WSDM_2017": [13.592070579528809, 35.28656005859375], "WSDM_2014": [12.825349807739258, 33.875606536865234], "WSDM_2010": [9.8604097366333, 31.731185913085938], "WSDM_2013": [12.936906814575195, 33.08243179321289], "WSDM_2015": [10.783684730529785, 31.990503311157227], "WSDM_2008": [1.7069451808929443, 29.301963806152344], "CIKM_2008": [-15.856107711791992, 20.767438888549805], "CIKM_2012": [3.380283832550049, 27.351438522338867], "CIKM_2009": [4.127737998962402, 25.934925079345703], "CIKM_2006": [-15.8767728805542, 18.942537307739258], "CIKM_2005": [-16.9827880859375, 18.313640594482422], "CIKM_2013": [2.1854968070983887, 27.159862518310547], "CIKM_2011": [4.164549827575684, 25.346282958984375], "CIKM_2015": [1.811775803565979, 24.992633819580078], "CIKM_2003": [-17.5233154296875, 13.8583402633667], "CIKM_2010": [3.3425509929656982, 25.2459716796875], "CIKM_2002": [-20.70987892150879, 17.996078491210938], "CIKM_1994": [-21.38843536376953, 13.468679428100586], "CIKM_2007": [-16.636198043823242, 20.367795944213867], "CIKM_2017": [0.31901630759239197, 25.397247314453125], "CIKM_2016": [1.1603760719299316, 25.98920249938965], "CIKM_2014": [2.425413131713867, 25.986867904663086], "CIKM_1993": [-22.815095901489258, 14.062161445617676], "CIKM_1995": [-22.3602237701416, 12.016520500183105], "CIKM_2004": [-17.85312843322754, 17.970937728881836], "CIKM_2001": [-19.291452407836914, 16.656143188476562], "CIKM_2000": [-20.580339431762695, 17.16168975830078], "CIKM_1997": [-19.908306121826172, 12.313132286071777], "CIKM_1999": [-20.501190185546875, 15.975247383117676], "CIKM_1998": [-21.022802352905273, 14.740973472595215], "CIKM_1992": [-18.626712799072266, 12.708531379699707], "CIKM_1996": [-21.15090560913086, 12.95689582824707], "ICML_2005": [11.82896614074707, -10.193100929260254], "ICML_2010": [11.535612106323242, -7.673213481903076], "ICML_1989": [-27.14665985107422, -26.067380905151367], "ICML_1991": [-25.16659927368164, -26.820100784301758], "ICML_2016": [18.375558853149414, 1.1311380863189697], "ICML_2014": [18.451913833618164, -1.3569976091384888], "ICML_2017": [17.13919448852539, 2.5844924449920654], "ICML_2013": [18.775550842285156, -1.9484726190567017], "ICML_2018": [16.133806228637695, 2.988257646560669], "ICML_2008": [13.620809555053711, -8.46590805053711], "ICML_2003": [10.083608627319336, -10.095688819885254], "ICML_2006": [12.528436660766602, -8.732855796813965], "ICML_2000": [-4.526055812835693, -15.781661987304688],