{"cheng-soon-ong_2007": [-55.69167709350586, -6.602903842926025], "cheng-soon-ong_2015": [-52.525245666503906, -7.779339790344238], "cheng-soon-ong_2016": [-56.25776672363281, -5.409134387969971], "cheng-soon-ong_2008": [-57.9311408996582, -9.006999015808105], "cheng-soon-ong_2005": [-49.4006233215332, -11.518253326416016], "cheng-soon-ong_2009": [-56.969886779785156, -10.97329044342041], "cheng-soon-ong_2014": [-56.48814392089844, -12.357648849487305], "cheng-soon-ong_2017": [-14.757561683654785, -3.1365573406219482], "cheng-soon-ong_2006": [-57.50014877319336, -9.379964828491211], "cheng-soon-ong_2003": [-48.0131950378418, -10.989275932312012], "cheng-soon-ong_2004": [-32.07156753540039, -8.443068504333496], "robert-c-williamson_2014": [-37.78947448730469, -16.996652603149414], "robert-c-williamson_2007": [-16.749940872192383, -17.418764114379883], "robert-c-williamson_2002": [-36.83530807495117, -8.260529518127441], "robert-c-williamson_1998": [-31.06072235107422, -1.4169715642929077], "robert-c-williamson_1999": [-36.96174240112305, -0.7636314630508423], "robert-c-williamson_2001": [-35.96714401245117, -1.9158227443695068], "robert-c-williamson_2006": [-32.085391998291016, -5.273530960083008], "robert-c-williamson_1996": [-32.05534744262695, -0.8757954835891724], "robert-c-williamson_1988": [17.187915802001953, -1.104231834411621], "robert-c-williamson_2011": [-39.48531723022461, -16.539064407348633], "robert-c-williamson_2003": [-6.799127578735352, -14.934938430786133], "robert-c-williamson_1994": [-31.12204933166504, -3.0451557636260986], "robert-c-williamson_1993": [4.84598445892334, -18.65180206298828], "robert-c-williamson_2000": [-37.80438232421875, -0.8621501326560974], "robert-c-williamson_1992": [-4.985671520233154, -16.788585662841797], "robert-c-williamson_1991": [15.091658592224121, -2.912099838256836], "robert-c-williamson_2015": [-40.29770278930664, -16.136943817138672], "robert-c-williamson_2010": [-20.09577751159668, -10.049659729003906], "robert-c-williamson_1995": [-32.38485336303711, 2.7644989490509033], "robert-c-williamson_2018": [21.0733699798584, -31.15073013305664], "robert-c-williamson_2005": [-21.505861282348633, -10.211019515991211], "robert-c-williamson_2016": [-49.456478118896484, -4.138367652893066], "robert-c-williamson_1997": [-32.129390716552734, 3.1187777519226074], "robert-c-williamson_1990": [16.115737915039062, -2.0814623832702637], "robert-c-williamson_2017": [-15.945035934448242, -3.7515203952789307], "robert-c-williamson_2009": [-8.132209777832031, -16.47111701965332], "robert-c-williamson_2008": [-6.658060550689697, -17.55459976196289], "robert-c-williamson_2012": [-9.721884727478027, -16.061141967773438], "robert-c-williamson_1985": [22.7225341796875, 5.48862886428833], "robert-c-williamson_1987": [23.562135696411133, 9.471418380737305], "robert-c-williamson_2004": [-33.817832946777344, -6.701317310333252], "alexander-j-smola_1998": [-35.01539993286133, -5.376649379730225], "alexander-j-smola_2007": [-52.78600311279297, -5.705240249633789], "alexander-j-smola_2005": [-45.20259094238281, -7.6074371337890625], "alexander-j-smola_1999": [-37.58063888549805, -4.668001651763916], "alexander-j-smola_2010": [-50.73412322998047, -7.8093767166137695], "alexander-j-smola_2004": [-45.309940338134766, -9.588372230529785], "alexander-j-smola_2018": [-17.384807586669922, 0.6207050085067749], "alexander-j-smola_2003": [-46.14413833618164, -10.004229545593262], "alexander-j-smola_2006": [-45.46209716796875, -8.36180591583252], "alexander-j-smola_2016": [-51.79939651489258, -0.14644116163253784], "alexander-j-smola_2000": [-38.54317855834961, -5.824682235717773], "alexander-j-smola_1992": [26.351661682128906, 8.236990928649902], "alexander-j-smola_2001": [-35.59144973754883, -4.129404544830322], "alexander-j-smola_2008": [-50.4614372253418, -6.587099075317383], "alexander-j-smola_2017": [-17.58005142211914, 0.9530676007270813], "alexander-j-smola_2009": [-49.69465637207031, -6.874077320098877], "alexander-j-smola_2013": [-26.442846298217773, -7.459708213806152], "alexander-j-smola_2014": [-51.362770080566406, -3.053586959838867], "alexander-j-smola_2012": [-51.23244857788086, -4.026904582977295], "alexander-j-smola_2015": [-51.7600212097168, -1.402942419052124], "alexander-j-smola_2011": [-26.023662567138672, -8.82927417755127], "alexander-j-smola_2002": [-33.22592544555664, -6.631303787231445], "alexander-j-smola_1997": [-2.9995615482330322, -25.081647872924805], "alexander-j-smola_1995": [25.69251823425293, 5.262331485748291], "alexander-j-smola_1996": [25.27558708190918, 7.038479804992676], "ICWSM_2007": [-11.342619895935059, 42.515220642089844], "ICWSM_2008": [-9.91226863861084, 43.60576248168945], "ICWSM_2017": [-16.323068618774414, 51.10243606567383], "ICWSM_2015": [-16.28865623474121, 52.370723724365234], "ICWSM_2012": [-18.57122039794922, 55.66423416137695], "ICWSM_2010": [-12.064562797546387, 46.204437255859375], "ICWSM_2011": [-17.338350296020508, 55.79449462890625], "ICWSM_2014": [-18.912851333618164, 54.75679397583008], "ICWSM_2013": [-19.634029388427734, 55.45759201049805], "ICWSM_2009": [-12.581819534301758, 45.795310974121094], "ICWSM_2016": [-16.78270721435547, 51.90870666503906], "ICWSM_2006": [20.186826705932617, 25.769655227661133], "WSDM_2011": [-36.69231033325195, 29.55104637145996], "WSDM_2016": [-36.951114654541016, 32.15939712524414], "WSDM_2009": [-29.05246353149414, 32.59456253051758], "WSDM_2018": [-39.16627502441406, 32.03608703613281], "WSDM_2012": [-35.87590026855469, 30.15323257446289], "WSDM_2017": [-38.64514923095703, 31.040241241455078], "WSDM_2014": [-36.486053466796875, 31.32794952392578], "WSDM_2010": [-29.70979881286621, 32.36829376220703], "WSDM_2013": [-35.72104263305664, 31.986371994018555], "WSDM_2015": [-30.78453826904297, 32.00982666015625], "WSDM_2008": [-13.392679214477539, 41.29755401611328], "CIKM_2008": [17.277626037597656, 43.346893310546875], "CIKM_2012": [-15.8440523147583, 39.325477600097656], "CIKM_2009": [-18.31905174255371, 37.88163757324219], "CIKM_2006": [18.197717666625977, 41.14625930786133], "CIKM_2005": [19.571958541870117, 41.02708053588867], "CIKM_2013": [-14.79606819152832, 38.439796447753906], "CIKM_2011": [-18.474328994750977, 37.16754150390625], "CIKM_2015": [-15.447542190551758, 35.922080993652344], "CIKM_2003": [21.899059295654297, 34.75383758544922], "CIKM_2010": [-17.422739028930664, 37.032108306884766], "CIKM_2002": [25.41004180908203, 42.177452087402344], "CIKM_1994": [26.408533096313477, 36.805240631103516], "CIKM_2007": [18.19155502319336, 43.270198822021484], "CIKM_2017": [-13.580887794494629, 35.04728698730469], "CIKM_2016": [-13.97339916229248, 36.19596862792969], "CIKM_2014": [-15.27445125579834, 36.98322677612305], "CIKM_1993": [27.93376922607422, 37.626373291015625], "CIKM_1995": [27.739566802978516, 35.1688346862793], "CIKM_2004": [20.5694522857666, 41.062381744384766], "CIKM_2001": [23.372451782226562, 40.49834442138672], "CIKM_2000": [25.065139770507812, 41.24049377441406], "CIKM_1997": [24.7936954498291, 34.78828430175781], "CIKM_1999": [24.583656311035156, 39.67194366455078], "CIKM_1998": [25.529720306396484, 38.396156311035156], "CIKM_1992": [23.24309730529785, 34.38340377807617], "CIKM_1996": [26.17475128173828, 36.04902648925781], "ICML_2005": [-11.035446166992188, -25.777732849121094], "ICML_2010": [-13.338644027709961, -23.044748306274414], "ICML_1989": [47.5633659362793, -30.260515213012695], "ICML_1991": [45.157203674316406, -32.22681427001953], "ICML_2016": [-19.286714553833008, -7.478257656097412], "ICML_2014": [-22.411874771118164, -11.953967094421387], "ICML_2017": [-18.142105102539062, -5.605103969573975], "ICML_2013": [-22.850555419921875, -11.420014381408691], "ICML_2018": [-18.012060165405273, -4.25306510925293], "ICML_2008": [-14.525785446166992, -25.381040573120117], "ICML_2003": [-9.487160682678223, -24.346891403198242], "ICML_2006": [-13.30927848815918, -24.833202362060547],