{"cheng-soon-ong_2007": [7.470040321350098, 40.47433090209961], "cheng-soon-ong_2015": [4.494442462921143, 40.984046936035156], "cheng-soon-ong_2016": [6.839109897613525, 41.613765716552734], "cheng-soon-ong_2008": [9.862174034118652, 40.72954559326172], "cheng-soon-ong_2005": [6.6596198081970215, 37.410587310791016], "cheng-soon-ong_2009": [11.09427261352539, 39.43185806274414], "cheng-soon-ong_2014": [11.929637908935547, 38.564979553222656], "cheng-soon-ong_2017": [8.623037338256836, 20.67750358581543], "cheng-soon-ong_2006": [9.965723991394043, 40.37865447998047], "cheng-soon-ong_2003": [5.417120933532715, 36.68659591674805], "cheng-soon-ong_2004": [-3.9562456607818604, 31.84058380126953], "robert-c-williamson_2014": [8.183662414550781, 31.264673233032227], "robert-c-williamson_2007": [-0.05922277271747589, 17.935199737548828], "robert-c-williamson_2002": [-0.03205079585313797, 31.754215240478516], "robert-c-williamson_1998": [-7.186878204345703, 25.501184463500977], "robert-c-williamson_1999": [-3.7171897888183594, 26.19696617126465], "robert-c-williamson_2001": [-4.154604911804199, 27.139118194580078], "robert-c-williamson_2006": [-2.104414701461792, 15.217202186584473], "robert-c-williamson_1996": [-6.540963649749756, 26.17685317993164], "robert-c-williamson_1988": [-11.524273872375488, -8.734692573547363], "robert-c-williamson_2011": [7.847782135009766, 32.56751251220703], "robert-c-williamson_2003": [-4.802626132965088, 10.55006217956543], "robert-c-williamson_1994": [-2.992072582244873, 14.282715797424316], "robert-c-williamson_1993": [-12.671598434448242, 4.339752197265625], "robert-c-williamson_2000": [-2.983863115310669, 26.196151733398438], "robert-c-williamson_1992": [-6.729150772094727, 8.808765411376953], "robert-c-williamson_1991": [-11.430506706237793, -6.754391670227051], "robert-c-williamson_2015": [7.521019458770752, 33.35118865966797], "robert-c-williamson_2010": [3.1154961585998535, 23.642187118530273], "robert-c-williamson_1995": [0.6906138062477112, 13.668549537658691], "robert-c-williamson_2018": [-6.013380527496338, 3.093167304992676], "robert-c-williamson_2005": [1.8622254133224487, 23.61528968811035], "robert-c-williamson_2016": [6.565437316894531, 34.72455596923828], "robert-c-williamson_1997": [0.5254801511764526, 13.686921119689941], "robert-c-williamson_1990": [-11.504562377929688, -8.085354804992676], "robert-c-williamson_2017": [7.499624252319336, 20.318374633789062], "robert-c-williamson_2009": [-6.3961262702941895, 10.979574203491211], "robert-c-williamson_2008": [-7.229916095733643, 10.228612899780273], "robert-c-williamson_2012": [8.099550247192383, 30.357786178588867], "robert-c-williamson_1985": [-10.071944236755371, -15.651113510131836], "robert-c-williamson_1987": [-10.002174377441406, -17.25944709777832], "robert-c-williamson_2004": [-2.0222978591918945, 30.88379669189453], "alexander-j-smola_1998": [-2.220775842666626, 29.584606170654297], "alexander-j-smola_2007": [5.009779930114746, 39.353214263916016], "alexander-j-smola_2005": [3.544475793838501, 34.616676330566406], "alexander-j-smola_1999": [-0.761603593826294, 28.73575782775879], "alexander-j-smola_2010": [4.185070991516113, 38.14768600463867], "alexander-j-smola_2004": [1.767412781715393, 34.38063430786133], "alexander-j-smola_2018": [9.17590618133545, 17.64177894592285], "alexander-j-smola_2003": [1.887076497077942, 35.22742462158203], "alexander-j-smola_2006": [2.90409517288208, 34.843467712402344], "alexander-j-smola_2016": [0.1398625373840332, 40.753929138183594], "alexander-j-smola_2000": [0.33673959970474243, 29.915719985961914], "alexander-j-smola_1992": [-8.705276489257812, -17.305517196655273], "alexander-j-smola_2001": [-2.470608711242676, 28.588598251342773], "alexander-j-smola_2008": [3.2817938327789307, 38.10075378417969], "alexander-j-smola_2017": [9.304641723632812, 17.599079132080078], "alexander-j-smola_2009": [2.93280029296875, 37.43704605102539], "alexander-j-smola_2013": [4.936026573181152, 27.0213565826416], "alexander-j-smola_2014": [2.18996524810791, 39.358924865722656], "alexander-j-smola_2012": [3.2637863159179688, 39.51528549194336], "alexander-j-smola_2015": [1.0631850957870483, 40.34598159790039], "alexander-j-smola_2011": [3.609274387359619, 26.78577995300293], "alexander-j-smola_2002": [-2.3747360706329346, 30.931371688842773], "alexander-j-smola_1997": [-13.360321044921875, 11.817877769470215], "alexander-j-smola_1995": [-8.242610931396484, -18.545225143432617], "alexander-j-smola_1996": [-10.828595161437988, -16.51800537109375], "ICWSM_2007": [28.54995346069336, -8.297019004821777], "ICWSM_2008": [28.274703979492188, -9.80776309967041], "ICWSM_2017": [34.58840560913086, -10.586811065673828], "ICWSM_2015": [34.69117736816406, -9.583512306213379], "ICWSM_2012": [37.53628921508789, -8.969919204711914], "ICWSM_2010": [30.99982452392578, -9.812268257141113], "ICWSM_2011": [36.78861618041992, -8.275229454040527], "ICWSM_2014": [37.0985107421875, -9.743022918701172], "ICWSM_2013": [38.02506637573242, -9.692048072814941], "ICWSM_2009": [31.006370544433594, -9.312871932983398], "ICWSM_2016": [34.9368896484375, -10.004488945007324], "ICWSM_2006": [2.5059444904327393, -14.39624309539795], "WSDM_2011": [38.51554489135742, 1.8668383359909058], "WSDM_2016": [37.67857360839844, 3.6898674964904785], "WSDM_2009": [34.211246490478516, 0.2745291590690613], "WSDM_2018": [39.0405158996582, 4.20574426651001], "WSDM_2012": [37.487762451171875, 1.8849372863769531], "WSDM_2017": [39.187294006347656, 3.1259171962738037], "WSDM_2014": [37.59563064575195, 2.8367927074432373], "WSDM_2010": [34.621646881103516, 0.677777111530304], "WSDM_2013": [36.86105728149414, 3.197481155395508], "WSDM_2015": [35.1225471496582, 1.5039645433425903], "WSDM_2008": [29.04944610595703, -6.601293087005615], "CIKM_2008": [15.007420539855957, -20.330854415893555], "CIKM_2012": [26.75020980834961, -5.2777485847473145], "CIKM_2009": [25.450841903686523, -4.350156307220459], "CIKM_2006": [13.310760498046875, -19.592838287353516], "CIKM_2005": [12.275906562805176, -20.36526870727539], "CIKM_2013": [27.823511123657227, -4.795627117156982], "CIKM_2011": [25.200178146362305, -3.7938976287841797], "CIKM_2015": [27.254735946655273, -2.666187047958374], "CIKM_2003": [7.584291458129883, -19.283052444458008], "CIKM_2010": [25.92514419555664, -3.413961887359619], "CIKM_2002": [10.640095710754395, -23.67254638671875], "CIKM_1994": [6.101254940032959, -22.897525787353516], "CIKM_2007": [14.325643539428711, -20.9224853515625], "CIKM_2017": [28.7864933013916, -2.5189547538757324], "CIKM_2016": [28.298994064331055, -3.371630907058716], "CIKM_2014": [27.09401512145996, -3.7783851623535156], "CIKM_1993": [6.27964973449707, -24.432756423950195], "CIKM_1995": [4.414865970611572, -23.41132926940918], "CIKM_2004": [11.619698524475098, -21.05830192565918], "CIKM_2001": [9.773174285888672, -21.87299156188965], "CIKM_2000": [9.873374938964844, -23.278696060180664], "CIKM_1997": [5.416871070861816, -21.102937698364258], "CIKM_1999": [8.774065017700195, -22.806602478027344], "CIKM_1998": [7.435306072235107, -22.918514251708984], "CIKM_1992": [6.191324234008789, -19.97301483154297], "CIKM_1996": [5.670514106750488, -22.5100040435791], "ICML_2005": [-10.367517471313477, 16.913240432739258], "ICML_2010": [-7.735909461975098, 16.567604064941406], "ICML_1989": [-28.02007484436035, -2.7496960163116455], "ICML_1991": [-28.03871726989746, -4.915219306945801], "ICML_2016": [3.886641502380371, 21.493392944335938], "ICML_2014": [1.317528486251831, 21.884307861328125], "ICML_2017": [5.286004066467285, 20.344791412353516], "ICML_2013": [0.8827754259109497, 22.439491271972656], "ICML_2018": [5.750312805175781, 19.37099838256836], "ICML_2008": [-8.431941986083984, 18.67184066772461], "ICML_2003": [-10.31326961517334, 15.11378002166748], "ICML_2006": [-8.802742004394531, 17.6002197265625], "ICML_2000": [-16.851638793945312, 1.1167317628860474], "ICML_2007": [-8.836996078491211, 16.12198829650879],