{"steve-blackburn_2004": [45.42531204223633, 22.05381202697754], "steve-blackburn_1999": [-31.144195556640625, -2.4072258472442627], "steve-blackburn_2011": [36.521278381347656, 9.761778831481934], "steve-blackburn_2006": [45.03776550292969, 23.14049530029297], "steve-blackburn_2000": [30.970548629760742, 1.1284947395324707], "steve-blackburn_2015": [42.52991485595703, 17.197044372558594], "steve-blackburn_2005": [39.789424896240234, 17.362010955810547], "steve-blackburn_1998": [-26.426525115966797, 0.864104151725769], "steve-blackburn_2016": [43.33151626586914, 16.508201599121094], "steve-blackburn_1996": [-2.368194580078125, -12.926366806030273], "steve-blackburn_2001": [36.792724609375, 16.175273895263672], "steve-blackburn_2018": [-38.030853271484375, 6.821950435638428], "steve-blackburn_2010": [44.40024185180664, 19.03531837463379], "steve-blackburn_2012": [36.59330749511719, 10.27446460723877], "steve-blackburn_2013": [45.368526458740234, 16.741605758666992], "steve-blackburn_1997": [-31.314289093017578, -3.852684259414673], "steve-blackburn_2002": [45.97822570800781, 22.87681007385254], "steve-blackburn_2003": [45.026588439941406, 21.095155715942383], "steve-blackburn_2014": [46.01646041870117, 17.053302764892578], "steve-blackburn_2008": [37.09859085083008, 14.461601257324219], "steve-blackburn_2009": [46.1021842956543, 19.261688232421875], "steve-blackburn_2007": [43.692710876464844, 19.908323287963867], "antony-l-hosking_2011": [37.77643585205078, 14.673076629638672], "antony-l-hosking_2016": [31.737777709960938, 8.840059280395508], "antony-l-hosking_2009": [22.182218551635742, -2.665621757507324], "antony-l-hosking_2007": [28.117469787597656, 9.22154426574707], "antony-l-hosking_2006": [39.05356979370117, 13.985969543457031], "antony-l-hosking_2004": [39.7869987487793, 13.565937995910645], "antony-l-hosking_1995": [28.7565860748291, 12.159098625183105], "antony-l-hosking_2015": [40.423545837402344, 16.18961524963379], "antony-l-hosking_1999": [40.753013610839844, 12.113280296325684], "antony-l-hosking_2014": [31.238296508789062, 10.038980484008789], "antony-l-hosking_2005": [40.909610748291016, 13.919580459594727], "antony-l-hosking_1990": [33.13373947143555, 6.300330638885498], "antony-l-hosking_2003": [10.188929557800293, -1.6758533716201782], "antony-l-hosking_2001": [42.89744186401367, 19.37082290649414], "antony-l-hosking_2018": [-37.278297424316406, 8.792228698730469], "antony-l-hosking_2000": [31.138490676879883, 4.1140031814575195], "antony-l-hosking_1993": [28.076353073120117, 10.506492614746094], "antony-l-hosking_2012": [38.33922576904297, 13.290492057800293], "antony-l-hosking_1991": [26.474483489990234, -0.8542709350585938], "antony-l-hosking_1998": [30.991708755493164, 1.8666448593139648], "antony-l-hosking_1992": [35.546653747558594, 13.041370391845703], "antony-l-hosking_2013": [-38.621707916259766, 7.738580703735352], "antony-l-hosking_1997": [41.836883544921875, 15.374701499938965], "antony-l-hosking_2010": [38.66861343383789, 15.453054428100586], "antony-l-hosking_1994": [40.05131912231445, 11.1035737991333], "antony-l-hosking_2008": [-37.42183303833008, 7.720724582672119], "antony-l-hosking_1996": [34.16828536987305, 6.825795650482178], "antony-l-hosking_2017": [46.346229553222656, 21.17774200439453], "kathryn-mckinley_2009": [29.116308212280273, 5.279375076293945], "kathryn-mckinley_2004": [30.489233016967773, 7.397164344787598], "kathryn-mckinley_1994": [19.06301498413086, 0.04576049745082855], "kathryn-mckinley_1998": [25.511791229248047, 7.704077243804932], "kathryn-mckinley_1990": [4.393331050872803, -11.76610279083252], "kathryn-mckinley_1995": [6.446600437164307, -11.209590911865234], "kathryn-mckinley_2006": [28.079668045043945, 6.028486251831055], "kathryn-mckinley_2015": [22.890647888183594, 0.4086659550666809], "kathryn-mckinley_1991": [18.093982696533203, 2.4225239753723145], "kathryn-mckinley_2013": [22.858829498291016, -1.062010645866394], "kathryn-mckinley_2007": [29.365840911865234, 4.845176696777344], "kathryn-mckinley_2016": [22.84171485900879, 2.668034315109253], "kathryn-mckinley_2011": [22.695661544799805, -0.24166160821914673], "kathryn-mckinley_2000": [24.107925415039062, -1.5627697706222534], "kathryn-mckinley_2018": [-39.3519287109375, 9.04023265838623], "kathryn-mckinley_2008": [29.577287673950195, 6.8462748527526855], "kathryn-mckinley_2003": [26.842636108398438, 3.675142526626587], "kathryn-mckinley_1997": [14.00461196899414, -4.848899841308594], "kathryn-mckinley_2010": [30.201311111450195, 5.564090728759766], "kathryn-mckinley_1996": [20.86520767211914, 0.07817135751247406], "kathryn-mckinley_2005": [22.487415313720703, 1.8857381343841553], "kathryn-mckinley_1992": [18.742326736450195, -0.8069213628768921], "kathryn-mckinley_1993": [18.288137435913086, 1.5140008926391602], "kathryn-mckinley_2012": [23.66253089904785, 2.3206775188446045], "kathryn-mckinley_2002": [31.507915496826172, 7.468420028686523], "kathryn-mckinley_2001": [26.672977447509766, 6.581938743591309], "kathryn-mckinley_2017": [25.44827651977539, 4.938959121704102], "kathryn-mckinley_1999": [26.585338592529297, 3.374244451522827], "kathryn-mckinley_2014": [26.930931091308594, 5.191661834716797], "kathryn-mckinley_1989": [8.52775764465332, -11.424945831298828], "POPL_1993": [-17.960586547851562, -5.9029059410095215], "POPL_2017": [4.827652931213379, -1.3750529289245605], "POPL_1980": [-29.082971572875977, -0.27534106373786926], "POPL_2001": [-22.725309371948242, 0.6963691711425781], "POPL_2016": [4.671269416809082, -1.2015752792358398], "POPL_2005": [-16.329565048217773, -15.321178436279297], "POPL_1996": [-17.607505798339844, -4.303414821624756], "POPL_1988": [-20.551990509033203, -3.2758007049560547], "POPL_2006": [-15.624845504760742, -16.2735652923584], "POPL_2007": [-15.221037864685059, -13.767247200012207], "POPL_1991": [-18.26175308227539, -2.750917911529541], "POPL_1977": [-28.463476181030273, 1.0048085451126099], "POPL_1982": [-25.800718307495117, -2.0452332496643066], "POPL_2004": [-16.758989334106445, -12.482625961303711], "POPL_1989": [-23.93164825439453, -2.133477210998535], "POPL_1981": [-26.161388397216797, -0.8532376885414124], "POPL_2000": [-22.59614372253418, 0.5983896851539612], "POPL_2013": [-11.915206909179688, -15.356053352355957], "POPL_1987": [-25.13490104675293, -2.3810393810272217], "POPL_1986": [-24.813613891601562, -4.119719505310059], "POPL_1973": [-28.934249877929688, 1.791009545326233], "POPL_1978": [-27.785961151123047, 1.0929486751556396], "POPL_1995": [-18.284473419189453, -5.118705749511719], "POPL_1985": [-27.228178024291992, -4.0044846534729], "POPL_1976": [-26.73231315612793, 1.8900166749954224], "POPL_2009": [-14.540407180786133, -15.9768648147583], "POPL_1984": [-27.08302116394043, -2.382965087890625], "POPL_2012": [-12.443111419677734, -17.53277587890625], "POPL_2010": [-14.897934913635254, -17.60982322692871], "POPL_1999": [-16.704740524291992, -9.729817390441895], "POPL_2014": [-13.495832443237305, -17.497825622558594], "POPL_1983": [-26.223621368408203, -3.0121278762817383], "POPL_1975": [-32.27003860473633, 4.887643337249756], "POPL_2002": [-16.77607536315918, -11.176826477050781], "POPL_2003": [-17.029972076416016, -7.195174694061279], "POPL_2011": [-13.9247465133667, -16.34567642211914], "POPL_2008": [-14.815059661865234, -14.980856895446777], "POPL_1994": [-19.05280113220215, -3.78179669380188], "POPL_1992": [-22.915660858154297, -2.2709572315216064], "POPL_2015": [-11.54437255859375, -15.990742683410645], "POPL_1997": [-19.235448837280273, -4.378498554229736], "POPL_1998": [-16.5952205657959, -8.802417755126953], "POPL_1979": [-27.415603637695312, 0.7298680543899536], "PLDI_2015": [11.606419563293457, -5.167993545532227], "PLDI_1991": [-22.413537979125977, -6.6717119216918945], "PLDI_2018": [-7.050676345825195, -17.515220642089844], "PLDI_1996": [-5.481496810913086, -9.938371658325195], "PLDI_2001": [3.1939167976379395, -8.871402740478516],