{"cheng-soon-ong_2007": [-14.314840316772461, 14.478963851928711], "cheng-soon-ong_2015": [-11.412739753723145, 17.639272689819336], "cheng-soon-ong_2016": [-14.59499454498291, 15.517491340637207], "cheng-soon-ong_2008": [-15.408637046813965, 12.960882186889648], "cheng-soon-ong_2005": [-12.674018859863281, 13.627745628356934], "cheng-soon-ong_2009": [-15.512553215026855, 11.742012023925781], "cheng-soon-ong_2014": [-15.59115219116211, 11.011333465576172], "cheng-soon-ong_2017": [-11.690176963806152, 4.165581703186035], "cheng-soon-ong_2006": [-15.371993064880371, 12.828428268432617], "cheng-soon-ong_2003": [-11.75036334991455, 13.670161247253418], "cheng-soon-ong_2004": [-7.3623046875, 5.652829170227051], "robert-c-williamson_2014": [-7.606632232666016, 17.278167724609375], "robert-c-williamson_2007": [-4.187562942504883, 9.691786766052246], "robert-c-williamson_2002": [-8.11397647857666, 13.471101760864258], "robert-c-williamson_1998": [-2.5702829360961914, 11.878466606140137], "robert-c-williamson_1999": [-5.443065166473389, 5.010838508605957], "robert-c-williamson_2001": [-5.080102920532227, 4.93867301940918], "robert-c-williamson_2006": [-6.534543514251709, 10.88695240020752], "robert-c-williamson_1996": [-4.05832576751709, 4.217782497406006], "robert-c-williamson_1988": [11.85930061340332, -1.084375262260437], "robert-c-williamson_2011": [-8.544958114624023, 17.332916259765625], "robert-c-williamson_2003": [1.1009399890899658, 11.561273574829102], "robert-c-williamson_1994": [-1.8589966297149658, 11.366463661193848], "robert-c-williamson_1993": [8.039992332458496, 3.496809244155884], "robert-c-williamson_2000": [-4.579195022583008, 11.909814834594727], "robert-c-williamson_1992": [2.7354609966278076, 10.605713844299316], "robert-c-williamson_1991": [13.174476623535156, 5.132753849029541], "robert-c-williamson_2015": [-9.117504119873047, 17.222618103027344], "robert-c-williamson_2010": [-9.585152626037598, 9.069926261901855], "robert-c-williamson_1995": [-4.765120506286621, 2.5709688663482666], "robert-c-williamson_2018": [0.8205897212028503, -0.09118940681219101], "robert-c-williamson_2005": [-8.749974250793457, 9.263996124267578], "robert-c-williamson_2016": [-10.42794418334961, 16.816204071044922], "robert-c-williamson_1997": [-4.774382591247559, 2.5150887966156006], "robert-c-williamson_1990": [13.15764045715332, 4.6036176681518555], "robert-c-williamson_2017": [-11.209674835205078, 4.784562110900879], "robert-c-williamson_2009": [1.3627127408981323, 10.541465759277344], "robert-c-williamson_2008": [1.9295092821121216, 10.122425079345703], "robert-c-williamson_2012": [-7.091284275054932, 17.162805557250977], "robert-c-williamson_1985": [12.226058959960938, -0.9734283089637756], "robert-c-williamson_1987": [12.709479331970215, -0.3623659908771515], "robert-c-williamson_2004": [-7.618974685668945, 11.593562126159668], "alexander-j-smola_1998": [-7.013820171356201, 12.1423921585083], "alexander-j-smola_2007": [-12.554362297058105, 15.461240768432617], "alexander-j-smola_2005": [-10.045757293701172, 14.775224685668945], "alexander-j-smola_1999": [-6.477213382720947, 13.248942375183105], "alexander-j-smola_2010": [-11.943985939025879, 15.492185592651367], "alexander-j-smola_2004": [-9.703361511230469, 13.82909107208252], "alexander-j-smola_2018": [-12.841647148132324, 6.32521390914917], "alexander-j-smola_2003": [-10.355116844177246, 13.859004974365234], "alexander-j-smola_2006": [-10.099772453308105, 14.553902626037598], "alexander-j-smola_2016": [-13.905658721923828, 17.752975463867188], "alexander-j-smola_2000": [-7.208354473114014, 13.842585563659668], "alexander-j-smola_1992": [12.020353317260742, -0.5333728194236755], "alexander-j-smola_2001": [-6.400047302246094, 12.182714462280273], "alexander-j-smola_2008": [-11.515999794006348, 15.885653495788574], "alexander-j-smola_2017": [-12.894448280334473, 6.401379108428955], "alexander-j-smola_2009": [-11.427403450012207, 15.388463973999023], "alexander-j-smola_2013": [-15.106345176696777, -7.870029926300049], "alexander-j-smola_2014": [-12.409071922302246, 16.793861389160156], "alexander-j-smola_2012": [-12.0743408203125, 16.50945281982422], "alexander-j-smola_2015": [-13.418905258178711, 17.36684226989746], "alexander-j-smola_2011": [-9.22559928894043, 10.76271915435791], "alexander-j-smola_2002": [-7.423062324523926, 11.451634407043457], "alexander-j-smola_1997": [1.4939717054367065, 5.466327667236328], "alexander-j-smola_1995": [12.2749662399292, -1.4805866479873657], "alexander-j-smola_1996": [12.212061882019043, -1.8669151067733765], "ICWSM_2007": [-11.70319652557373, -11.66080093383789], "ICWSM_2008": [-10.910221099853516, -12.630927085876465], "ICWSM_2017": [-13.864049911499023, -15.080390930175781], "ICWSM_2015": [-14.023036003112793, -14.831793785095215], "ICWSM_2012": [-15.740302085876465, -15.001789093017578], "ICWSM_2010": [-12.400123596191406, -13.352418899536133], "ICWSM_2011": [-15.671390533447266, -14.324981689453125], "ICWSM_2014": [-15.535365104675293, -15.202033996582031], "ICWSM_2013": [-15.94587230682373, -15.283187866210938], "ICWSM_2009": [-12.507161140441895, -13.190136909484863], "ICWSM_2016": [-14.019356727600098, -14.956046104431152], "ICWSM_2006": [11.780131340026855, -6.338766098022461], "WSDM_2011": [-18.126474380493164, -9.477845191955566], "WSDM_2016": [-17.994535446166992, -10.569409370422363], "WSDM_2009": [-15.310711860656738, -9.89150619506836], "WSDM_2018": [-18.93037223815918, -10.570253372192383], "WSDM_2012": [-17.610441207885742, -9.725740432739258], "WSDM_2017": [-18.774311065673828, -10.02603530883789], "WSDM_2014": [-17.67813491821289, -10.200387954711914], "WSDM_2010": [-15.639413833618164, -9.803160667419434], "WSDM_2013": [-17.65589714050293, -10.578177452087402], "WSDM_2015": [-16.04485511779785, -9.427496910095215], "WSDM_2008": [-12.72132682800293, -10.58945369720459], "CIKM_2008": [-2.0462005138397217, -13.125955581665039], "CIKM_2012": [-11.456192016601562, -9.043828964233398], "CIKM_2009": [-10.569951057434082, -8.454183578491211], "CIKM_2006": [-1.660815715789795, -12.02375602722168], "CIKM_2005": [-0.6765868663787842, -12.082023620605469], "CIKM_2013": [-11.211163520812988, -9.781779289245605], "CIKM_2011": [-10.393181800842285, -8.472854614257812], "CIKM_2015": [-9.802366256713867, -9.753684997558594], "CIKM_2003": [1.3213671445846558, -11.64014720916748], "CIKM_2010": [-10.13569450378418, -8.85352611541748], "CIKM_2002": [17.550212860107422, -7.059288024902344], "CIKM_1994": [17.51323699951172, -4.080463409423828], "CIKM_2007": [-1.4093623161315918, -13.157859802246094], "CIKM_2017": [-10.030810356140137, -10.611922264099121], "CIKM_2016": [-10.40359115600586, -10.118363380432129], "CIKM_2014": [-10.570849418640137, -9.427385330200195], "CIKM_1993": [18.59465217590332, -4.278860092163086], "CIKM_1995": [17.95049285888672, -3.053309440612793], "CIKM_2004": [-0.1839168220758438, -12.203763961791992], "CIKM_2001": [18.408912658691406, -6.180229187011719], "CIKM_2000": [17.696880340576172, -6.596063613891602], "CIKM_1997": [16.40714454650879, -3.5641093254089355], "CIKM_1999": [17.680356979370117, -5.793519496917725], "CIKM_1998": [17.51637077331543, -4.923740863800049], "CIKM_1992": [15.31556510925293, -3.171485424041748], "CIKM_1996": [17.30654525756836, -3.8290505409240723], "ICML_2005": [-1.6989867687225342, 5.920550346374512], "ICML_2010": [-1.9762696027755737, 7.31820821762085], "ICML_1989": [8.551314353942871, -11.635202407836914], "ICML_1991": [7.423491954803467, -10.847949028015137], "ICML_2016": [-9.393735885620117, 7.568754196166992], "ICML_2014": [-7.926751613616943, 8.378762245178223], "ICML_2017": [-10.173576354980469, 6.459646224975586], "ICML_2013": [-7.715566635131836, 8.744278907775879], "ICML_2018": [-10.139448165893555, 5.7970805168151855], "ICML_2008": [-3.195913076400757, 6.71567440032959], "ICML_2003": [-0.670914888381958, 6.25575065612793], "ICML_2006": [-2.536634922027588, 6.680343151092529],