{"steve-blackburn_2004": [-11.488832473754883, -11.857656478881836], "steve-blackburn_1999": [2.036093235015869, 7.227902412414551], "steve-blackburn_2011": [-9.812881469726562, -8.754891395568848], "steve-blackburn_2006": [-9.337782859802246, -10.515791893005371], "steve-blackburn_2000": [-6.338710308074951, -3.1683247089385986], "steve-blackburn_2015": [-9.297954559326172, -9.98534107208252], "steve-blackburn_2005": [-8.516371726989746, -8.17471694946289], "steve-blackburn_1998": [2.196723222732544, 7.112532615661621], "steve-blackburn_2016": [-10.292536735534668, -10.172388076782227], "steve-blackburn_1996": [5.139939308166504, 6.653408050537109], "steve-blackburn_2001": [-8.159082412719727, -6.968409538269043], "steve-blackburn_2018": [4.314183712005615, 5.141538619995117], "steve-blackburn_2010": [-8.045933723449707, -8.368856430053711], "steve-blackburn_2012": [-11.255013465881348, -10.308921813964844], "steve-blackburn_2013": [-7.519680023193359, -8.944547653198242], "steve-blackburn_1997": [2.2011008262634277, 7.106139183044434], "steve-blackburn_2002": [-10.54588794708252, -11.319518089294434], "steve-blackburn_2003": [-9.675276756286621, -10.8311185836792], "steve-blackburn_2014": [-10.301435470581055, -9.530579566955566], "steve-blackburn_2008": [-7.3987507820129395, -6.835023403167725], "steve-blackburn_2009": [-8.536767959594727, -9.31816291809082], "steve-blackburn_2007": [-8.899473190307617, -10.581130981445312], "antony-l-hosking_2011": [-11.634345054626465, -11.947610855102539], "antony-l-hosking_2016": [-7.423681259155273, -7.801263809204102], "antony-l-hosking_2009": [-4.122159004211426, -3.961961507797241], "antony-l-hosking_2007": [-6.175497055053711, -4.3672285079956055], "antony-l-hosking_2006": [-10.687055587768555, -11.329684257507324], "antony-l-hosking_2004": [-10.594517707824707, -11.543447494506836], "antony-l-hosking_1995": [-5.753590106964111, -2.7144534587860107], "antony-l-hosking_2015": [-10.038877487182617, -10.6152925491333], "antony-l-hosking_1999": [-10.001869201660156, -11.826184272766113], "antony-l-hosking_2014": [1.7726120948791504, -3.5102615356445312], "antony-l-hosking_2005": [-7.198307991027832, -7.792325496673584], "antony-l-hosking_1990": [-6.290616035461426, -5.239167213439941], "antony-l-hosking_2003": [2.929198741912842, 0.7342135906219482], "antony-l-hosking_2001": [-9.017906188964844, -10.467729568481445], "antony-l-hosking_2018": [5.073414325714111, 5.276771068572998], "antony-l-hosking_2000": [-7.1626996994018555, -6.280553340911865], "antony-l-hosking_1993": [-4.166215419769287, -2.1146621704101562], "antony-l-hosking_2012": [-5.693994522094727, -5.700483322143555], "antony-l-hosking_1991": [1.30950927734375, 3.2823286056518555], "antony-l-hosking_1998": [-5.520632266998291, -3.468125343322754], "antony-l-hosking_1992": [-3.2489688396453857, -2.0487871170043945], "antony-l-hosking_2013": [4.73105001449585, 4.9485979080200195], "antony-l-hosking_1997": [-5.032092094421387, -4.544597625732422], "antony-l-hosking_2010": [-7.942165851593018, -7.794229507446289], "antony-l-hosking_1994": [-6.539778709411621, -5.134869575500488], "antony-l-hosking_2008": [4.315855503082275, 5.170355796813965], "antony-l-hosking_1996": [-5.4854607582092285, -3.7748215198516846], "antony-l-hosking_2017": [-6.836102485656738, -6.608948707580566], "kathryn-mckinley_2009": [-8.313520431518555, -9.158730506896973], "kathryn-mckinley_2004": [-11.099764823913574, -10.588404655456543], "kathryn-mckinley_1994": [-2.314474105834961, -0.07425372302532196], "kathryn-mckinley_1998": [-5.926126956939697, -6.8126540184021], "kathryn-mckinley_1990": [7.17951774597168, 1.9805717468261719], "kathryn-mckinley_1995": [1.6717101335525513, 4.675242900848389], "kathryn-mckinley_2006": [-10.387669563293457, -9.819197654724121], "kathryn-mckinley_2015": [-6.777528762817383, -9.055291175842285], "kathryn-mckinley_1991": [-7.50764274597168, -4.673534870147705], "kathryn-mckinley_2013": [-6.425998687744141, -9.080913543701172], "kathryn-mckinley_2007": [-8.879206657409668, -9.864203453063965], "kathryn-mckinley_2016": [-4.956336975097656, -8.810588836669922], "kathryn-mckinley_2011": [-6.604654312133789, -9.017328262329102], "kathryn-mckinley_2000": [-4.323087692260742, -6.952693462371826], "kathryn-mckinley_2018": [5.073446750640869, 5.276822566986084], "kathryn-mckinley_2008": [-10.805448532104492, -10.293612480163574], "kathryn-mckinley_2003": [-6.411296844482422, -8.375412940979004], "kathryn-mckinley_1997": [1.7382962703704834, 2.6463868618011475], "kathryn-mckinley_2010": [-8.878947257995605, -9.887205123901367], "kathryn-mckinley_1996": [-5.3908491134643555, -6.940304756164551], "kathryn-mckinley_2005": [-5.164585590362549, -8.965585708618164], "kathryn-mckinley_1992": [-0.09995508193969727, 2.359673500061035], "kathryn-mckinley_1993": [-0.8417113423347473, -5.077214241027832], "kathryn-mckinley_2012": [-5.711623668670654, -9.041304588317871], "kathryn-mckinley_2002": [-10.112876892089844, -10.194437980651855], "kathryn-mckinley_2001": [-6.475975036621094, -7.440456390380859], "kathryn-mckinley_2017": [-5.475520610809326, -8.142407417297363], "kathryn-mckinley_1999": [-5.284490585327148, -7.442655086517334], "kathryn-mckinley_2014": [-7.829955101013184, -9.253414154052734], "kathryn-mckinley_1989": [2.272890090942383, 4.572190761566162], "POPL_1993": [4.55128812789917, -0.29389017820358276], "POPL_2017": [-6.84736967086792, -6.976728439331055], "POPL_1980": [6.311753273010254, 4.133935451507568], "POPL_2001": [4.701663017272949, 1.5358444452285767], "POPL_2016": [-3.8863630294799805, -5.593282699584961], "POPL_2005": [2.0132699012756348, -1.4790512323379517], "POPL_1996": [5.076142311096191, 0.32499417662620544], "POPL_1988": [5.436290740966797, 2.001619815826416], "POPL_2006": [1.250433325767517, -1.9255775213241577], "POPL_2007": [2.1716136932373047, -2.055166721343994], "POPL_1991": [5.781446933746338, 1.1405177116394043], "POPL_1977": [6.067753314971924, 4.4812235832214355], "POPL_1982": [5.953251838684082, 2.4592700004577637], "POPL_2004": [2.8062918186187744, -1.4415110349655151], "POPL_1989": [6.130058288574219, 0.8708837628364563], "POPL_1981": [5.668767929077148, 3.8671810626983643], "POPL_2000": [4.715911388397217, 1.2817047834396362], "POPL_2013": [0.608374297618866, -2.734027862548828], "POPL_1987": [5.611780643463135, 3.305800676345825], "POPL_1986": [5.676448822021484, 2.754770517349243], "POPL_1973": [6.0445332527160645, 4.990586757659912], "POPL_1978": [5.778770923614502, 4.3913092613220215], "POPL_1995": [4.9915924072265625, 0.07447412610054016], "POPL_1985": [6.378262996673584, 2.1117587089538574], "POPL_1976": [5.040530204772949, 3.974517345428467], "POPL_2009": [1.110169529914856, -2.214885711669922], "POPL_1984": [6.377512454986572, 2.912130832672119], "POPL_2012": [-0.9482941031455994, -3.1397383213043213], "POPL_2010": [-0.047033797949552536, -3.3264598846435547], "POPL_1999": [4.278548240661621, 0.055320657789707184], "POPL_2014": [-1.0723984241485596, -3.7597689628601074], "POPL_1983": [6.043984889984131, 2.9845306873321533], "POPL_1975": [5.179978847503662, 4.444612979888916], "POPL_2002": [2.972672462463379, -1.2623316049575806], "POPL_2003": [3.6306052207946777, 1.3146227598190308], "POPL_2011": [-0.940842866897583, -3.501249074935913], "POPL_2008": [1.7960999011993408, -1.8847196102142334], "POPL_1994": [5.509561061859131, 0.11483876407146454], "POPL_1992": [4.70777702331543, 2.5570759773254395], "POPL_2015": [-0.48546355962753296, -3.0578532218933105], "POPL_1997": [5.4401535987854, 0.09754996001720428], "POPL_1998": [4.1348419189453125, -0.5809094309806824], "POPL_1979": [5.8450026512146, 4.253467082977295], "PLDI_2015": [-5.38348913192749, -5.9328532218933105], "PLDI_1991": [0.8641432523727417, 1.798652172088623], "PLDI_2018": [-2.7267673015594482, -4.060809135437012], "PLDI_1996": [-0.8186708688735962, -0.3056192398071289], "PLDI_2001": [-2.1085753440856934, -1.8646148443222046],