{"cheng-soon-ong_2007": [7.403175354003906, -0.6660643219947815], "cheng-soon-ong_2015": [7.499575138092041, -1.9608837366104126], "cheng-soon-ong_2016": [7.4405388832092285, -1.887915849685669], "cheng-soon-ong_2008": [7.440367221832275, -0.1410379707813263], "cheng-soon-ong_2005": [7.6903252601623535, -1.2864805459976196], "cheng-soon-ong_2009": [7.540250301361084, 0.08355712890625], "cheng-soon-ong_2014": [7.63604211807251, 0.21894323825836182], "cheng-soon-ong_2017": [5.665042400360107, -3.8071906566619873], "cheng-soon-ong_2006": [7.449084758758545, -0.2576946020126343], "cheng-soon-ong_2003": [7.481775760650635, -1.6709964275360107], "cheng-soon-ong_2004": [5.380199909210205, -2.711103916168213], "robert-c-williamson_2014": [6.179906368255615, -2.551378011703491], "robert-c-williamson_2007": [6.1801533699035645, -1.4057830572128296], "robert-c-williamson_2002": [4.598255634307861, -2.9699244499206543], "robert-c-williamson_1998": [3.145542860031128, -4.339461326599121], "robert-c-williamson_1999": [2.747195243835449, -3.8974452018737793], "robert-c-williamson_2001": [2.9552202224731445, -4.051591873168945], "robert-c-williamson_2006": [4.929752349853516, -3.178478717803955], "robert-c-williamson_1996": [2.917727470397949, -4.116232872009277], "robert-c-williamson_1988": [-2.1709938049316406, 2.757500410079956], "robert-c-williamson_2011": [6.755048751831055, -2.4845244884490967], "robert-c-williamson_2003": [1.705136775970459, -4.057806491851807], "robert-c-williamson_1994": [2.930708646774292, -4.353312969207764], "robert-c-williamson_1993": [-0.2748597264289856, -3.2015626430511475], "robert-c-williamson_2000": [2.5992207527160645, -3.9258294105529785], "robert-c-williamson_1992": [1.323843240737915, -3.9750187397003174], "robert-c-williamson_1991": [3.0714995861053467, -2.9653005599975586], "robert-c-williamson_2015": [6.435229778289795, -2.4411003589630127], "robert-c-williamson_2010": [6.4687347412109375, -2.276193618774414], "robert-c-williamson_1995": [3.4601356983184814, -4.233982086181641], "robert-c-williamson_2018": [-0.11772702634334564, -0.1373911052942276], "robert-c-williamson_2005": [5.845330238342285, -1.7082254886627197], "robert-c-williamson_2016": [7.228872776031494, -1.9561837911605835], "robert-c-williamson_1997": [3.6553351879119873, -4.361467361450195], "robert-c-williamson_1990": [2.615980863571167, -2.657421827316284], "robert-c-williamson_2017": [5.241477012634277, -0.1646098792552948], "robert-c-williamson_2009": [1.0963670015335083, -4.489238739013672], "robert-c-williamson_2008": [1.1269854307174683, -4.464826583862305], "robert-c-williamson_2012": [6.4729533195495605, -2.6444687843322754], "robert-c-williamson_1985": [1.0988905429840088, 0.23015765845775604], "robert-c-williamson_1987": [1.105738878250122, 0.22600378096103668], "robert-c-williamson_2004": [6.906258583068848, -2.144775867462158], "alexander-j-smola_1998": [3.710134744644165, -2.784432888031006], "alexander-j-smola_2007": [4.915331840515137, -1.9898582696914673], "alexander-j-smola_2005": [4.796154975891113, -2.1250391006469727], "alexander-j-smola_1999": [3.339907646179199, -3.2960710525512695], "alexander-j-smola_2010": [5.168825626373291, -1.7032546997070312], "alexander-j-smola_2004": [5.119578838348389, -2.3439667224884033], "alexander-j-smola_2018": [5.189671039581299, 0.2528659999370575], "alexander-j-smola_2003": [4.778446197509766, -2.135491371154785], "alexander-j-smola_2006": [4.943673610687256, -2.1055219173431396], "alexander-j-smola_2016": [5.25527286529541, -0.2400742769241333], "alexander-j-smola_2000": [3.2995874881744385, -3.0234322547912598], "alexander-j-smola_1992": [1.2945705652236938, -0.019175121560692787], "alexander-j-smola_2001": [3.1873693466186523, -3.006743907928467], "alexander-j-smola_2008": [5.298528671264648, -1.7995339632034302], "alexander-j-smola_2017": [5.212067604064941, 0.5342904329299927], "alexander-j-smola_2009": [5.055078506469727, -1.7778534889221191], "alexander-j-smola_2013": [4.94704008102417, -1.1159048080444336], "alexander-j-smola_2014": [5.306543827056885, -1.115973711013794], "alexander-j-smola_2012": [5.637388229370117, -1.5924545526504517], "alexander-j-smola_2015": [5.314393997192383, -0.8353832364082336], "alexander-j-smola_2011": [5.012325763702393, -1.527143120765686], "alexander-j-smola_2002": [4.2168498039245605, -2.529770851135254], "alexander-j-smola_1997": [-0.513401448726654, -0.05383649095892906], "alexander-j-smola_1995": [1.1057406663894653, 0.22600139677524567], "alexander-j-smola_1996": [1.283049464225769, -0.002695517148822546], "ICWSM_2007": [2.8111233711242676, 3.9400603771209717], "ICWSM_2008": [3.1064767837524414, 3.872988700866699], "ICWSM_2017": [3.7584049701690674, 3.783231735229492], "ICWSM_2015": [4.1295037269592285, 3.7793691158294678], "ICWSM_2012": [3.969367742538452, 3.789968490600586], "ICWSM_2010": [3.2994747161865234, 3.8196887969970703], "ICWSM_2011": [3.7611610889434814, 3.777418613433838], "ICWSM_2014": [4.267983913421631, 3.799722671508789], "ICWSM_2013": [4.167933464050293, 3.793799877166748], "ICWSM_2009": [3.175016164779663, 3.8931076526641846], "ICWSM_2016": [3.8711485862731934, 3.7820444107055664], "ICWSM_2006": [2.7201972007751465, 4.175722599029541], "WSDM_2011": [5.461153030395508, 2.3031463623046875], "WSDM_2016": [5.35780143737793, 2.2002034187316895], "WSDM_2009": [5.568138122558594, 2.4141623973846436], "WSDM_2018": [5.336484432220459, 2.051161289215088], "WSDM_2012": [5.434744358062744, 2.2974605560302734], "WSDM_2017": [5.397278308868408, 2.201359510421753], "WSDM_2014": [5.396364212036133, 2.228078603744507], "WSDM_2010": [5.54406213760376, 2.372894287109375], "WSDM_2013": [5.356583595275879, 2.242446184158325], "WSDM_2015": [5.376186370849609, 2.2162911891937256], "WSDM_2008": [5.411230564117432, 2.391146183013916], "CIKM_2008": [0.15205201506614685, 2.6778934001922607], "CIKM_2012": [-0.13973809778690338, 3.223989963531494], "CIKM_2009": [-0.1183663159608841, 3.0557658672332764], "CIKM_2006": [-0.06356118619441986, 2.5730783939361572], "CIKM_2005": [0.27620968222618103, 2.3997325897216797], "CIKM_2013": [-0.0328483060002327, 3.313711166381836], "CIKM_2011": [-0.016320601105690002, 2.947577953338623], "CIKM_2015": [-0.09977998584508896, 3.45943284034729], "CIKM_2003": [-0.153913214802742, 2.3801560401916504], "CIKM_2010": [-0.012724569998681545, 3.133457660675049], "CIKM_2002": [2.5049703121185303, 2.1988463401794434], "CIKM_1994": [3.0220258235931396, 1.2051327228546143], "CIKM_2007": [-0.35897913575172424, 2.728483200073242], "CIKM_2017": [0.07265900075435638, 3.539357900619507], "CIKM_2016": [-0.08777839690446854, 3.492025375366211], "CIKM_2014": [-0.21091865003108978, 3.463071584701538], "CIKM_1993": [3.050529956817627, 1.1817045211791992], "CIKM_1995": [3.2623789310455322, 1.0667641162872314], "CIKM_2004": [-0.32507961988449097, 2.7072231769561768], "CIKM_2001": [2.549816608428955, 2.023794651031494], "CIKM_2000": [2.575338363647461, 2.1859283447265625], "CIKM_1997": [2.7162067890167236, 0.789360761642456], "CIKM_1999": [2.653167247772217, 1.9040889739990234], "CIKM_1998": [2.878671884536743, 1.78672456741333], "CIKM_1992": [3.026310443878174, 0.7396435737609863], "CIKM_1996": [2.9682438373565674, 1.1372992992401123], "ICML_2005": [-1.9935081005096436, -0.30828312039375305], "ICML_2010": [-1.5279124975204468, -0.40357980132102966], "ICML_1989": [-1.424074649810791, 1.1890074014663696], "ICML_1991": [-1.3433798551559448, 1.2027456760406494], "ICML_2016": [-0.8838508129119873, -0.8030667901039124], "ICML_2014": [-1.0698325634002686, -0.7451030015945435], "ICML_2017": [-0.9508589506149292, -1.6533812284469604], "ICML_2013": [-1.3656364679336548, -0.8210763931274414], "ICML_2018": [-0.7903518080711365, -1.8238056898117065], "ICML_2008": [-1.9408894777297974, -0.6470575332641602], "ICML_2003": [-2.074908971786499, -0.19926278293132782], "ICML_2006": [-1.876009464263916, -0.5776833295822144],