{"steve-blackburn_2004": [0.7942126989364624, -6.320674896240234], "steve-blackburn_1999": [-2.9898409843444824, 3.867152690887451], "steve-blackburn_2011": [-0.7424681782722473, -5.1452412605285645], "steve-blackburn_2006": [0.20069405436515808, -5.310309410095215], "steve-blackburn_2000": [0.7788376212120056, -2.186114549636841], "steve-blackburn_2015": [0.08051298558712006, -5.222691059112549], "steve-blackburn_2005": [0.06044653803110123, -4.302328586578369], "steve-blackburn_1998": [-2.750347852706909, 3.8722782135009766], "steve-blackburn_2016": [0.011036599054932594, -5.661027908325195], "steve-blackburn_1996": [-1.2665268182754517, 4.472715377807617], "steve-blackburn_2001": [0.17983004450798035, -3.7712340354919434], "steve-blackburn_2018": [-1.2523375749588013, 3.5950729846954346], "steve-blackburn_2010": [-0.16294556856155396, -4.262020111083984], "steve-blackburn_2012": [0.012468339875340462, -6.048842430114746], "steve-blackburn_2013": [-0.5592589378356934, -4.403954029083252], "steve-blackburn_1997": [-2.7711997032165527, 3.8766934871673584], "steve-blackburn_2002": [0.4418131709098816, -5.942764759063721], "steve-blackburn_2003": [0.267718642950058, -5.4847331047058105], "steve-blackburn_2014": [-0.24979911744594574, -5.578859329223633], "steve-blackburn_2008": [-0.12371960282325745, -3.4133148193359375], "steve-blackburn_2009": [-0.06223994493484497, -4.716650485992432], "steve-blackburn_2007": [0.2532113790512085, -5.1140666007995605], "antony-l-hosking_2011": [0.8818527460098267, -6.392789363861084], "antony-l-hosking_2016": [-0.30938246846199036, -3.8204216957092285], "antony-l-hosking_2009": [-1.5915354490280151, -1.564380407333374], "antony-l-hosking_2007": [-1.0905424356460571, -2.4839673042297363], "antony-l-hosking_2006": [0.4320959150791168, -5.981251239776611], "antony-l-hosking_2004": [0.5030918717384338, -5.993102073669434], "antony-l-hosking_1995": [-2.0234405994415283, -1.8290140628814697], "antony-l-hosking_2015": [0.1625051498413086, -5.629801273345947], "antony-l-hosking_1999": [0.6881400942802429, -5.829473495483398], "antony-l-hosking_2014": [-2.2040436267852783, 0.7767930626869202], "antony-l-hosking_2005": [-0.19202382862567902, -3.9609670639038086], "antony-l-hosking_1990": [-0.32903313636779785, -2.6718294620513916], "antony-l-hosking_2003": [0.8162934184074402, 3.038295030593872], "antony-l-hosking_2001": [0.25406888127326965, -5.1577959060668945], "antony-l-hosking_2018": [-1.2530934810638428, 3.5946381092071533], "antony-l-hosking_2000": [-0.09416164457798004, -3.1927645206451416], "antony-l-hosking_1993": [-1.868128776550293, -1.0473257303237915], "antony-l-hosking_2012": [-0.4637081027030945, -2.4922072887420654], "antony-l-hosking_1991": [-2.076352834701538, 2.065640926361084], "antony-l-hosking_1998": [-1.3267216682434082, -1.78977632522583], "antony-l-hosking_1992": [-1.3877571821212769, -0.5592021942138672], "antony-l-hosking_2013": [-1.2528178691864014, 3.594329357147217], "antony-l-hosking_1997": [-0.7619272470474243, -1.9444279670715332], "antony-l-hosking_2010": [-0.08021720498800278, -3.951646327972412], "antony-l-hosking_1994": [-0.3773671090602875, -2.926861524581909], "antony-l-hosking_2008": [-1.2522399425506592, 3.594431161880493], "antony-l-hosking_1996": [-1.2309554815292358, -1.9580172300338745], "antony-l-hosking_2017": [-0.2984665632247925, -3.228201389312744], "kathryn-mckinley_2009": [-0.1699945330619812, -4.564495086669922], "kathryn-mckinley_2004": [0.13622844219207764, -6.026126384735107], "kathryn-mckinley_1994": [0.5381242632865906, -0.0968254804611206], "kathryn-mckinley_1998": [-0.9583364725112915, -3.0234415531158447], "kathryn-mckinley_1990": [0.12524062395095825, 3.7767837047576904], "kathryn-mckinley_1995": [-2.640559434890747, 2.632476568222046], "kathryn-mckinley_2006": [-0.10921572893857956, -5.63286018371582], "kathryn-mckinley_2015": [-0.8598291873931885, -4.193464279174805], "kathryn-mckinley_1991": [-1.7245784997940063, -2.547055721282959], "kathryn-mckinley_2013": [-0.9429552555084229, -3.9564011096954346], "kathryn-mckinley_2007": [0.06594016402959824, -4.9930877685546875], "kathryn-mckinley_2016": [-1.6821012496948242, -3.646514654159546], "kathryn-mckinley_2011": [-0.8775723576545715, -4.15341854095459], "kathryn-mckinley_2000": [0.09324846416711807, -2.480011463165283], "kathryn-mckinley_2018": [-1.2528178691864014, 3.594330310821533], "kathryn-mckinley_2008": [0.04423735663294792, -5.854504585266113], "kathryn-mckinley_2003": [-0.7848837971687317, -3.904139757156372], "kathryn-mckinley_1997": [-1.7426666021347046, 2.0810718536376953], "kathryn-mckinley_2010": [0.07663862407207489, -4.9992547035217285], "kathryn-mckinley_1996": [-1.1433446407318115, -2.920166015625], "kathryn-mckinley_2005": [-1.5484508275985718, -3.8381235599517822], "kathryn-mckinley_1992": [-2.1515300273895264, 1.7610548734664917], "kathryn-mckinley_1993": [-2.14444899559021, -0.40411871671676636], "kathryn-mckinley_2012": [-1.2850284576416016, -4.046441555023193], "kathryn-mckinley_2002": [0.039053063839673996, -5.583423137664795], "kathryn-mckinley_2001": [-0.6002922058105469, -3.5512900352478027], "kathryn-mckinley_2017": [-1.131941318511963, -3.5443098545074463], "kathryn-mckinley_1999": [-0.8558710217475891, -3.168184280395508], "kathryn-mckinley_2014": [-0.47909072041511536, -4.621524810791016], "kathryn-mckinley_1989": [-1.8176090717315674, 2.9231863021850586], "POPL_1993": [0.06316574662923813, 2.0308175086975098], "POPL_2017": [-0.2245202511548996, -3.374023675918579], "POPL_1980": [-0.6115707755088806, 3.6496963500976562], "POPL_2001": [-0.2956060469150543, 2.8084957599639893], "POPL_2016": [-0.3846164643764496, -1.7798378467559814], "POPL_2005": [-0.34558501839637756, 1.1980942487716675], "POPL_1996": [0.014315953478217125, 2.4125940799713135], "POPL_1988": [-0.35126790404319763, 2.905972480773926], "POPL_2006": [-0.39663243293762207, 0.7329087257385254], "POPL_2007": [0.10549111664295197, 0.9826445579528809], "POPL_1991": [-0.028756212443113327, 2.9465231895446777], "POPL_1977": [-0.7857010364532471, 3.4742863178253174], "POPL_1982": [-0.361659973859787, 3.1072840690612793], "POPL_2004": [0.05020859092473984, 1.4691957235336304], "POPL_1989": [0.19252678751945496, 3.044968605041504], "POPL_1981": [-0.6618196368217468, 3.6079649925231934], "POPL_2000": [-0.2084622085094452, 2.6661276817321777], "POPL_2013": [-0.22895115613937378, 0.4666018784046173], "POPL_1987": [-0.5848107933998108, 3.2961716651916504], "POPL_1986": [-0.4678245484828949, 3.052075147628784], "POPL_1973": [-0.8310456871986389, 3.8050971031188965], "POPL_1978": [-0.8963042497634888, 3.3919806480407715], "POPL_1995": [0.08575297892093658, 2.3601231575012207], "POPL_1985": [-0.05026179552078247, 3.302138328552246], "POPL_1976": [-1.0372018814086914, 3.198561668395996], "POPL_2009": [-0.301754891872406, 0.6393224000930786], "POPL_1984": [-0.3107212781906128, 3.3316221237182617], "POPL_2012": [-0.40920495986938477, -0.21184802055358887], "POPL_2010": [-0.16142712533473969, 0.023207049816846848], "POPL_1999": [-0.07813533395528793, 2.1073567867279053], "POPL_2014": [-0.20203423500061035, -0.513847291469574], "POPL_1983": [-0.3981529772281647, 3.3971149921417236], "POPL_1975": [-0.9216172099113464, 3.512139320373535], "POPL_2002": [0.0026321031618863344, 1.371113657951355], "POPL_2003": [-0.5675468444824219, 2.235236406326294], "POPL_2011": [-0.2940724492073059, -0.3501671254634857], "POPL_2008": [-0.180416539311409, 1.0137450695037842], "POPL_1994": [0.27921217679977417, 2.552342176437378], "POPL_1992": [-0.6123664975166321, 2.8477511405944824], "POPL_2015": [-0.3915514349937439, -0.05895159766077995], "POPL_1997": [0.2709212005138397, 2.5619351863861084], "POPL_1998": [0.08943529427051544, 1.7552909851074219], "POPL_1979": [-0.7551289200782776, 3.568125009536743], "PLDI_2015": [-0.5063583850860596, -2.4751293659210205], "PLDI_1991": [-0.44178932905197144, 2.176302433013916],