{"steve-blackburn_2004": [-22.46120834350586, 13.109405517578125], "steve-blackburn_1999": [7.956578731536865, -22.869943618774414], "steve-blackburn_2011": [-14.540604591369629, 11.650093078613281], "steve-blackburn_2006": [-18.235387802124023, 11.270241737365723], "steve-blackburn_2000": [-8.234989166259766, 0.12242034077644348], "steve-blackburn_2015": [-18.053436279296875, 9.933151245117188], "steve-blackburn_2005": [-14.944890022277832, 7.397548675537109], "steve-blackburn_1998": [8.49540901184082, -22.342853546142578], "steve-blackburn_2016": [-20.038070678710938, 10.7599515914917], "steve-blackburn_1996": [13.024365425109863, -22.463815689086914], "steve-blackburn_2001": [-13.368501663208008, 5.75175142288208], "steve-blackburn_2018": [13.940983772277832, -20.399185180664062], "steve-blackburn_2010": [-13.891590118408203, 8.248172760009766], "steve-blackburn_2012": [-22.016021728515625, 10.575295448303223], "steve-blackburn_2013": [-13.490687370300293, 9.92845630645752], "steve-blackburn_1997": [8.547024726867676, -22.29732322692871], "steve-blackburn_2002": [-20.464677810668945, 12.516034126281738], "steve-blackburn_2003": [-18.91352081298828, 11.934013366699219], "steve-blackburn_2014": [-19.72847557067871, 9.56796646118164], "steve-blackburn_2008": [-12.27820873260498, 6.154050827026367], "steve-blackburn_2009": [-15.987733840942383, 9.281783103942871], "steve-blackburn_2007": [-17.41970443725586, 11.653947830200195], "antony-l-hosking_2011": [-22.84673500061035, 13.231471061706543], "antony-l-hosking_2016": [-12.53072738647461, 7.685774326324463], "antony-l-hosking_2009": [-3.954829454421997, 5.500464916229248], "antony-l-hosking_2007": [-9.476097106933594, 1.9607183933258057], "antony-l-hosking_2006": [-21.029937744140625, 12.618894577026367], "antony-l-hosking_2004": [-20.916027069091797, 13.241780281066895], "antony-l-hosking_1995": [-9.299626350402832, 0.3189460337162018], "antony-l-hosking_2015": [-19.542049407958984, 11.413057327270508], "antony-l-hosking_1999": [-19.81283950805664, 13.676347732543945], "antony-l-hosking_2014": [3.816189765930176, -3.869109630584717], "antony-l-hosking_2005": [-11.07685661315918, 7.712086200714111], "antony-l-hosking_1990": [-9.875170707702637, 3.608011484146118], "antony-l-hosking_2003": [6.289223670959473, -11.566240310668945], "antony-l-hosking_2001": [-17.726165771484375, 10.883611679077148], "antony-l-hosking_2018": [12.628414154052734, -20.885316848754883], "antony-l-hosking_2000": [-11.398640632629395, 5.1113057136535645], "antony-l-hosking_1993": [-4.561403751373291, -1.3364331722259521], "antony-l-hosking_2012": [-9.228683471679688, 4.676682472229004], "antony-l-hosking_1991": [9.54830265045166, -11.082113265991211], "antony-l-hosking_1998": [-7.61629581451416, 1.0285862684249878], "antony-l-hosking_1992": [-3.4324474334716797, -1.609069585800171], "antony-l-hosking_2013": [12.020042419433594, -19.76873016357422], "antony-l-hosking_1997": [-7.476070404052734, 2.7319939136505127], "antony-l-hosking_2010": [-13.551247596740723, 7.626661777496338], "antony-l-hosking_1994": [-10.07532024383545, 2.7345287799835205], "antony-l-hosking_2008": [12.097569465637207, -20.46588897705078], "antony-l-hosking_1996": [-8.014097213745117, 1.6586016416549683], "antony-l-hosking_2017": [-11.560402870178223, 6.091393947601318], "kathryn-mckinley_2009": [-15.565916061401367, 9.39177417755127], "kathryn-mckinley_2004": [-21.567787170410156, 11.188231468200684], "kathryn-mckinley_1994": [-3.8863651752471924, -5.158059597015381], "kathryn-mckinley_1998": [-8.95715045928955, 7.232980728149414], "kathryn-mckinley_1990": [15.288542747497559, -12.273655891418457], "kathryn-mckinley_1995": [8.341547966003418, -17.847490310668945], "kathryn-mckinley_2006": [-20.361013412475586, 9.82651138305664], "kathryn-mckinley_2015": [-12.141654014587402, 10.391637802124023], "kathryn-mckinley_1991": [-6.589028358459473, 7.361332893371582], "kathryn-mckinley_2013": [-11.982027053833008, 11.49055290222168], "kathryn-mckinley_2007": [-17.06478500366211, 10.159000396728516], "kathryn-mckinley_2016": [-9.238746643066406, 11.074036598205566], "kathryn-mckinley_2011": [-11.973342895507812, 10.924781799316406], "kathryn-mckinley_2000": [-7.343209743499756, 8.97933292388916], "kathryn-mckinley_2018": [12.650156021118164, -19.972702026367188], "kathryn-mckinley_2008": [-21.03287696838379, 10.505060195922852], "kathryn-mckinley_2003": [-10.9904146194458, 9.61670207977295], "kathryn-mckinley_1997": [5.170780658721924, -10.47231674194336], "kathryn-mckinley_2010": [-17.108768463134766, 10.15965747833252], "kathryn-mckinley_1996": [-7.988949775695801, 7.602442264556885], "kathryn-mckinley_2005": [-9.629615783691406, 11.332921028137207], "kathryn-mckinley_1992": [2.7492728233337402, -10.454326629638672], "kathryn-mckinley_1993": [-4.362095355987549, -4.955641746520996], "kathryn-mckinley_2012": [-10.506619453430176, 11.08890438079834], "kathryn-mckinley_2002": [-19.600587844848633, 10.489326477050781], "kathryn-mckinley_2001": [-10.025130271911621, 7.6261773109436035], "kathryn-mckinley_2017": [-9.345218658447266, 9.693048477172852], "kathryn-mckinley_1999": [-8.526228904724121, 8.837509155273438], "kathryn-mckinley_2014": [-14.208568572998047, 10.208087921142578], "kathryn-mckinley_1989": [8.91610336303711, -17.395156860351562], "POPL_1993": [3.4915878772735596, -14.59652042388916], "POPL_2017": [-10.596216201782227, 6.440633773803711], "POPL_1980": [16.313013076782227, -16.94811248779297], "POPL_2001": [6.592942714691162, -14.848474502563477], "POPL_2016": [-6.171375274658203, 3.281395196914673], "POPL_2005": [7.092913627624512, -6.074259281158447], "POPL_1996": [4.307097911834717, -15.454195976257324], "POPL_1988": [13.363931655883789, -13.66727352142334], "POPL_2006": [5.845091342926025, -5.604417324066162], "POPL_2007": [7.336094379425049, -4.900966644287109], "POPL_1991": [12.36353588104248, -12.581917762756348], "POPL_1977": [16.19999122619629, -17.919422149658203], "POPL_1982": [14.434672355651855, -13.6952486038208], "POPL_2004": [8.023418426513672, -5.889756679534912], "POPL_1989": [4.964814186096191, -17.18244743347168], "POPL_1981": [14.819188117980957, -16.39886474609375], "POPL_2000": [6.366248607635498, -14.757858276367188], "POPL_2013": [0.47645628452301025, -5.599143028259277], "POPL_1987": [14.735249519348145, -15.25833797454834], "POPL_1986": [15.237730026245117, -14.781394004821777], "POPL_1973": [15.934054374694824, -18.67687225341797], "POPL_1978": [15.650917053222656, -17.808488845825195], "POPL_1995": [3.7080881595611572, -15.223546028137207], "POPL_1985": [14.851446151733398, -13.233278274536133], "POPL_1976": [14.173375129699707, -17.54979133605957], "POPL_2009": [5.906584739685059, -5.0907745361328125], "POPL_1984": [15.74181079864502, -14.091194152832031], "POPL_2012": [-0.8450784683227539, -3.309704065322876], "POPL_2010": [-0.9704318642616272, -4.9266581535339355], "POPL_1999": [4.597397804260254, -14.315713882446289], "POPL_2014": [-1.686895489692688, -3.2395286560058594], "POPL_1983": [14.594441413879395, -14.485162734985352], "POPL_1975": [14.037160873413086, -18.72275161743164], "POPL_2002": [8.14677906036377, -6.336862087249756], "POPL_2003": [6.798672676086426, -13.124897956848145], "POPL_2011": [-1.5165350437164307, -4.256491661071777], "POPL_2008": [6.57960844039917, -5.679637908935547], "POPL_1994": [3.6614489555358887, -16.209888458251953], "POPL_1992": [12.073175430297852, -14.05926513671875], "POPL_2015": [-0.4423329532146454, -4.146093368530273], "POPL_1997": [3.4169018268585205, -16.04928207397461], "POPL_1998": [2.8619046211242676, -14.395905494689941], "POPL_1979": [15.42509651184082, -17.363323211669922], "PLDI_2015": [-8.58955192565918, 5.412704944610596], "PLDI_1991": [3.217346668243408, -12.047513008117676], "PLDI_2018": [-3.4798331260681152, 1.2008811235427856], "PLDI_1996": [3.7404232025146484, -1.1916717290878296], "PLDI_2001": [0.44207316637039185, 0.2931216359138489],