{"steve-blackburn_2004": [-19.198680877685547, -24.144615173339844], "steve-blackburn_1999": [17.68076515197754, 5.943037986755371], "steve-blackburn_2011": [-12.717111587524414, -20.861433029174805], "steve-blackburn_2006": [-16.612817764282227, -20.0715389251709], "steve-blackburn_2000": [-2.150028705596924, -10.818676948547363], "steve-blackburn_2015": [-16.3770751953125, -18.720657348632812], "steve-blackburn_2005": [-13.902530670166016, -15.643146514892578], "steve-blackburn_1998": [17.05575180053711, 6.520966529846191], "steve-blackburn_2016": [-16.216630935668945, -22.04389762878418], "steve-blackburn_1996": [17.15733528137207, 11.555119514465332], "steve-blackburn_2001": [-12.660226821899414, -13.623133659362793], "steve-blackburn_2018": [14.813597679138184, 12.472143173217773], "steve-blackburn_2010": [-12.572218894958496, -16.36210060119629], "steve-blackburn_2012": [-16.32174301147461, -24.17551040649414], "steve-blackburn_2013": [-11.735578536987305, -18.052349090576172], "steve-blackburn_1997": [17.003870010375977, 6.56256103515625], "steve-blackburn_2002": [-18.159616470336914, -22.184566497802734], "steve-blackburn_2003": [-17.33155632019043, -20.745500564575195], "steve-blackburn_2014": [-14.588949203491211, -21.865097045898438], "steve-blackburn_2008": [-11.46819019317627, -13.8206787109375], "steve-blackburn_2009": [-14.38064956665039, -17.88245391845703], "steve-blackburn_2007": [-15.945631980895996, -19.84360122680664], "antony-l-hosking_2011": [-19.41240882873535, -24.572830200195312], "antony-l-hosking_2016": [-11.249305725097656, -15.515314102172852], "antony-l-hosking_2009": [-8.678420066833496, -7.090920448303223], "antony-l-hosking_2007": [-3.8836145401000977, -11.587084770202637], "antony-l-hosking_2006": [-18.3647403717041, -22.825132369995117], "antony-l-hosking_2004": [-19.03618621826172, -22.53615951538086], "antony-l-hosking_1995": [-1.526903748512268, -9.483004570007324], "antony-l-hosking_2015": [-16.864530563354492, -21.44629669189453], "antony-l-hosking_1999": [-19.254663467407227, -21.27731704711914], "antony-l-hosking_2014": [2.1808252334594727, 1.2633017301559448], "antony-l-hosking_2005": [-9.836613655090332, -14.864288330078125], "antony-l-hosking_1990": [-5.673148155212402, -11.976730346679688], "antony-l-hosking_2003": [8.914016723632812, 2.607560157775879], "antony-l-hosking_2001": [-17.00623321533203, -19.237152099609375], "antony-l-hosking_2018": [14.470675468444824, 10.21246337890625], "antony-l-hosking_2000": [-10.757890701293945, -12.519902229309082], "antony-l-hosking_1993": [-0.6588320136070251, -6.140122890472412], "antony-l-hosking_2012": [-7.107332229614258, -11.911957740783691], "antony-l-hosking_1991": [7.2524919509887695, 6.594563961029053], "antony-l-hosking_1998": [-3.077397346496582, -9.804313659667969], "antony-l-hosking_1992": [-0.43687552213668823, -4.76547908782959], "antony-l-hosking_2013": [15.521262168884277, 11.147846221923828], "antony-l-hosking_1997": [-4.93897008895874, -9.836858749389648], "antony-l-hosking_2010": [-12.370888710021973, -15.630075454711914], "antony-l-hosking_1994": [-4.652883529663086, -12.207636833190918], "antony-l-hosking_2008": [14.843558311462402, 11.522149085998535], "antony-l-hosking_1996": [-3.714991807937622, -10.105183601379395], "antony-l-hosking_2017": [-10.727980613708496, -13.635713577270508], "kathryn-mckinley_2009": [-13.908465385437012, -17.90244483947754], "kathryn-mckinley_2004": [-16.942073822021484, -23.583898544311523], "kathryn-mckinley_1994": [-1.2532724142074585, 1.7033178806304932], "kathryn-mckinley_1998": [-7.776956081390381, -13.963079452514648], "kathryn-mckinley_1990": [6.232839107513428, 15.223990440368652], "kathryn-mckinley_1995": [12.57725715637207, 5.414289474487305], "kathryn-mckinley_2006": [-15.233582496643066, -22.50221061706543], "kathryn-mckinley_2015": [-10.243160247802734, -18.02972412109375], "kathryn-mckinley_1991": [-5.5889668464660645, -14.543631553649902], "kathryn-mckinley_2013": [-9.805802345275879, -19.191314697265625], "kathryn-mckinley_2007": [-15.334073066711426, -18.930814743041992], "kathryn-mckinley_2016": [-7.177526950836182, -17.918354034423828], "kathryn-mckinley_2011": [-9.942513465881348, -18.577289581298828], "kathryn-mckinley_2000": [-9.474860191345215, -10.359305381774902], "kathryn-mckinley_2018": [14.241786003112793, 12.054089546203613], "kathryn-mckinley_2008": [-16.106481552124023, -23.112510681152344], "kathryn-mckinley_2003": [-9.282357215881348, -16.8147029876709], "kathryn-mckinley_1997": [5.778808116912842, 5.290169715881348], "kathryn-mckinley_2010": [-15.488835334777832, -18.83995246887207], "kathryn-mckinley_1996": [-6.949124336242676, -14.701300621032715], "kathryn-mckinley_2005": [-7.497680187225342, -18.335552215576172], "kathryn-mckinley_1992": [3.602607488632202, 5.483741760253906], "kathryn-mckinley_1993": [-1.8722819089889526, 1.9591494798660278], "kathryn-mckinley_2012": [-8.46180534362793, -18.30771827697754], "kathryn-mckinley_2002": [-15.74952220916748, -21.585901260375977], "kathryn-mckinley_2001": [-8.802783012390137, -14.513833999633789], "kathryn-mckinley_2017": [-7.730112075805664, -16.665409088134766], "kathryn-mckinley_1999": [-7.781486511230469, -15.641592025756836], "kathryn-mckinley_2014": [-12.359469413757324, -18.68663787841797], "kathryn-mckinley_1989": [12.241401672363281, 6.141079902648926], "POPL_1993": [1.7921547889709473, 9.612180709838867], "POPL_2017": [-9.603344917297363, -13.259392738342285], "POPL_1980": [10.949139595031738, 14.699052810668945], "POPL_2001": [3.1607275009155273, 13.672067642211914], "POPL_2016": [-5.683107376098633, -8.53424072265625], "POPL_2005": [-2.9117679595947266, 5.691720008850098], "POPL_1996": [3.1971194744110107, 10.310304641723633], "POPL_1988": [6.240901470184326, 12.513768196105957], "POPL_2006": [-3.6148290634155273, 4.389642238616943], "POPL_2007": [-4.305698394775391, 5.8951897621154785], "POPL_1991": [4.661019325256348, 11.394352912902832], "POPL_1977": [11.983475685119629, 14.477235794067383], "POPL_1982": [6.9423112869262695, 13.526415824890137], "POPL_2004": [-2.891151189804077, 6.72910213470459], "POPL_1989": [4.426327705383301, 12.166690826416016], "POPL_1981": [10.169986724853516, 13.595036506652832], "POPL_2000": [3.0649404525756836, 13.445839881896973], "POPL_2013": [-4.7397379875183105, 2.5806398391723633], "POPL_1987": [8.73258113861084, 13.346216201782227], "POPL_1986": [7.978628158569336, 12.710967063903809], "POPL_1973": [12.775296211242676, 14.207489967346191], "POPL_1978": [11.868852615356445, 13.849834442138672], "POPL_1995": [2.3902883529663086, 10.239792823791504], "POPL_1985": [6.619755268096924, 14.10909366607666], "POPL_1976": [11.687594413757324, 12.333571434020996], "POPL_2009": [-4.077211856842041, 4.053054332733154], "POPL_1984": [8.046835899353027, 14.454872131347656], "POPL_2012": [-4.714084625244141, -0.6642776727676392], "POPL_2010": [-5.501293659210205, 1.1492345333099365], "POPL_1999": [1.2133350372314453, 10.330717086791992], "POPL_2014": [-5.628571510314941, -0.94815593957901], "POPL_1983": [7.943930625915527, 13.758943557739258], "POPL_1975": [13.074417114257812, 12.391602516174316], "POPL_2002": [-2.1586039066314697, 6.901405334472656], "POPL_2003": [5.09075403213501, 8.361857414245605], "POPL_2011": [-5.674604892730713, 0.20521339774131775], "POPL_2008": [-3.5865774154663086, 5.113648891448975], "POPL_1994": [2.780729293823242, 11.220463752746582], "POPL_1992": [7.056654453277588, 10.69995403289795], "POPL_2015": [-4.6553874015808105, 0.3813280463218689], "POPL_1997": [2.2915894985198975, 11.252538681030273], "POPL_1998": [0.9378686547279358, 9.167722702026367], "POPL_1979": [11.349202156066895, 13.61243724822998], "PLDI_2015": [-7.997518062591553, -11.488397598266602], "PLDI_1991": [2.914186477661133, 7.092371940612793], "PLDI_2018": [-3.8175785541534424, -5.69753885269165], "PLDI_1996": [0.6633437871932983, 2.8117363452911377],