{"steve-blackburn_2004": [156.06773376464844, -553.689453125], "steve-blackburn_1999": [560.8541870117188, 244.97189331054688], "steve-blackburn_2011": [-45.73320770263672, 416.2645263671875], "steve-blackburn_2006": [192.0584259033203, -616.3611450195312], "steve-blackburn_2000": [5.284040451049805, 530.2877807617188], "steve-blackburn_2015": [39.78719711303711, -406.0625915527344], "steve-blackburn_2005": [110.20182800292969, -335.14801025390625], "steve-blackburn_1998": [-2179.28515625, 216.96401977539062], "steve-blackburn_2016": [104.47225189208984, -422.09515380859375], "steve-blackburn_1996": [-369.8733215332031, 332.2879333496094], "steve-blackburn_2001": [-87.63356018066406, 498.23492431640625], "steve-blackburn_2018": [-509.07318115234375, 35.110939025878906], "steve-blackburn_2010": [81.68217468261719, -498.623046875], "steve-blackburn_2012": [14.087104797363281, 395.7818603515625], "steve-blackburn_2013": [-3.5825774669647217, -483.1064453125], "steve-blackburn_1997": [629.1906127929688, 182.07627868652344], "steve-blackburn_2002": [235.4061279296875, -549.9967041015625], "steve-blackburn_2003": [-239.42555236816406, 386.2191162109375], "steve-blackburn_2014": [6.8654608726501465, -557.1729125976562], "steve-blackburn_2008": [243.92999267578125, -239.52638244628906], "steve-blackburn_2009": [83.87399291992188, -591.2506103515625], "steve-blackburn_2007": [-165.8407440185547, 433.239990234375], "antony-l-hosking_2011": [302.67657470703125, -274.68072509765625], "antony-l-hosking_2016": [141.977294921875, 469.6733093261719], "antony-l-hosking_2009": [599.1365356445312, -66.34573364257812], "antony-l-hosking_2007": [90.24987030029297, 428.3402404785156], "antony-l-hosking_2006": [165.18649291992188, -269.9941101074219], "antony-l-hosking_2004": [211.16220092773438, -319.56634521484375], "antony-l-hosking_1995": [276.2658996582031, 601.9337158203125], "antony-l-hosking_2015": [-35.52519607543945, 325.8290710449219], "antony-l-hosking_1999": [278.7969055175781, -350.3207092285156], "antony-l-hosking_2014": [-119.60810852050781, 341.7442321777344], "antony-l-hosking_2005": [232.520263671875, -409.7164306640625], "antony-l-hosking_1990": [228.554931640625, 519.5534057617188], "antony-l-hosking_2003": [0.6425305604934692, -306.4065856933594], "antony-l-hosking_2001": [166.8975830078125, -476.9630126953125], "antony-l-hosking_2018": [-535.98388671875, -161.2974395751953], "antony-l-hosking_2000": [161.75448608398438, 407.4000244140625], "antony-l-hosking_1993": [137.81101989746094, 540.1571655273438], "antony-l-hosking_2012": [60.0696907043457, 341.0254821777344], "antony-l-hosking_1991": [377.96319580078125, 469.66302490234375], "antony-l-hosking_1998": [56.80597686767578, 497.7461853027344], "antony-l-hosking_1992": [178.54534912109375, 602.4804077148438], "antony-l-hosking_2013": [-309.1832275390625, -158.4254913330078], "antony-l-hosking_1997": [168.24267578125, -386.48699951171875], "antony-l-hosking_2010": [20.909109115600586, 279.7677001953125], "antony-l-hosking_1994": [318.61968994140625, -418.8747253417969], "antony-l-hosking_2008": [-466.31097412109375, -174.26986694335938], "antony-l-hosking_1996": [81.11460876464844, 591.1249389648438], "antony-l-hosking_2017": [-246.34336853027344, 479.8721923828125], "kathryn-mckinley_2009": [268.5568542480469, 346.2912902832031], "kathryn-mckinley_2004": [135.46841430664062, 348.4801330566406], "kathryn-mckinley_1994": [405.3956298828125, -193.78314208984375], "kathryn-mckinley_1998": [121.50377655029297, 275.9708557128906], "kathryn-mckinley_1990": [652.8960571289062, 64.17138671875], "kathryn-mckinley_1995": [538.09375, 128.16329956054688], "kathryn-mckinley_2006": [197.5631103515625, 296.4597473144531], "kathryn-mckinley_2015": [395.1686706542969, 159.41087341308594], "kathryn-mckinley_1991": [432.1138000488281, 352.599853515625], "kathryn-mckinley_2013": [549.2808227539062, 33.61348342895508], "kathryn-mckinley_2007": [236.94921875, 393.5294494628906], "kathryn-mckinley_2016": [518.51123046875, -141.78163146972656], "kathryn-mckinley_2011": [518.2242431640625, -9.365437507629395], "kathryn-mckinley_2000": [477.5290832519531, 71.78536224365234], "kathryn-mckinley_2018": [-475.7148742675781, -102.17007446289062], "kathryn-mckinley_2008": [197.4571990966797, 352.4309997558594], "kathryn-mckinley_2003": [223.6163787841797, 237.5215606689453], "kathryn-mckinley_1997": [411.8286437988281, -105.10138702392578], "kathryn-mckinley_2010": [282.76947021484375, 426.142333984375], "kathryn-mckinley_1996": [452.8270263671875, 165.52581787109375], "kathryn-mckinley_2005": [494.0921630859375, -78.43865203857422], "kathryn-mckinley_1992": [441.2906188964844, -242.02615356445312], "kathryn-mckinley_1993": [454.6531982421875, 282.4979553222656], "kathryn-mckinley_2012": [294.743408203125, 220.04873657226562], "kathryn-mckinley_2002": [206.30517578125, 454.55865478515625], "kathryn-mckinley_2001": [335.1955871582031, 367.09588623046875], "kathryn-mckinley_2017": [326.7904968261719, 294.6565856933594], "kathryn-mckinley_1999": [450.31524658203125, -0.8926827907562256], "kathryn-mckinley_2014": [263.6127014160156, 285.6412353515625], "kathryn-mckinley_1989": [-115.68572235107422, -416.68243408203125], "POPL_1993": [-120.37741088867188, 73.95991516113281], "POPL_2017": [177.55001831054688, -57.628047943115234], "POPL_1980": [-410.4647216796875, -295.95233154296875], "POPL_2001": [-195.73800659179688, 237.1450958251953], "POPL_2016": [221.75611877441406, -96.29932403564453], "POPL_2005": [30.51011848449707, -161.00067138671875], "POPL_1996": [-137.78793334960938, -67.45158386230469], "POPL_1988": [-178.0026397705078, 68.70816040039062], "POPL_2006": [123.18409729003906, -87.50239562988281], "POPL_2007": [-24.003524780273438, -199.9812469482422], "POPL_1991": [-143.6634979248047, -243.81893920898438], "POPL_1977": [-398.1586608886719, 204.9732208251953], "POPL_1982": [-274.5750732421875, -254.0646514892578], "POPL_2004": [34.13922119140625, -234.50030517578125], "POPL_1989": [-567.9472045898438, -6.9940361976623535], "POPL_1981": [-335.15020751953125, -222.60789489746094], "POPL_2000": [-102.08325958251953, -179.9228973388672], "POPL_2013": [-32.644596099853516, -135.45729064941406], "POPL_1987": [-263.6511535644531, -193.2725372314453], "POPL_1986": [-248.14857482910156, 176.26248168945312], "POPL_1973": [-561.4568481445312, 108.53443145751953], "POPL_1978": [-314.1310729980469, 224.1182098388672], "POPL_1995": [-122.9841079711914, 134.2690887451172], "POPL_1985": [-182.67037963867188, -308.9183044433594], "POPL_1976": [-266.6435241699219, -324.4379577636719], "POPL_2009": [17.0400390625, -101.1960220336914], "POPL_1984": [-223.5419158935547, -153.15176391601562], "POPL_2012": [71.43080139160156, -62.37958526611328], "POPL_2010": [129.319091796875, -147.84510803222656], "POPL_1999": [-86.83268737792969, 209.2852783203125], "POPL_2014": [73.2654800415039, -120.64671325683594], "POPL_1983": [-213.16546630859375, -238.6533203125], "POPL_1975": [-478.76422119140625, 95.36448669433594], "POPL_2002": [67.3461685180664, 116.57313537597656], "POPL_2003": [-85.25277709960938, -111.00236511230469], "POPL_2011": [67.63753509521484, -3.6783974170684814], "POPL_2008": [85.70918273925781, -194.4373321533203], "POPL_1994": [-168.94273376464844, 171.91551208496094], "POPL_1992": [-211.3478546142578, 117.35176849365234], "POPL_2015": [13.84725284576416, 8.340028762817383], "POPL_1997": [-81.91992950439453, -257.2826843261719], "POPL_1998": [120.50212097167969, -17.142587661743164], "POPL_1979": [-339.47076416015625, -293.9223327636719], "PLDI_2015": [330.2184143066406, 51.48219680786133], "PLDI_1991": [-150.79644775390625, -123.87506103515625], "PLDI_2018": [99.77084350585938, 55.1566162109375], "PLDI_1996": [19.326961517333984, -42.78752136230469], "PLDI_2001": [107.09149932861328, 166.07345581054688], "PLDI_2016": [389.9229736328125, 86.86963653564453], "PLDI_2004": [201.9989013671875, 68.74867248535156],