{"steve-blackburn_2004": [-49.49529266357422, -20.689241409301758], "steve-blackburn_1999": [38.223976135253906, 5.838197231292725], "steve-blackburn_2011": [-37.55186080932617, -11.873228073120117], "steve-blackburn_2006": [-41.42522430419922, -19.8597469329834], "steve-blackburn_2000": [-13.675627708435059, -16.20480728149414], "steve-blackburn_2015": [-39.70906066894531, -17.693729400634766], "steve-blackburn_2005": [-32.452030181884766, -14.29316234588623], "steve-blackburn_1998": [39.437747955322266, 6.6550140380859375], "steve-blackburn_2016": [-43.29444122314453, -16.6500244140625], "steve-blackburn_1996": [44.284576416015625, 19.156848907470703], "steve-blackburn_2001": [-25.99515724182129, -18.283815383911133], "steve-blackburn_2018": [45.282318115234375, 16.680051803588867], "steve-blackburn_2010": [-30.568391799926758, -16.988056182861328], "steve-blackburn_2012": [-48.397029876708984, -15.646642684936523], "steve-blackburn_2013": [-33.61991882324219, -12.554122924804688], "steve-blackburn_1997": [39.75434112548828, 6.827744960784912], "steve-blackburn_2002": [-46.32762145996094, -20.328535079956055], "steve-blackburn_2003": [-43.20353317260742, -19.864643096923828], "steve-blackburn_2014": [-43.82058334350586, -14.959978103637695], "steve-blackburn_2008": [-26.46868324279785, -16.58172607421875], "steve-blackburn_2009": [-35.69806671142578, -18.076200485229492], "steve-blackburn_2007": [-40.333770751953125, -21.016231536865234], "antony-l-hosking_2011": [-50.53324890136719, -20.56353187561035], "antony-l-hosking_2016": [-28.311471939086914, -15.237597465515137], "antony-l-hosking_2009": [-17.70023536682129, -5.66790246963501], "antony-l-hosking_2007": [-17.313236236572266, -16.423917770385742], "antony-l-hosking_2006": [-47.233150482177734, -20.830089569091797], "antony-l-hosking_2004": [-47.31199264526367, -21.85015106201172], "antony-l-hosking_1995": [-15.303787231445312, -17.707077026367188], "antony-l-hosking_2015": [-43.681175231933594, -18.32050132751465], "antony-l-hosking_1999": [-45.81099319458008, -22.832796096801758], "antony-l-hosking_2014": [6.912724018096924, -1.6477314233779907], "antony-l-hosking_2005": [-26.960433959960938, -12.527372360229492], "antony-l-hosking_1990": [-20.4500789642334, -15.764542579650879], "antony-l-hosking_2003": [19.413373947143555, 2.434260845184326], "antony-l-hosking_2001": [-40.21086120605469, -19.313764572143555], "antony-l-hosking_2018": [47.38682174682617, 15.103391647338867], "antony-l-hosking_2000": [-24.148069381713867, -16.484098434448242], "antony-l-hosking_1993": [-4.4524383544921875, -1.1650840044021606], "antony-l-hosking_2012": [-21.403974533081055, -14.124454498291016], "antony-l-hosking_1991": [18.801156997680664, 5.925864219665527], "antony-l-hosking_1998": [-14.496500015258789, -14.657605171203613], "antony-l-hosking_1992": [-3.060270309448242, -1.6331989765167236], "antony-l-hosking_2013": [46.77481460571289, 16.624473571777344], "antony-l-hosking_1997": [-16.29694175720215, -13.047101974487305], "antony-l-hosking_2010": [-29.640811920166016, -16.951412200927734], "antony-l-hosking_1994": [-18.885889053344727, -16.554439544677734], "antony-l-hosking_2008": [44.830265045166016, 15.391494750976562], "antony-l-hosking_1996": [-15.945754051208496, -14.728658676147461], "antony-l-hosking_2017": [-25.97930908203125, -15.470211029052734], "kathryn-mckinley_2009": [-35.88154220581055, -17.30767059326172], "kathryn-mckinley_2004": [-47.71861267089844, -16.83848762512207], "kathryn-mckinley_1994": [3.5884859561920166, -10.323090553283691], "kathryn-mckinley_1998": [-25.311145782470703, -10.192256927490234], "kathryn-mckinley_1990": [26.322450637817383, 19.620746612548828], "kathryn-mckinley_1995": [28.852277755737305, 2.3632781505584717], "kathryn-mckinley_2006": [-45.2864990234375, -15.621469497680664], "kathryn-mckinley_2015": [-32.399925231933594, -9.643241882324219], "kathryn-mckinley_1991": [-8.733717918395996, -13.109262466430664], "kathryn-mckinley_2013": [-34.07384490966797, -8.397221565246582], "kathryn-mckinley_2007": [-38.37990951538086, -18.537694931030273], "kathryn-mckinley_2016": [-29.944169998168945, -5.536687850952148], "kathryn-mckinley_2011": [-33.131595611572266, -8.928139686584473], "kathryn-mckinley_2000": [-25.076650619506836, -6.212210655212402], "kathryn-mckinley_2018": [44.08232116699219, 14.211413383483887], "kathryn-mckinley_2008": [-46.54433822631836, -16.240270614624023], "kathryn-mckinley_2003": [-29.53407096862793, -9.0559663772583], "kathryn-mckinley_1997": [15.979921340942383, 5.8792338371276855], "kathryn-mckinley_2010": [-38.49848937988281, -19.241071701049805], "kathryn-mckinley_1996": [-25.59229850769043, -8.380197525024414], "kathryn-mckinley_2005": [-30.994884490966797, -5.607726097106934], "kathryn-mckinley_1992": [12.84165096282959, -4.532093524932861], "kathryn-mckinley_1993": [2.9559881687164307, -11.585773468017578], "kathryn-mckinley_2012": [-31.566865921020508, -6.986015319824219], "kathryn-mckinley_2002": [-44.56119155883789, -16.72637367248535], "kathryn-mckinley_2001": [-26.146974563598633, -10.999064445495605], "kathryn-mckinley_2017": [-28.140310287475586, -6.839880466461182], "kathryn-mckinley_1999": [-26.367231369018555, -7.40409517288208], "kathryn-mckinley_2014": [-34.93272399902344, -12.599421501159668], "kathryn-mckinley_1989": [28.266183853149414, 3.610929250717163], "POPL_1993": [16.57947540283203, 15.92422866821289], "POPL_2017": [-24.709543228149414, -13.368858337402344], "POPL_1980": [34.228431701660156, 14.61925220489502], "POPL_2001": [22.89613914489746, -1.2328643798828125], "POPL_2016": [-14.615174293518066, -9.858663558959961], "POPL_2005": [6.009632587432861, 11.854314804077148], "POPL_1996": [19.071243286132812, 15.873262405395508], "POPL_1988": [26.310922622680664, 15.85883617401123], "POPL_2006": [4.863657474517822, 9.585073471069336], "POPL_2007": [6.846222877502441, 9.95630931854248], "POPL_1991": [21.90711784362793, 16.30841636657715], "POPL_1977": [35.86521911621094, 13.775216102600098], "POPL_1982": [27.663400650024414, 17.117162704467773], "POPL_2004": [7.47023344039917, 12.166927337646484], "POPL_1989": [22.237308502197266, 17.645673751831055], "POPL_1981": [32.13759231567383, 16.355674743652344], "POPL_2000": [22.3262882232666, -0.9793314337730408], "POPL_2013": [1.7346383333206177, 8.308865547180176], "POPL_1987": [30.66061782836914, 17.162790298461914], "POPL_1986": [30.739728927612305, 18.513553619384766], "POPL_1973": [37.24424362182617, 13.681110382080078], "POPL_1978": [36.097110748291016, 14.746965408325195], "POPL_1995": [17.80377197265625, 16.227468490600586], "POPL_1985": [27.230390548706055, 18.226314544677734], "POPL_1976": [37.31181335449219, 16.125877380371094], "POPL_2009": [3.7843291759490967, 9.682168006896973], "POPL_1984": [29.025087356567383, 18.821653366088867], "POPL_2012": [-0.8733002543449402, 5.737913608551025], "POPL_2010": [-0.6047442555427551, 8.432334899902344], "POPL_1999": [15.902737617492676, 14.522862434387207], "POPL_2014": [-2.345229387283325, 6.074106693267822], "POPL_1983": [29.29230308532715, 17.108829498291016], "POPL_1975": [41.41582107543945, 15.013118743896484], "POPL_2002": [7.688439846038818, 13.228715896606445], "POPL_2003": [18.22956657409668, 0.3608309328556061], "POPL_2011": [-1.7191662788391113, 8.056720733642578], "POPL_2008": [5.105515480041504, 10.889849662780762], "POPL_1994": [18.895891189575195, 17.67815399169922], "POPL_1992": [25.39229965209961, 13.148893356323242], "POPL_2015": [-0.07076099514961243, 6.580385684967041], "POPL_1997": [18.004188537597656, 17.86113166809082], "POPL_1998": [15.234064102172852, 16.1927433013916], "POPL_1979": [35.463417053222656, 15.650272369384766], "PLDI_2015": [-22.141809463500977, -12.406989097595215], "PLDI_1991": [14.39240837097168, -6.3142523765563965], "PLDI_2018": [-8.292258262634277, -5.294994831085205], "PLDI_1996": [6.392189025878906, -7.0935821533203125], "PLDI_2001": [-0.467500776052475, -7.23138427734375],