{"cheng-soon-ong_2007": [5.54573917388916, 15.040715217590332], "cheng-soon-ong_2015": [8.94809341430664, 14.534534454345703], "cheng-soon-ong_2016": [6.202808380126953, 15.55059814453125], "cheng-soon-ong_2008": [3.9267497062683105, 15.102879524230957], "cheng-soon-ong_2005": [6.348329544067383, 14.26303768157959], "cheng-soon-ong_2009": [3.0522348880767822, 14.903697967529297], "cheng-soon-ong_2014": [2.550238609313965, 14.79250431060791], "cheng-soon-ong_2017": [0.6655669808387756, 9.512758255004883], "cheng-soon-ong_2006": [3.8442602157592773, 15.066604614257812], "cheng-soon-ong_2003": [9.270275115966797, 13.195813179016113], "cheng-soon-ong_2004": [7.281133651733398, 8.733819007873535], "robert-c-williamson_2014": [5.681718349456787, 12.086984634399414], "robert-c-williamson_2007": [3.3096752166748047, 7.191647529602051], "robert-c-williamson_2002": [9.042171478271484, 10.685602188110352], "robert-c-williamson_1998": [10.10211181640625, 7.148110866546631], "robert-c-williamson_1999": [11.157649993896484, 8.579876899719238], "robert-c-williamson_2001": [10.695843696594238, 8.410682678222656], "robert-c-williamson_2006": [8.645515441894531, 8.091537475585938], "robert-c-williamson_1996": [10.266867637634277, 7.142862319946289], "robert-c-williamson_1988": [2.3253936767578125, -3.2749316692352295], "robert-c-williamson_2011": [6.093932628631592, 12.546036720275879], "robert-c-williamson_2003": [9.470157623291016, 3.3263349533081055], "robert-c-williamson_1994": [9.344225883483887, 6.912202835083008], "robert-c-williamson_1993": [7.213017463684082, 0.5049790740013123], "robert-c-williamson_2000": [11.134210586547852, 8.682693481445312], "robert-c-williamson_1992": [8.668414115905762, 1.9140926599502563], "robert-c-williamson_1991": [-0.006891707424074411, -0.5859357118606567], "robert-c-williamson_2015": [6.408813953399658, 12.770222663879395], "robert-c-williamson_2010": [4.930962562561035, 10.314404487609863], "robert-c-williamson_1995": [10.976627349853516, 6.101987361907959], "robert-c-williamson_2018": [3.008669853210449, 3.9316980838775635], "robert-c-williamson_2005": [5.325501441955566, 9.825187683105469], "robert-c-williamson_2016": [6.950535774230957, 13.405847549438477], "robert-c-williamson_1997": [10.974542617797852, 6.048410415649414], "robert-c-williamson_1990": [0.23126427829265594, -0.9123464226722717], "robert-c-williamson_2017": [1.2713440656661987, 9.539912223815918], "robert-c-williamson_2009": [8.779240608215332, 2.983318328857422], "robert-c-williamson_2008": [8.485116004943848, 2.637530565261841], "robert-c-williamson_2012": [5.4748430252075195, 11.83118724822998], "robert-c-williamson_1985": [2.1116316318511963, -2.873748779296875], "robert-c-williamson_1987": [1.5122359991073608, -3.4373624324798584], "robert-c-williamson_2004": [8.291509628295898, 9.418001174926758], "alexander-j-smola_1998": [8.900556564331055, 9.397369384765625], "alexander-j-smola_2007": [7.546720027923584, 13.750001907348633], "alexander-j-smola_2005": [8.18440055847168, 12.37598991394043], "alexander-j-smola_1999": [9.937868118286133, 9.814336776733398], "alexander-j-smola_2010": [8.234476089477539, 13.97168254852295], "alexander-j-smola_2004": [8.847434997558594, 11.925313949584961], "alexander-j-smola_2018": [1.3103837966918945, 11.206828117370605], "alexander-j-smola_2003": [8.8632173538208, 12.373787879943848], "alexander-j-smola_2006": [8.391602516174316, 12.385534286499023], "alexander-j-smola_2016": [7.701147079467773, 15.948864936828613], "alexander-j-smola_2000": [9.747698783874512, 10.580081939697266], "alexander-j-smola_1992": [2.080968141555786, -2.8970937728881836], "alexander-j-smola_2001": [9.380061149597168, 9.0982084274292], "alexander-j-smola_2008": [8.078524589538574, 13.799478530883789], "alexander-j-smola_2017": [1.3358957767486572, 11.278361320495605], "alexander-j-smola_2009": [8.324909210205078, 13.65890884399414], "alexander-j-smola_2013": [-6.43882942199707, 7.578650951385498], "alexander-j-smola_2014": [7.758549690246582, 14.601426124572754], "alexander-j-smola_2012": [7.579972267150879, 14.20773983001709], "alexander-j-smola_2015": [7.727906703948975, 15.483807563781738], "alexander-j-smola_2011": [6.460805892944336, 10.143285751342773], "alexander-j-smola_2002": [8.265043258666992, 9.240850448608398], "alexander-j-smola_1997": [6.875160217285156, 4.094385623931885], "alexander-j-smola_1995": [2.3512392044067383, -3.39607310295105], "alexander-j-smola_1996": [2.024897336959839, -3.9343438148498535], "ICWSM_2007": [-6.332460880279541, 5.1563801765441895], "ICWSM_2008": [-5.549703121185303, 4.563297271728516], "ICWSM_2017": [-3.790201187133789, 6.960084438323975], "ICWSM_2015": [-3.9076528549194336, 7.010476112365723], "ICWSM_2012": [-3.983933448791504, 8.288328170776367], "ICWSM_2010": [-4.938141345977783, 5.688405513763428], "ICWSM_2011": [-4.391554355621338, 8.23493766784668], "ICWSM_2014": [-3.944693088531494, 8.219690322875977], "ICWSM_2013": [-3.9316539764404297, 8.397056579589844], "ICWSM_2009": [-5.080978870391846, 5.767500877380371], "ICWSM_2016": [-3.8422648906707764, 7.028034687042236], "ICWSM_2006": [-0.8277291655540466, -6.747021198272705], "WSDM_2011": [-7.7680134773254395, 9.689107894897461], "WSDM_2016": [-7.155827045440674, 9.60507583618164], "WSDM_2009": [-7.929466724395752, 7.817265510559082], "WSDM_2018": [-7.190651893615723, 10.269264221191406], "WSDM_2012": [-7.59338903427124, 9.432884216308594], "WSDM_2017": [-7.398351669311523, 10.15067195892334], "WSDM_2014": [-7.3038716316223145, 9.48056411743164], "WSDM_2010": [-7.802084445953369, 8.03615951538086], "WSDM_2013": [-7.16494083404541, 9.524685859680176], "WSDM_2015": [-7.333861351013184, 8.192815780639648], "WSDM_2008": [-6.9184250831604, 5.907251358032227], "CIKM_2008": [-4.100327491760254, 0.10524136573076248], "CIKM_2012": [-8.263671875, 4.689123153686523], "CIKM_2009": [-8.49934196472168, 3.9606640338897705], "CIKM_2006": [-4.206338882446289, -0.883503794670105], "CIKM_2005": [-3.6699962615966797, -1.2328581809997559], "CIKM_2013": [-7.777427673339844, 4.631299018859863], "CIKM_2011": [-8.461287498474121, 3.90031099319458], "CIKM_2015": [-7.526246070861816, 3.819477081298828], "CIKM_2003": [-1.747983694076538, -1.621678113937378], "CIKM_2010": [-8.218771934509277, 3.8426120281219482], "CIKM_2002": [-3.619767665863037, -2.754896402359009], "CIKM_1994": [-1.7688020467758179, -3.6799941062927246], "CIKM_2007": [-3.700139045715332, -0.31714481115341187], "CIKM_2017": [-7.0901713371276855, 4.086999416351318], "CIKM_2016": [-7.501288414001465, 4.206037998199463], "CIKM_2014": [-7.9338297843933105, 4.205868244171143], "CIKM_1993": [-2.5109703540802, -4.132641792297363], "CIKM_1995": [-1.5740113258361816, -4.15643835067749], "CIKM_2004": [-3.359452962875366, -1.5681811571121216], "CIKM_2001": [-2.9967517852783203, -2.4043521881103516], "CIKM_2000": [-3.3070263862609863, -2.804579496383667], "CIKM_1997": [-0.7501246333122253, -3.4638681411743164], "CIKM_1999": [-2.884226083755493, -2.962010383605957], "CIKM_1998": [-2.216193437576294, -3.3059439659118652], "CIKM_1992": [0.27452048659324646, -3.456254243850708], "CIKM_1996": [-1.4134917259216309, -3.5962765216827393], "ICML_2005": [4.473845481872559, 5.309950828552246], "ICML_2010": [5.031622886657715, 5.712380886077881], "ICML_1989": [8.699921607971191, -3.8357956409454346], "ICML_1991": [7.829171180725098, -4.198731422424316], "ICML_2016": [3.775047779083252, 9.693018913269043], "ICML_2014": [4.841749668121338, 9.063732147216797], "ICML_2017": [2.6745362281799316, 9.61221694946289], "ICML_2013": [5.185914039611816, 9.022043228149414], "ICML_2018": [2.383361339569092, 9.481924057006836], "ICML_2008": [4.4659624099731445, 6.289949417114258], "ICML_2003": [4.772836208343506, 4.66806173324585], "ICML_2006": [4.79069185256958, 6.006812572479248], "ICML_2000": [3.937518358230591, 1.6433213949203491], "ICML_2007": [5.195278644561768, 5.364907741546631], "ICML_2004": [5.394964694976807, 4.124523162841797],