{"cheng-soon-ong_2007": [48.696353912353516, -33.11848831176758], "cheng-soon-ong_2015": [45.32053756713867, -31.940715789794922], "cheng-soon-ong_2016": [45.16689682006836, -33.83552169799805], "cheng-soon-ong_2008": [50.55274963378906, -32.2105712890625], "cheng-soon-ong_2005": [46.94623565673828, -29.251094818115234], "cheng-soon-ong_2009": [50.30331802368164, -34.68691635131836], "cheng-soon-ong_2014": [50.96312713623047, -35.81874465942383], "cheng-soon-ong_2017": [26.224510192871094, -36.947505950927734], "cheng-soon-ong_2006": [49.51254653930664, -33.274662017822266], "cheng-soon-ong_2003": [45.497596740722656, -29.030229568481445], "cheng-soon-ong_2004": [36.08599090576172, -28.474000930786133], "robert-c-williamson_2014": [39.65144729614258, -32.59642028808594], "robert-c-williamson_2007": [35.7364501953125, -34.71551513671875], "robert-c-williamson_2002": [34.72557067871094, -22.572147369384766], "robert-c-williamson_1998": [31.38058853149414, -10.436588287353516], "robert-c-williamson_1999": [29.82285499572754, -14.248420715332031], "robert-c-williamson_2001": [31.065210342407227, -13.653923034667969], "robert-c-williamson_2006": [35.96245574951172, -23.080039978027344], "robert-c-williamson_1996": [30.11168670654297, -11.916820526123047], "robert-c-williamson_1988": [13.049070358276367, 9.532657623291016], "robert-c-williamson_2011": [42.455875396728516, -32.936126708984375], "robert-c-williamson_2003": [27.561962127685547, -14.959758758544922], "robert-c-williamson_1994": [31.85300064086914, -12.264846801757812], "robert-c-williamson_1993": [23.126535415649414, 18.48566436767578], "robert-c-williamson_2000": [29.30490493774414, -15.068504333496094], "robert-c-williamson_1992": [26.175689697265625, -15.126039505004883], "robert-c-williamson_1991": [35.047760009765625, -16.464712142944336], "robert-c-williamson_2015": [40.52440643310547, -32.81736755371094], "robert-c-williamson_2010": [40.56578063964844, -34.5048942565918], "robert-c-williamson_1995": [28.44317054748535, -10.916838645935059], "robert-c-williamson_2018": [20.856266021728516, 5.38551139831543], "robert-c-williamson_2005": [34.73997497558594, -33.90312957763672], "robert-c-williamson_2016": [44.27788162231445, -33.108638763427734], "robert-c-williamson_1997": [27.707368850708008, -10.274338722229004], "robert-c-williamson_1990": [36.23313903808594, -16.048276901245117], "robert-c-williamson_2017": [27.177053451538086, -37.6684455871582], "robert-c-williamson_2009": [36.102622985839844, -9.062487602233887], "robert-c-williamson_2008": [35.631351470947266, -9.0654935836792], "robert-c-williamson_2012": [40.93250274658203, -31.83307456970215], "robert-c-williamson_1985": [-9.57325553894043, 50.81541442871094], "robert-c-williamson_1987": [-7.950291633605957, 52.15381622314453], "robert-c-williamson_2004": [43.93118667602539, -28.905107498168945], "alexander-j-smola_1998": [32.485260009765625, -19.13401222229004], "alexander-j-smola_2007": [31.628690719604492, -27.33229637145996], "alexander-j-smola_2005": [31.690444946289062, -26.203569412231445], "alexander-j-smola_1999": [31.22927474975586, -16.65630340576172], "alexander-j-smola_2010": [32.4201545715332, -30.88085174560547], "alexander-j-smola_2004": [34.998355865478516, -27.277971267700195], "alexander-j-smola_2018": [27.340192794799805, -39.87423324584961], "alexander-j-smola_2003": [33.65352249145508, -26.157506942749023], "alexander-j-smola_2006": [32.64628601074219, -26.798221588134766], "alexander-j-smola_2016": [29.04313850402832, -37.77363204956055], "alexander-j-smola_2000": [32.71744918823242, -17.523799896240234], "alexander-j-smola_1992": [-10.712573051452637, 49.307411193847656], "alexander-j-smola_2001": [33.078346252441406, -17.222457885742188], "alexander-j-smola_2008": [33.42958450317383, -31.000974655151367], "alexander-j-smola_2017": [26.319746017456055, -41.854278564453125], "alexander-j-smola_2009": [31.92224884033203, -30.038532257080078], "alexander-j-smola_2013": [28.791566848754883, -30.530406951904297], "alexander-j-smola_2014": [30.867107391357422, -35.88264846801758], "alexander-j-smola_2012": [32.89105987548828, -34.726829528808594], "alexander-j-smola_2015": [30.34638023376465, -36.3580322265625], "alexander-j-smola_2011": [30.005962371826172, -30.17763328552246], "alexander-j-smola_2002": [33.0429801940918, -21.026342391967773], "alexander-j-smola_1997": [26.749908447265625, 4.518613338470459], "alexander-j-smola_1995": [-9.461155891418457, 52.15439224243164], "alexander-j-smola_1996": [-8.074130058288574, 50.625125885009766], "ICWSM_2007": [-26.338966369628906, -39.72640609741211], "ICWSM_2008": [-26.972883224487305, -40.96638870239258], "ICWSM_2017": [-29.52376365661621, -44.343387603759766], "ICWSM_2015": [-28.454561233520508, -47.40699768066406], "ICWSM_2012": [-27.836288452148438, -45.77351760864258], "ICWSM_2010": [-26.909439086914062, -42.32048797607422], "ICWSM_2011": [-26.936965942382812, -44.25831604003906], "ICWSM_2014": [-27.206581115722656, -48.42738342285156], "ICWSM_2013": [-27.45903205871582, -47.40924835205078], "ICWSM_2009": [-26.377460479736328, -41.50391387939453], "ICWSM_2016": [-29.039928436279297, -44.96981430053711], "ICWSM_2006": [-24.622821807861328, -40.910423278808594], "WSDM_2011": [22.666040420532227, -49.41496658325195], "WSDM_2016": [24.17970085144043, -45.449127197265625], "WSDM_2009": [22.46750831604004, -51.59260177612305], "WSDM_2018": [25.09337615966797, -43.935020446777344], "WSDM_2012": [22.435611724853516, -48.568824768066406], "WSDM_2017": [25.071027755737305, -47.01401901245117], "WSDM_2014": [24.064655303955078, -46.88430404663086], "WSDM_2010": [22.879854202270508, -50.72926712036133], "WSDM_2013": [23.176347732543945, -45.9890251159668], "WSDM_2015": [23.23431968688965, -44.98004913330078], "WSDM_2008": [20.853187561035156, -48.29759216308594], "CIKM_2008": [-28.187023162841797, -18.682668685913086], "CIKM_2012": [-30.82338523864746, -23.098182678222656], "CIKM_2009": [-30.24702262878418, -21.155054092407227], "CIKM_2006": [-26.953174591064453, -19.500518798828125], "CIKM_2005": [-28.054773330688477, -17.815261840820312], "CIKM_2013": [-30.33394432067871, -24.28151512145996], "CIKM_2011": [-29.50881004333496, -20.762290954589844], "CIKM_2015": [-31.149444580078125, -25.88692855834961], "CIKM_2003": [-27.26868438720703, -16.770776748657227], "CIKM_2010": [-29.934123992919922, -22.5618896484375], "CIKM_2002": [-29.34950828552246, -9.260231018066406], "CIKM_1994": [-23.191654205322266, -5.738982200622559], "CIKM_2007": [-31.487747192382812, -17.16026496887207], "CIKM_2017": [-29.52079200744629, -26.82067108154297], "CIKM_2016": [-29.646825790405273, -25.589452743530273], "CIKM_2014": [-32.257747650146484, -24.328413009643555], "CIKM_1993": [-24.234468460083008, -5.615907669067383], "CIKM_1995": [-23.347463607788086, -3.6199209690093994], "CIKM_2004": [-31.51906394958496, -16.67970848083496], "CIKM_2001": [-27.42611312866211, -10.94173526763916], "CIKM_2000": [-29.270498275756836, -8.637903213500977], "CIKM_1997": [-18.87215232849121, -5.191579818725586], "CIKM_1999": [-27.525522232055664, -10.218202590942383], "CIKM_1998": [-26.471097946166992, -8.084585189819336], "CIKM_1992": [-22.258424758911133, -6.8641276359558105], "CIKM_1996": [-22.793773651123047, -5.17009162902832], "ICML_2005": [25.663326263427734, 13.332441329956055], "ICML_2010": [20.534446716308594, 13.456215858459473], "ICML_1989": [-38.463802337646484, 15.313434600830078], "ICML_1991": [-38.14627456665039, 15.214905738830566], "ICML_2016": [22.001195907592773, 4.944465637207031], "ICML_2014": [23.149612426757812, 5.71832799911499], "ICML_2017": [18.533428192138672, 4.467360973358154], "ICML_2013": [23.51260757446289, 6.294931411743164], "ICML_2018": [17.69936752319336, 3.5267539024353027], "ICML_2008": [27.863845825195312, 10.901151657104492], "ICML_2003": [26.84210205078125, 13.791817665100098], "ICML_2006": [26.484603881835938, 10.92581558227539],