{"steve-blackburn_2004": [89.23529052734375, 81.49267578125], "steve-blackburn_1999": [-7.313985347747803, -47.93746566772461], "steve-blackburn_2011": [77.51226043701172, 46.773258209228516], "steve-blackburn_2006": [90.88398742675781, 85.23966979980469], "steve-blackburn_2000": [42.946048736572266, 50.37549591064453], "steve-blackburn_2015": [81.22965240478516, 69.69509887695312], "steve-blackburn_2005": [86.3023681640625, 62.28190994262695], "steve-blackburn_1998": [-29.798439025878906, -53.269901275634766], "steve-blackburn_2016": [84.78123474121094, 67.33702087402344], "steve-blackburn_1996": [-1.7581067085266113, -29.151826858520508], "steve-blackburn_2001": [84.92215728759766, 56.750579833984375], "steve-blackburn_2018": [-31.37329864501953, -68.49935913085938], "steve-blackburn_2010": [85.1196517944336, 73.59320068359375], "steve-blackburn_2012": [76.16895294189453, 62.31525421142578], "steve-blackburn_2013": [89.7222900390625, 70.26324462890625], "steve-blackburn_1997": [-10.0612154006958, -43.62892532348633], "steve-blackburn_2002": [93.14884948730469, 81.32841491699219], "steve-blackburn_2003": [88.23655700683594, 77.66389465332031], "steve-blackburn_2014": [92.10528564453125, 73.1673812866211], "steve-blackburn_2008": [71.86650848388672, 54.99228286743164], "steve-blackburn_2009": [80.4392318725586, 81.63126373291016], "steve-blackburn_2007": [83.16616821289062, 76.98316955566406], "antony-l-hosking_2011": [78.50408935546875, 56.259613037109375], "antony-l-hosking_2016": [61.724822998046875, 47.63655471801758], "antony-l-hosking_2009": [29.910192489624023, 33.938133239746094], "antony-l-hosking_2007": [52.41194534301758, 52.028541564941406], "antony-l-hosking_2006": [75.49803161621094, 58.0375862121582], "antony-l-hosking_2004": [72.30564880371094, 59.412837982177734], "antony-l-hosking_1995": [56.71678924560547, 61.709556579589844], "antony-l-hosking_2015": [81.25885009765625, 63.98314666748047], "antony-l-hosking_1999": [68.62793731689453, 62.896583557128906], "antony-l-hosking_2014": [56.9525032043457, 48.514617919921875], "antony-l-hosking_2005": [81.96440887451172, 52.298011779785156], "antony-l-hosking_1990": [62.788082122802734, 53.13872528076172], "antony-l-hosking_2003": [-2.405332565307617, 34.82879638671875], "antony-l-hosking_2001": [79.60685729980469, 75.09819030761719], "antony-l-hosking_2018": [-20.56884002685547, -70.47406005859375], "antony-l-hosking_2000": [51.809112548828125, 46.02433776855469], "antony-l-hosking_1993": [52.92229461669922, 56.76503372192383], "antony-l-hosking_2012": [75.46417999267578, 53.79842758178711], "antony-l-hosking_1991": [40.01388931274414, 42.65451431274414], "antony-l-hosking_1998": [46.20822525024414, 49.31492614746094], "antony-l-hosking_1992": [70.50287628173828, 50.11795425415039], "antony-l-hosking_2013": [-32.24375534057617, -72.65084838867188], "antony-l-hosking_1997": [76.73826599121094, 68.58163452148438], "antony-l-hosking_2010": [80.30262756347656, 59.59798812866211], "antony-l-hosking_1994": [70.82858276367188, 66.77206420898438], "antony-l-hosking_2008": [-28.188697814941406, -70.79116821289062], "antony-l-hosking_1996": [60.63249588012695, 57.32392120361328], "antony-l-hosking_2017": [85.38265991210938, 82.52632904052734], "kathryn-mckinley_2009": [55.3017692565918, 42.73221206665039], "kathryn-mckinley_2004": [63.65608596801758, 41.803871154785156], "kathryn-mckinley_1994": [34.939453125, 23.470041275024414], "kathryn-mckinley_1998": [62.93333435058594, 33.00764465332031], "kathryn-mckinley_1990": [-24.570404052734375, 21.00894546508789], "kathryn-mckinley_1995": [-21.704099655151367, 24.94501495361328], "kathryn-mckinley_2006": [51.91913604736328, 40.040828704833984], "kathryn-mckinley_2015": [41.523677825927734, 33.89129638671875], "kathryn-mckinley_1991": [41.82000732421875, 18.396638870239258], "kathryn-mckinley_2013": [35.64304733276367, 33.7329216003418], "kathryn-mckinley_2007": [55.81591033935547, 39.20476531982422], "kathryn-mckinley_2016": [46.39117431640625, 27.732166290283203], "kathryn-mckinley_2011": [38.58687210083008, 32.55238342285156], "kathryn-mckinley_2000": [35.19013595581055, 37.862178802490234], "kathryn-mckinley_2018": [-25.12278175354004, -72.93748474121094], "kathryn-mckinley_2008": [59.60232925415039, 43.06000518798828], "kathryn-mckinley_2003": [48.52971267700195, 36.2786865234375], "kathryn-mckinley_1997": [11.371378898620605, 27.929264068603516], "kathryn-mckinley_2010": [59.60737991333008, 39.105255126953125], "kathryn-mckinley_1996": [37.29951477050781, 27.753469467163086], "kathryn-mckinley_2005": [42.93246841430664, 29.136415481567383], "kathryn-mckinley_1992": [31.403343200683594, 23.394079208374023], "kathryn-mckinley_1993": [38.00564956665039, 19.719579696655273], "kathryn-mckinley_2012": [46.34340286254883, 31.682769775390625], "kathryn-mckinley_2002": [65.78132629394531, 45.578857421875], "kathryn-mckinley_2001": [57.00764083862305, 34.588314056396484], "kathryn-mckinley_2017": [52.54948806762695, 31.3111629486084], "kathryn-mckinley_1999": [46.90319061279297, 39.351863861083984], "kathryn-mckinley_2014": [52.64389419555664, 35.72877502441406], "kathryn-mckinley_1989": [-22.19939613342285, 30.71457862854004], "POPL_1993": [-41.26725387573242, -25.684682846069336], "POPL_2017": [-4.433209419250488, 11.211140632629395], "POPL_1980": [-49.099220275878906, -58.92316436767578], "POPL_2001": [-55.1536865234375, -34.22178649902344], "POPL_2016": [-2.9387643337249756, 8.371880531311035], "POPL_2005": [-17.603118896484375, -26.280935287475586], "POPL_1996": [-42.45060348510742, -29.887327194213867], "POPL_1988": [-43.26479721069336, -35.7959098815918], "POPL_2006": [-16.57988929748535, -22.375150680541992], "POPL_2007": [-24.70608901977539, -21.14672088623047], "POPL_1991": [-47.84659194946289, -36.181636810302734], "POPL_1977": [-40.32402038574219, -59.99479293823242], "POPL_1982": [-45.97083282470703, -48.35133743286133], "POPL_2004": [-29.494508743286133, -19.346643447875977], "POPL_1989": [-40.79815673828125, -44.23172378540039], "POPL_1981": [-43.517154693603516, -52.208824157714844], "POPL_2000": [-53.246116638183594, -32.22120666503906], "POPL_2013": [-20.749996185302734, -14.989945411682129], "POPL_1987": [-42.94368362426758, -47.315513610839844], "POPL_1986": [-45.51594161987305, -43.636146545410156], "POPL_1973": [-39.94863510131836, -64.01966857910156], "POPL_1978": [-43.40813064575195, -61.1402587890625], "POPL_1995": [-44.88896560668945, -26.713891983032227], "POPL_1985": [-52.086612701416016, -43.27946090698242], "POPL_1976": [-45.836490631103516, -64.28254699707031], "POPL_2009": [-19.6433162689209, -19.4227294921875], "POPL_1984": [-49.24951934814453, -51.094932556152344], "POPL_2012": [-11.810125350952148, -14.2131986618042], "POPL_2010": [-12.313755989074707, -22.841552734375], "POPL_1999": [-37.263099670410156, -16.260051727294922], "POPL_2014": [-11.721217155456543, -18.42264175415039], "POPL_1983": [-49.290367126464844, -46.79127502441406], "POPL_1975": [-16.30246353149414, -62.7454948425293], "POPL_2002": [-32.84673309326172, -16.175561904907227], "POPL_2003": [-37.09974670410156, -23.075342178344727], "POPL_2011": [-15.898030281066895, -18.1569766998291], "POPL_2008": [-21.01382827758789, -23.454957962036133], "POPL_1994": [-46.112060546875, -31.984893798828125], "POPL_1992": [-39.431461334228516, -40.820220947265625], "POPL_2015": [-16.860492706298828, -13.971983909606934], "POPL_1997": [-48.158668518066406, -29.175386428833008], "POPL_1998": [-40.56443405151367, -18.360916137695312], "POPL_1979": [-44.71094512939453, -58.46576690673828], "PLDI_2015": [2.8219659328460693, 25.844139099121094], "PLDI_1991": [-36.0643310546875, -33.26142501831055], "PLDI_2018": [-8.904683113098145, -2.252530336380005], "PLDI_1996": [-24.541261672973633, 2.2640740871429443], "PLDI_2001": [-14.144378662109375, 11.43322467803955], "PLDI_2016": [5.984651565551758, 23.67339324951172], "PLDI_2004": [-11.898442268371582, 13.667856216430664],