{"cheng-soon-ong_2007": [-5.920200347900391, 1.497283935546875], "cheng-soon-ong_2015": [-5.6305623054504395, 2.8629086017608643], "cheng-soon-ong_2016": [-5.602241516113281, 2.7742867469787598], "cheng-soon-ong_2008": [-6.096312522888184, 1.0017471313476562], "cheng-soon-ong_2005": [-6.016366004943848, 2.217283010482788], "cheng-soon-ong_2009": [-6.298984527587891, 0.7932044267654419], "cheng-soon-ong_2014": [-6.4440999031066895, 0.679670512676239], "cheng-soon-ong_2017": [-3.3468005657196045, -0.20738817751407623], "cheng-soon-ong_2006": [-6.086856365203857, 1.1151015758514404], "cheng-soon-ong_2003": [-5.692600727081299, 2.526639938354492], "cheng-soon-ong_2004": [-3.365713357925415, 2.922591209411621], "robert-c-williamson_2014": [-4.135011672973633, 3.0445594787597656], "robert-c-williamson_2007": [-4.521056652069092, 1.784926176071167], "robert-c-williamson_2002": [-2.564814329147339, 2.9627389907836914], "robert-c-williamson_1998": [-0.4612060785293579, 3.7862203121185303], "robert-c-williamson_1999": [-0.35646405816078186, 3.305722713470459], "robert-c-williamson_2001": [-0.4633048176765442, 3.420624017715454], "robert-c-williamson_2006": [-2.914598226547241, 3.2633564472198486], "robert-c-williamson_1996": [-0.39575743675231934, 3.437202215194702], "robert-c-williamson_1988": [4.569970607757568, -2.8613553047180176], "robert-c-williamson_2011": [-4.7168169021606445, 3.169368028640747], "robert-c-williamson_2003": [0.7092062830924988, 3.395289897918701], "robert-c-williamson_1994": [-0.3091326951980591, 3.681536912918091], "robert-c-williamson_1993": [0.6383450627326965, 1.7341309785842896], "robert-c-williamson_2000": [-0.19295315444469452, 3.2753865718841553], "robert-c-williamson_1992": [1.00998055934906, 3.240241527557373], "robert-c-williamson_1991": [-1.53548264503479, 3.7257823944091797], "robert-c-williamson_2015": [-4.417433261871338, 3.011044979095459], "robert-c-williamson_2010": [-4.508237361907959, 2.816070318222046], "robert-c-williamson_1995": [-0.6052486896514893, 2.874321699142456], "robert-c-williamson_2018": [0.4358767569065094, -1.3750462532043457], "robert-c-williamson_2005": [-4.1143622398376465, 1.9951330423355103], "robert-c-williamson_2016": [-5.368589878082275, 2.7745542526245117], "robert-c-williamson_1997": [-0.580971360206604, 2.636849880218506], "robert-c-williamson_1990": [-1.5920361280441284, 4.232129096984863], "robert-c-williamson_2017": [-3.5098655223846436, -0.09618539363145828], "robert-c-williamson_2009": [1.4455218315124512, 3.8242764472961426], "robert-c-williamson_2008": [1.4090955257415771, 3.798396348953247], "robert-c-williamson_2012": [-4.387110710144043, 3.248497247695923], "robert-c-williamson_1985": [2.0114660263061523, -1.8919081687927246], "robert-c-williamson_1987": [1.666069507598877, -1.9415113925933838], "robert-c-williamson_2004": [-4.954482078552246, 2.8273675441741943], "alexander-j-smola_1998": [-1.7203980684280396, 2.6996333599090576], "alexander-j-smola_2007": [-3.053175926208496, 2.06148362159729], "alexander-j-smola_2005": [-2.900736093521118, 2.173408031463623], "alexander-j-smola_1999": [-1.219356656074524, 2.9865543842315674], "alexander-j-smola_2010": [-3.3913846015930176, 1.817254662513733], "alexander-j-smola_2004": [-3.203721761703491, 2.4699289798736572], "alexander-j-smola_2018": [-3.7817163467407227, -0.24952541291713715], "alexander-j-smola_2003": [-2.8843071460723877, 2.178797960281372], "alexander-j-smola_2006": [-3.0582780838012695, 2.1862707138061523], "alexander-j-smola_2016": [-3.746401309967041, 0.2758709490299225], "alexander-j-smola_2000": [-1.428118109703064, 3.148548126220703], "alexander-j-smola_1992": [2.0114636421203613, -1.8919081687927246], "alexander-j-smola_2001": [-1.4501453638076782, 3.393765926361084], "alexander-j-smola_2008": [-3.4965596199035645, 1.950219988822937], "alexander-j-smola_2017": [-3.9863924980163574, -0.4682566821575165], "alexander-j-smola_2009": [-3.255514621734619, 1.870797872543335], "alexander-j-smola_2013": [-3.3456053733825684, 1.1714764833450317], "alexander-j-smola_2014": [-3.6622555255889893, 1.218571662902832], "alexander-j-smola_2012": [-3.8983066082000732, 1.80276620388031], "alexander-j-smola_2015": [-3.70829439163208, 0.9251269698143005], "alexander-j-smola_2011": [-3.2860991954803467, 1.5970737934112549], "alexander-j-smola_2002": [-2.2517762184143066, 2.5080368518829346], "alexander-j-smola_1997": [0.18138642609119415, -1.134239673614502], "alexander-j-smola_1995": [2.014587640762329, -1.8925459384918213], "alexander-j-smola_1996": [1.6660709381103516, -1.941511869430542], "ICWSM_2007": [-2.7690844535827637, -2.8196442127227783], "ICWSM_2008": [-2.9576919078826904, -3.0396087169647217], "ICWSM_2017": [-3.4127140045166016, -3.61664080619812], "ICWSM_2015": [-3.7785892486572266, -3.7517282962799072], "ICWSM_2012": [-3.6322736740112305, -3.677182674407959], "ICWSM_2010": [-3.080303430557251, -3.1493477821350098], "ICWSM_2011": [-3.4749746322631836, -3.428117036819458], "ICWSM_2014": [-3.9058215618133545, -3.854074001312256], "ICWSM_2013": [-3.811466693878174, -3.7986104488372803], "ICWSM_2009": [-3.028419017791748, -3.0366196632385254], "ICWSM_2016": [-3.5179593563079834, -3.649817943572998], "ICWSM_2006": [-2.7303833961486816, -2.741128921508789], "WSDM_2011": [-4.808340549468994, -1.9174376726150513], "WSDM_2016": [-4.627895832061768, -1.8260340690612793], "WSDM_2009": [-4.999232769012451, -2.0183956623077393], "WSDM_2018": [-4.546143054962158, -1.684537410736084], "WSDM_2012": [-4.76145601272583, -1.9153494834899902], "WSDM_2017": [-4.682456016540527, -1.8199938535690308], "WSDM_2014": [-4.690133094787598, -1.8480552434921265], "WSDM_2010": [-4.951230525970459, -1.979019045829773], "WSDM_2013": [-4.642629146575928, -1.870118498802185], "WSDM_2015": [-4.6589813232421875, -1.8396611213684082], "WSDM_2008": [-4.743666648864746, -2.0328102111816406], "CIKM_2008": [-0.1764041632413864, -4.347482681274414], "CIKM_2012": [-0.9536548256874084, -4.110745906829834], "CIKM_2009": [-0.7288467288017273, -4.292164325714111], "CIKM_2006": [-0.055796343833208084, -4.6640849113464355], "CIKM_2005": [0.11742296814918518, -4.261068344116211], "CIKM_2013": [-1.0471103191375732, -3.850649356842041], "CIKM_2011": [-0.5853228569030762, -4.2711920738220215], "CIKM_2015": [-1.2282946109771729, -3.6076769828796387], "CIKM_2003": [-0.004183430224657059, -4.63204288482666], "CIKM_2010": [-0.8247047662734985, -4.099802494049072], "CIKM_2002": [1.0039876699447632, -4.950648307800293], "CIKM_1994": [2.2743468284606934, -4.392749786376953], "CIKM_2007": [-0.23479965329170227, -4.820948123931885], "CIKM_2017": [-1.2421128749847412, -3.309581756591797], "CIKM_2016": [-1.2332477569580078, -3.6761059761047363], "CIKM_2014": [-1.2457876205444336, -3.8333888053894043], "CIKM_1993": [2.309553623199463, -4.39540958404541], "CIKM_1995": [2.538004159927368, -4.4961066246032715], "CIKM_2004": [-0.14273832738399506, -4.816112518310547], "CIKM_2001": [1.0616029500961304, -4.8596510887146], "CIKM_2000": [1.086539626121521, -4.985576152801514], "CIKM_1997": [2.4371235370635986, -3.720797538757324], "CIKM_1999": [1.3189654350280762, -4.808941841125488], "CIKM_1998": [1.6716370582580566, -4.832085609436035], "CIKM_1992": [2.6805591583251953, -3.975853681564331], "CIKM_1996": [2.2891712188720703, -4.296086311340332], "ICML_2005": [-0.9480688571929932, -0.08845079690217972], "ICML_2010": [-0.5726326107978821, -0.29050540924072266], "ICML_1989": [2.2998766899108887, 0.9444936513900757], "ICML_1991": [2.382434844970703, 0.8485046029090881], "ICML_2016": [-0.2080589383840561, -1.3173742294311523], "ICML_2014": [-0.3345584571361542, -1.1970735788345337], "ICML_2017": [-0.48962822556495667, -1.5584241151809692], "ICML_2013": [-0.5799252390861511, -1.0632511377334595], "ICML_2018": [-0.40199536085128784, -1.7104419469833374], "ICML_2008": [-1.0843597650527954, -0.6102493405342102], "ICML_2003": [-0.959384560585022, 0.025571467354893684],