{"cheng-soon-ong_2007": [-2.841440200805664, -3.2495932579040527], "cheng-soon-ong_2015": [-3.550344944000244, -3.8468079566955566], "cheng-soon-ong_2016": [-2.7702577114105225, -3.530303716659546], "cheng-soon-ong_2008": [-2.313053846359253, -2.172790765762329], "cheng-soon-ong_2005": [-3.2498111724853516, -4.044802665710449], "cheng-soon-ong_2009": [-2.314561128616333, -1.8552860021591187], "cheng-soon-ong_2014": [-2.2955620288848877, -1.6609077453613281], "cheng-soon-ong_2017": [-6.985626220703125, 5.189321041107178], "cheng-soon-ong_2006": [-2.343353509902954, -2.158327579498291], "cheng-soon-ong_2003": [-3.6514642238616943, -4.099880218505859], "cheng-soon-ong_2004": [-6.128694534301758, -0.5567739009857178], "robert-c-williamson_2014": [-4.846228122711182, -5.184994220733643], "robert-c-williamson_2007": [-6.537200450897217, -0.9339197874069214], "robert-c-williamson_2002": [-5.795222282409668, -4.173722743988037], "robert-c-williamson_1998": [-7.984757900238037, -4.550529956817627], "robert-c-williamson_1999": [-7.263500690460205, -4.970651626586914], "robert-c-williamson_2001": [-7.281226634979248, -4.757937431335449], "robert-c-williamson_2006": [-6.9252142906188965, -3.5599284172058105], "robert-c-williamson_1996": [-8.004925727844238, -4.583314895629883], "robert-c-williamson_1988": [-12.538079261779785, 0.8789089918136597], "robert-c-williamson_2011": [-4.572136878967285, -5.019995212554932], "robert-c-williamson_2003": [-9.488848686218262, -3.89945650100708], "robert-c-williamson_1994": [-8.093598365783691, -4.1478495597839355], "robert-c-williamson_1993": [-12.27770709991455, 1.9359575510025024], "robert-c-williamson_2000": [-7.2000603675842285, -4.911214828491211], "robert-c-williamson_1992": [-12.593720436096191, 1.9272913932800293], "robert-c-williamson_1991": [-13.292548179626465, 0.6642794013023376], "robert-c-williamson_2015": [-4.414527893066406, -4.807306289672852], "robert-c-williamson_2010": [-5.4455413818359375, -2.304048776626587], "robert-c-williamson_1995": [-7.814026832580566, -4.040940284729004], "robert-c-williamson_2018": [-8.923528671264648, -2.3226301670074463], "robert-c-williamson_2005": [-5.5851945877075195, -2.3046460151672363], "robert-c-williamson_2016": [-4.053130149841309, -4.158703327178955], "robert-c-williamson_1997": [-7.800719261169434, -3.9504339694976807], "robert-c-williamson_1990": [-13.035822868347168, 0.7188549637794495], "robert-c-williamson_2017": [-6.96054220199585, 5.067068576812744], "robert-c-williamson_2009": [-9.634856224060059, -3.5364158153533936], "robert-c-williamson_2008": [-9.718612670898438, -3.2724039554595947], "robert-c-williamson_2012": [-5.027608394622803, -5.22166109085083], "robert-c-williamson_1985": [-10.308149337768555, 1.2691912651062012], "robert-c-williamson_1987": [-9.828940391540527, 1.2633315324783325], "robert-c-williamson_2004": [-6.103293418884277, -3.5058765411376953], "alexander-j-smola_1998": [-6.277622699737549, -3.717336654663086], "alexander-j-smola_2007": [-3.796250581741333, -3.7659106254577637], "alexander-j-smola_2005": [-4.613307952880859, -3.796341896057129], "alexander-j-smola_1999": [-6.377166271209717, -4.325469017028809], "alexander-j-smola_2010": [-3.793938398361206, -3.6359610557556152], "alexander-j-smola_2004": [-4.9944562911987305, -3.785456895828247], "alexander-j-smola_2018": [-6.140632152557373, 5.229551315307617], "alexander-j-smola_2003": [-4.678559303283691, -3.749852180480957], "alexander-j-smola_2006": [-4.640535354614258, -3.7809557914733887], "alexander-j-smola_2016": [-5.238814830780029, 5.183589458465576], "alexander-j-smola_2000": [-5.946500778198242, -4.330354690551758], "alexander-j-smola_1992": [-10.308902740478516, 1.2674956321716309], "alexander-j-smola_2001": [-6.587314128875732, -3.939676523208618], "alexander-j-smola_2008": [-3.9672489166259766, -3.6299355030059814], "alexander-j-smola_2017": [-6.068296909332275, 5.224557399749756], "alexander-j-smola_2009": [-4.0209197998046875, -3.5580246448516846], "alexander-j-smola_2013": [-3.8983778953552246, 0.22803831100463867], "alexander-j-smola_2014": [-3.960874557495117, -3.2212393283843994], "alexander-j-smola_2012": [-3.854928731918335, -3.5766994953155518], "alexander-j-smola_2015": [-3.713308572769165, -3.013535976409912], "alexander-j-smola_2011": [-4.847958087921143, -2.0726993083953857], "alexander-j-smola_2002": [-6.177207946777344, -3.487589120864868], "alexander-j-smola_1997": [-7.492006778717041, -0.3026307225227356], "alexander-j-smola_1995": [-9.828940391540527, 1.263331651687622], "alexander-j-smola_1996": [-10.308148384094238, 1.2691887617111206], "ICWSM_2007": [-4.795962810516357, 2.309208869934082], "ICWSM_2008": [-4.877213001251221, 2.345900535583496], "ICWSM_2017": [-3.219712734222412, 3.2221598625183105], "ICWSM_2015": [-3.2167651653289795, 3.1574649810791016], "ICWSM_2012": [-2.7148749828338623, 3.183429718017578], "ICWSM_2010": [-4.049231052398682, 2.576521635055542], "ICWSM_2011": [-2.737532138824463, 3.0460684299468994], "ICWSM_2014": [-2.7394769191741943, 3.1854472160339355], "ICWSM_2013": [-2.6674587726593018, 3.1908209323883057], "ICWSM_2009": [-4.063365936279297, 2.5096960067749023], "ICWSM_2016": [-3.1877145767211914, 3.1954946517944336], "ICWSM_2006": [-10.963369369506836, 3.1346192359924316], "WSDM_2011": [-2.507988214492798, 1.1205666065216064], "WSDM_2016": [-2.5295891761779785, 1.148942232131958], "WSDM_2009": [-3.577334403991699, 1.1980646848678589], "WSDM_2018": [-2.4006950855255127, 1.1246432065963745], "WSDM_2012": [-2.5755884647369385, 1.1470941305160522], "WSDM_2017": [-2.420370578765869, 1.118961215019226], "WSDM_2014": [-2.564096689224243, 1.1392322778701782], "WSDM_2010": [-3.3906333446502686, 1.1519455909729004], "WSDM_2013": [-2.5302209854125977, 1.16494882106781], "WSDM_2015": [-3.2969441413879395, 1.0789655447006226], "WSDM_2008": [-4.502060413360596, 2.162982225418091], "CIKM_2008": [-7.181530952453613, 3.325390577316284], "CIKM_2012": [-5.317048072814941, 3.2650070190429688], "CIKM_2009": [-5.503243923187256, 3.3417773246765137], "CIKM_2006": [-7.849359035491943, 3.1883585453033447], "CIKM_2005": [-8.143266677856445, 3.1539416313171387], "CIKM_2013": [-5.29042911529541, 3.1266000270843506], "CIKM_2011": [-5.519405364990234, 3.329314947128296], "CIKM_2015": [-5.447190284729004, 3.0310428142547607], "CIKM_2003": [-8.733219146728516, 2.3495655059814453], "CIKM_2010": [-5.509909152984619, 3.2304203510284424], "CIKM_2002": [-8.820755958557129, 3.371544361114502], "CIKM_1994": [-9.554215431213379, 2.4583497047424316], "CIKM_2007": [-7.733114719390869, 3.537810802459717], "CIKM_2017": [-5.357602119445801, 2.9383020401000977], "CIKM_2016": [-5.371375560760498, 3.136080026626587], "CIKM_2014": [-5.392653942108154, 3.182786464691162], "CIKM_1993": [-9.6054048538208, 3.077179431915283], "CIKM_1995": [-9.739632606506348, 2.604989528656006], "CIKM_2004": [-8.455077171325684, 3.2434215545654297], "CIKM_2001": [-8.866917610168457, 3.1920790672302246], "CIKM_2000": [-8.941292762756348, 3.2349905967712402], "CIKM_1997": [-9.604199409484863, 2.1042771339416504], "CIKM_1999": [-9.094185829162598, 3.0643703937530518], "CIKM_1998": [-9.319525718688965, 2.581512451171875], "CIKM_1992": [-9.691520690917969, 1.6849466562271118], "CIKM_1996": [-9.532236099243164, 2.195457696914673], "ICML_2005": [-7.7180962562561035, -1.7884235382080078], "ICML_2010": [-7.556780815124512, -1.6913560628890991], "ICML_1989": [-11.83914566040039, -0.7192333340644836], "ICML_1991": [-11.406087875366211, -0.9809305667877197], "ICML_2016": [-5.382877826690674, -1.3316807746887207], "ICML_2014": [-5.829848766326904, -1.7141757011413574], "ICML_2017": [-5.2876176834106445, -0.7325225472450256], "ICML_2013": [-5.887272834777832, -1.847469687461853], "ICML_2018": [-5.274600982666016, -0.5505829453468323], "ICML_2008": [-7.2360124588012695, -1.8452706336975098], "ICML_2003": [-8.06675910949707, -1.5389478206634521], "ICML_2006": [-7.36761474609375, -1.7451304197311401],