{"steve-blackburn_2004": [25.79337501525879, -16.517602920532227], "steve-blackburn_1999": [3.668889045715332, 16.773624420166016], "steve-blackburn_2011": [32.89103698730469, -3.922804594039917], "steve-blackburn_2006": [23.55251693725586, -16.575735092163086], "steve-blackburn_2000": [21.623291015625, 6.559967517852783], "steve-blackburn_2015": [30.059467315673828, -11.967700004577637], "steve-blackburn_2005": [25.736425399780273, -11.224470138549805], "steve-blackburn_1998": [-6.533658981323242, 7.257960319519043], "steve-blackburn_2016": [32.14860153198242, -11.114486694335938], "steve-blackburn_1996": [-1.7656471729278564, 19.924972534179688], "steve-blackburn_2001": [24.14230728149414, -9.147211074829102], "steve-blackburn_2018": [-16.778074264526367, 9.751023292541504], "steve-blackburn_2010": [29.642189025878906, -14.472077369689941], "steve-blackburn_2012": [30.62692642211914, -3.6984357833862305], "steve-blackburn_2013": [32.32364273071289, -14.027054786682129], "steve-blackburn_1997": [-12.57949161529541, -4.490512371063232], "steve-blackburn_2002": [24.834007263183594, -18.59058952331543], "steve-blackburn_2003": [27.893800735473633, -16.061172485351562], "steve-blackburn_2014": [31.60666275024414, -16.185998916625977], "steve-blackburn_2008": [25.89017677307129, -5.425161838531494], "steve-blackburn_2009": [29.8248291015625, -17.974964141845703], "steve-blackburn_2007": [27.696205139160156, -13.556591987609863], "antony-l-hosking_2011": [27.617290496826172, -6.562694549560547], "antony-l-hosking_2016": [25.000484466552734, -3.1209423542022705], "antony-l-hosking_2009": [10.540393829345703, -5.254745006561279], "antony-l-hosking_2007": [24.397274017333984, 2.074875831604004], "antony-l-hosking_2006": [29.40961456298828, -5.859177589416504], "antony-l-hosking_2004": [25.810466766357422, -7.513400554656982], "antony-l-hosking_1995": [29.818218231201172, 2.87302303314209], "antony-l-hosking_2015": [30.40680694580078, -9.330644607543945], "antony-l-hosking_1999": [31.467897415161133, -6.795363426208496], "antony-l-hosking_2014": [18.693294525146484, -8.010618209838867], "antony-l-hosking_2005": [26.992483139038086, -9.198019027709961], "antony-l-hosking_1990": [26.486881256103516, -0.14655432105064392], "antony-l-hosking_2003": [-4.220021724700928, -10.547663688659668], "antony-l-hosking_2001": [25.554611206054688, -13.946727752685547], "antony-l-hosking_2018": [-15.784802436828613, 11.867414474487305], "antony-l-hosking_2000": [21.93695068359375, 2.230973720550537], "antony-l-hosking_1993": [26.545875549316406, 3.4634995460510254], "antony-l-hosking_2012": [27.841346740722656, -4.509335041046143], "antony-l-hosking_1991": [13.961976051330566, -7.827775001525879], "antony-l-hosking_1998": [22.322593688964844, 4.725078105926514], "antony-l-hosking_1992": [27.881263732910156, -2.5306239128112793], "antony-l-hosking_2013": [-16.899600982666016, 7.271530628204346], "antony-l-hosking_1997": [28.365234375, -10.77033519744873], "antony-l-hosking_2010": [28.975631713867188, -8.003599166870117], "antony-l-hosking_1994": [33.0706787109375, -8.274262428283691], "antony-l-hosking_2008": [-14.374260902404785, 13.64745044708252], "antony-l-hosking_1996": [28.8413028717041, 0.09386010468006134], "antony-l-hosking_2017": [27.376258850097656, -18.390647888183594], "kathryn-mckinley_2009": [20.700462341308594, -0.9571886658668518], "kathryn-mckinley_2004": [22.75002670288086, -3.736793279647827], "kathryn-mckinley_1994": [13.292671203613281, 3.3135483264923096], "kathryn-mckinley_1998": [21.876848220825195, -6.025866985321045], "kathryn-mckinley_1990": [7.6015777587890625, 10.006104469299316], "kathryn-mckinley_1995": [9.055532455444336, 6.3914713859558105], "kathryn-mckinley_2006": [20.56321144104004, -2.9345710277557373], "kathryn-mckinley_2015": [14.880017280578613, -1.3206510543823242], "kathryn-mckinley_1991": [17.097047805786133, 4.7621750831604], "kathryn-mckinley_2013": [11.97510814666748, -2.9457061290740967], "kathryn-mckinley_2007": [20.434505462646484, 0.7579379081726074], "kathryn-mckinley_2016": [16.015615463256836, -5.008650302886963], "kathryn-mckinley_2011": [13.481973648071289, -2.088613748550415], "kathryn-mckinley_2000": [10.865278244018555, -1.1508841514587402], "kathryn-mckinley_2018": [-12.14007568359375, 13.450201034545898], "kathryn-mckinley_2008": [22.4205379486084, -1.9136277437210083], "kathryn-mckinley_2003": [18.60314178466797, -0.5262073278427124], "kathryn-mckinley_1997": [8.238625526428223, -0.12755857408046722], "kathryn-mckinley_2010": [22.60421371459961, 0.02148081362247467], "kathryn-mckinley_1996": [13.948006629943848, 0.9071581959724426], "kathryn-mckinley_2005": [14.796878814697266, -3.7779324054718018], "kathryn-mckinley_1992": [11.398280143737793, 2.890989065170288], "kathryn-mckinley_1993": [14.712198257446289, 5.316701889038086], "kathryn-mckinley_2012": [16.577585220336914, -2.915433645248413], "kathryn-mckinley_2002": [24.549989700317383, -1.2503849267959595], "kathryn-mckinley_2001": [18.584091186523438, 1.8162974119186401], "kathryn-mckinley_2017": [18.985868453979492, -4.473923206329346], "kathryn-mckinley_1999": [16.962251663208008, -0.21095703542232513], "kathryn-mckinley_2014": [18.67485809326172, -2.3260598182678223], "kathryn-mckinley_1989": [12.315328598022461, 7.300866603851318], "POPL_1993": [-0.8572309017181396, 9.819737434387207], "POPL_2017": [-1.385634183883667, -1.8668572902679443], "POPL_1980": [-9.684661865234375, 16.98978042602539], "POPL_2001": [-2.979095935821533, 10.520635604858398], "POPL_2016": [-5.203619480133057, -4.554253578186035], "POPL_2005": [0.21553203463554382, 3.8499755859375], "POPL_1996": [0.559887707233429, 12.136012077331543], "POPL_1988": [-4.494454383850098, 13.524075508117676], "POPL_2006": [-0.5272231698036194, 2.1641287803649902], "POPL_2007": [-1.7687023878097534, 6.612515449523926], "POPL_1991": [-3.7272822856903076, 15.717132568359375], "POPL_1977": [-13.241536140441895, 3.7140891551971436], "POPL_1982": [-6.174866199493408, 12.297723770141602], "POPL_2004": [3.7133922576904297, 8.563764572143555], "POPL_1989": [-6.356205940246582, 14.570809364318848], "POPL_1981": [-8.611176490783691, 14.977197647094727], "POPL_2000": [-3.358309030532837, 12.021830558776855], "POPL_2013": [-3.5267856121063232, 5.970157623291016], "POPL_1987": [-7.801383972167969, 13.029638290405273], "POPL_1986": [-5.057182788848877, 11.216898918151855], "POPL_1973": [-12.762449264526367, 15.888686180114746], "POPL_1978": [-10.845473289489746, 14.965754508972168], "POPL_1995": [-1.293076515197754, 11.56570053100586], "POPL_1985": [-11.663824081420898, 0.036205098032951355], "POPL_1976": [-9.308700561523438, 1.756496548652649], "POPL_2009": [-1.1102087497711182, 4.936675548553467], "POPL_1984": [-11.495800018310547, 2.174565553665161], "POPL_2012": [-3.390265703201294, -0.05498127266764641], "POPL_2010": [-1.28142511844635, 0.3880232274532318], "POPL_1999": [3.0333664417266846, 10.993551254272461], "POPL_2014": [-2.3904266357421875, 1.709674596786499], "POPL_1983": [-6.660411834716797, 16.51112937927246], "POPL_1975": [-13.305994987487793, 5.631236553192139], "POPL_2002": [4.648890495300293, 6.478008270263672], "POPL_2003": [-1.138169527053833, 8.170205116271973], "POPL_2011": [-1.6059460639953613, 3.2769532203674316], "POPL_2008": [-2.5919137001037598, 4.703678607940674], "POPL_1994": [-2.2634904384613037, 14.345732688903809], "POPL_1992": [-4.940741062164307, 9.5792236328125], "POPL_2015": [-3.3532137870788574, 3.093127965927124], "POPL_1997": [-0.38744768500328064, 14.06902027130127], "POPL_1998": [1.3380261659622192, 9.585679054260254], "POPL_1979": [-15.59391975402832, 4.65177583694458], "PLDI_2015": [-2.293215274810791, -8.2703275680542], "PLDI_1991": [-2.956221103668213, 8.681751251220703], "PLDI_2018": [-4.76367712020874, -1.9170377254486084], "PLDI_1996": [2.0306859016418457, 3.003791570663452], "PLDI_2001": [1.560057282447815, 0.5908482074737549],