{"steve-blackburn_2004": [-44.3839225769043, 33.22087860107422], "steve-blackburn_1999": [2.499903440475464, -34.064971923828125], "steve-blackburn_2011": [-21.77567481994629, 41.728023529052734], "steve-blackburn_2006": [-45.708900451660156, 32.548492431640625], "steve-blackburn_2000": [-8.355006217956543, 31.64686393737793], "steve-blackburn_2015": [-35.93422317504883, 31.35129737854004], "steve-blackburn_2005": [-32.065948486328125, 29.384639739990234], "steve-blackburn_1998": [1.4648799896240234, -33.313419342041016], "steve-blackburn_2016": [-35.039894104003906, 29.691484451293945], "steve-blackburn_1996": [16.2457218170166, 10.92617416381836], "steve-blackburn_2001": [-29.36867332458496, 36.664588928222656], "steve-blackburn_2018": [39.0305290222168, -29.21234893798828], "steve-blackburn_2010": [-38.80134963989258, 32.00798416137695], "steve-blackburn_2012": [-21.308635711669922, 41.23866653442383], "steve-blackburn_2013": [-36.81947326660156, 27.623641967773438], "steve-blackburn_1997": [2.0501582622528076, -32.17353439331055], "steve-blackburn_2002": [-45.416385650634766, 33.7845458984375], "steve-blackburn_2003": [-43.260986328125, 32.790042877197266], "steve-blackburn_2014": [-37.666038513183594, 27.2529296875], "steve-blackburn_2008": [-28.112348556518555, 35.0718879699707], "steve-blackburn_2009": [-40.11222839355469, 31.030689239501953], "steve-blackburn_2007": [-38.615787506103516, 33.60379409790039], "antony-l-hosking_2011": [-28.89948844909668, 34.570526123046875], "antony-l-hosking_2016": [-16.29621124267578, 37.56916427612305], "antony-l-hosking_2009": [11.531516075134277, 39.982940673828125], "antony-l-hosking_2007": [-6.031172275543213, 35.76994705200195], "antony-l-hosking_2006": [-28.749004364013672, 32.30412673950195], "antony-l-hosking_2004": [-28.308181762695312, 31.156166076660156], "antony-l-hosking_1995": [-12.073986053466797, 29.33319091796875], "antony-l-hosking_2015": [-32.95293045043945, 30.5028018951416], "antony-l-hosking_1999": [-26.214799880981445, 30.19891357421875], "antony-l-hosking_2014": [-16.85959243774414, 36.2142333984375], "antony-l-hosking_2005": [-29.001358032226562, 29.795543670654297], "antony-l-hosking_1990": [-13.2202730178833, 33.36547088623047], "antony-l-hosking_2003": [19.62907600402832, 49.69502639770508], "antony-l-hosking_2001": [-37.189674377441406, 33.94440841674805], "antony-l-hosking_2018": [41.12995910644531, -31.50319480895996], "antony-l-hosking_2000": [-11.164520263671875, 34.87761688232422], "antony-l-hosking_1993": [-6.183868408203125, 34.37143325805664], "antony-l-hosking_2012": [-27.75049591064453, 32.842063903808594], "antony-l-hosking_1991": [8.73159122467041, 43.578147888183594], "antony-l-hosking_1998": [-8.952958106994629, 32.48539733886719], "antony-l-hosking_1992": [-23.822721481323242, 36.23196792602539], "antony-l-hosking_2013": [37.29910659790039, -31.722742080688477], "antony-l-hosking_1997": [-34.84359359741211, 33.44876480102539], "antony-l-hosking_2010": [-30.382749557495117, 34.027549743652344], "antony-l-hosking_1994": [-24.614200592041016, 30.048261642456055], "antony-l-hosking_2008": [39.57279586791992, -31.619171142578125], "antony-l-hosking_1996": [-13.412186622619629, 31.78139305114746], "antony-l-hosking_2017": [-42.957191467285156, 34.52616882324219], "kathryn-mckinley_2009": [-10.895453453063965, 37.9071159362793], "kathryn-mckinley_2004": [-14.954941749572754, 39.92227554321289], "kathryn-mckinley_1994": [10.276260375976562, 34.40415954589844], "kathryn-mckinley_1998": [-7.411445617675781, 41.674007415771484], "kathryn-mckinley_1990": [13.352944374084473, 27.94087028503418], "kathryn-mckinley_1995": [15.192824363708496, 27.846508026123047], "kathryn-mckinley_2006": [-11.935223579406738, 40.65220642089844], "kathryn-mckinley_2015": [8.191388130187988, 38.55723571777344], "kathryn-mckinley_1991": [8.60987663269043, 31.78143882751465], "kathryn-mckinley_2013": [9.578755378723145, 39.899723052978516], "kathryn-mckinley_2007": [-11.169590950012207, 37.23200607299805], "kathryn-mckinley_2016": [4.746648788452148, 39.37090301513672], "kathryn-mckinley_2011": [9.004005432128906, 38.91872024536133], "kathryn-mckinley_2000": [9.27486801147461, 41.80643844604492], "kathryn-mckinley_2018": [38.38984298706055, -32.853050231933594], "kathryn-mckinley_2008": [-13.667342185974121, 39.99584197998047], "kathryn-mckinley_2003": [-5.307435512542725, 37.645469665527344], "kathryn-mckinley_1997": [20.37610626220703, 24.308191299438477], "kathryn-mckinley_2010": [-12.414027214050293, 37.362037658691406], "kathryn-mckinley_1996": [9.595516204833984, 36.42121505737305], "kathryn-mckinley_2005": [5.471414089202881, 38.41375732421875], "kathryn-mckinley_1992": [11.361021995544434, 34.96217346191406], "kathryn-mckinley_1993": [9.602811813354492, 32.5573844909668], "kathryn-mckinley_2012": [4.145903587341309, 38.63925552368164], "kathryn-mckinley_2002": [-16.116458892822266, 39.60623550415039], "kathryn-mckinley_2001": [-8.656092643737793, 40.80959701538086], "kathryn-mckinley_2017": [-10.573634147644043, 43.12261962890625], "kathryn-mckinley_1999": [-5.026194095611572, 38.19858932495117], "kathryn-mckinley_2014": [-10.715243339538574, 41.457855224609375], "kathryn-mckinley_1989": [12.254947662353516, 30.75808334350586], "POPL_1993": [-17.490434646606445, -23.32836151123047], "POPL_2017": [27.14605140686035, 12.720025062561035], "POPL_1980": [-1.2402064800262451, -45.32908630371094], "POPL_2001": [-19.40277862548828, -33.04646301269531], "POPL_2016": [27.25328826904297, 12.173662185668945], "POPL_2005": [-14.441812515258789, -11.331299781799316], "POPL_1996": [-18.999427795410156, -24.8696231842041], "POPL_1988": [-16.330644607543945, -28.046249389648438], "POPL_2006": [-15.003335952758789, -9.439583778381348], "POPL_2007": [-16.836198806762695, -7.766989231109619], "POPL_1991": [-19.325292587280273, -27.17072296142578], "POPL_1977": [-0.13806013762950897, -47.16099166870117], "POPL_1982": [-8.999958992004395, -37.65956497192383], "POPL_2004": [-16.339012145996094, -14.286821365356445], "POPL_1989": [-10.56962776184082, -35.26136779785156], "POPL_1981": [-10.514164924621582, -38.13910675048828], "POPL_2000": [-19.577306747436523, -32.63010025024414], "POPL_2013": [-7.60457706451416, -5.838715076446533], "POPL_1987": [-9.293917655944824, -36.5568733215332], "POPL_1986": [-7.98499870300293, -35.2844123840332], "POPL_1973": [0.6633321642875671, -48.373104095458984], "POPL_1978": [0.5555338263511658, -46.325538635253906], "POPL_1995": [-17.77433967590332, -24.34775733947754], "POPL_1985": [-7.92886209487915, -40.1635627746582], "POPL_1976": [2.3306119441986084, -45.64875030517578], "POPL_2009": [-13.751185417175293, -8.745771408081055], "POPL_1984": [-6.894818305969238, -37.666019439697266], "POPL_2012": [-11.127843856811523, -6.401538848876953], "POPL_2010": [-11.50124740600586, -9.720179557800293], "POPL_1999": [-17.06378173828125, -17.523427963256836], "POPL_2014": [-11.82998275756836, -7.008072853088379], "POPL_1983": [-8.422740936279297, -38.643035888671875], "POPL_1975": [30.361005783081055, -41.84067916870117], "POPL_2002": [-16.664514541625977, -15.702293395996094], "POPL_2003": [-17.21968650817871, -21.49339485168457], "POPL_2011": [-12.821060180664062, -9.271563529968262], "POPL_2008": [-15.172769546508789, -7.763348579406738], "POPL_1994": [-17.557222366333008, -26.748809814453125], "POPL_1992": [-11.41204833984375, -34.3332633972168], "POPL_2015": [-8.19305419921875, -5.88256311416626], "POPL_1997": [-17.053537368774414, -26.10183334350586], "POPL_1998": [-17.21464729309082, -18.51043128967285], "POPL_1979": [0.6170031428337097, -45.479698181152344], "PLDI_2015": [20.86871910095215, 21.225072860717773], "PLDI_1991": [-6.716487407684326, -28.09503936767578], "PLDI_2018": [-2.9246530532836914, -0.7106061577796936], "PLDI_1996": [12.695956230163574, -0.19628757238388062], "PLDI_2001": [17.956592559814453, 3.3504421710968018],