{"cheng-soon-ong_2007": [42.82574462890625, -19.48790740966797], "cheng-soon-ong_2015": [39.99928283691406, -18.192888259887695], "cheng-soon-ong_2016": [39.5562629699707, -19.842124938964844], "cheng-soon-ong_2008": [44.80038070678711, -19.077926635742188], "cheng-soon-ong_2005": [42.306785583496094, -16.706317901611328], "cheng-soon-ong_2009": [44.05913162231445, -21.26192283630371], "cheng-soon-ong_2014": [44.53770065307617, -22.396892547607422], "cheng-soon-ong_2017": [38.493350982666016, -4.469554424285889], "cheng-soon-ong_2006": [43.597042083740234, -19.841503143310547], "cheng-soon-ong_2003": [41.01266098022461, -16.150299072265625], "cheng-soon-ong_2004": [37.591793060302734, -11.352068901062012], "robert-c-williamson_2014": [34.782569885253906, -17.40914535522461], "robert-c-williamson_2007": [35.317115783691406, -14.146476745605469], "robert-c-williamson_2002": [29.742170333862305, -15.204512596130371], "robert-c-williamson_1998": [25.121435165405273, -21.2625789642334], "robert-c-williamson_1999": [23.055477142333984, -18.15576171875], "robert-c-williamson_2001": [23.000171661376953, -19.517139434814453], "robert-c-williamson_2006": [38.42826843261719, -14.04971981048584], "robert-c-williamson_1996": [24.406070709228516, -19.343931198120117], "robert-c-williamson_1988": [2.8589227199554443, -3.622772216796875], "robert-c-williamson_2011": [36.90632629394531, -19.138486862182617], "robert-c-williamson_2003": [19.874074935913086, -18.70535659790039], "robert-c-williamson_1994": [23.444198608398438, -21.04589080810547], "robert-c-williamson_1993": [-0.898186445236206, -15.99868392944336], "robert-c-williamson_2000": [22.07909393310547, -17.97309112548828], "robert-c-williamson_1992": [18.60190773010254, -18.293556213378906], "robert-c-williamson_1991": [21.9685001373291, -13.249591827392578], "robert-c-williamson_2015": [35.71683120727539, -17.820201873779297], "robert-c-williamson_2010": [36.77729034423828, -16.894569396972656], "robert-c-williamson_1995": [26.17970848083496, -18.792144775390625], "robert-c-williamson_2018": [7.243790149688721, -14.34227466583252], "robert-c-williamson_2005": [34.58077621459961, -13.16893196105957], "robert-c-williamson_2016": [38.75640106201172, -19.070528030395508], "robert-c-williamson_1997": [27.068647384643555, -18.920209884643555], "robert-c-williamson_1990": [21.004148483276367, -12.494181632995605], "robert-c-williamson_2017": [37.38260269165039, -4.591994762420654], "robert-c-williamson_2009": [18.6258487701416, -21.542766571044922], "robert-c-williamson_2008": [18.701675415039062, -21.096248626708984], "robert-c-williamson_2012": [35.17106628417969, -18.867815017700195], "robert-c-williamson_1985": [-25.00899887084961, 17.025962829589844], "robert-c-williamson_1987": [-24.22577667236328, 14.388080596923828], "robert-c-williamson_2004": [39.52421951293945, -15.468318939208984], "alexander-j-smola_1998": [25.84989356994629, -14.695935249328613], "alexander-j-smola_2007": [32.09963607788086, -12.564598083496094], "alexander-j-smola_2005": [31.24074363708496, -13.378206253051758], "alexander-j-smola_1999": [24.42265510559082, -16.490509033203125], "alexander-j-smola_2010": [33.319393157958984, -10.419693946838379], "alexander-j-smola_2004": [30.116811752319336, -10.867270469665527], "alexander-j-smola_2018": [35.93504333496094, -3.0954887866973877], "alexander-j-smola_2003": [30.000675201416016, -12.262999534606934], "alexander-j-smola_2006": [31.24880027770996, -12.331780433654785], "alexander-j-smola_2016": [35.81679916381836, -5.554620265960693], "alexander-j-smola_2000": [24.166908264160156, -14.965706825256348], "alexander-j-smola_1992": [-26.015918731689453, 16.15471649169922], "alexander-j-smola_2001": [23.790584564208984, -14.80043888092041], "alexander-j-smola_2008": [34.069114685058594, -11.06015682220459], "alexander-j-smola_2017": [35.639381408691406, -1.2968820333480835], "alexander-j-smola_2009": [32.40802764892578, -10.786872863769531], "alexander-j-smola_2013": [31.78297996520996, -7.7456841468811035], "alexander-j-smola_2014": [35.28667068481445, -8.08623218536377], "alexander-j-smola_2012": [35.5777473449707, -10.158480644226074], "alexander-j-smola_2015": [35.54761505126953, -7.285131454467773], "alexander-j-smola_2011": [32.05424499511719, -8.95397663116455], "alexander-j-smola_2002": [27.990175247192383, -14.081928253173828], "alexander-j-smola_1997": [7.647267818450928, -12.39474868774414], "alexander-j-smola_1995": [-26.424463272094727, 14.975285530090332], "alexander-j-smola_1996": [-24.78489112854004, 15.808990478515625], "ICWSM_2007": [16.98721694946289, 15.988165855407715], "ICWSM_2008": [18.258270263671875, 16.353734970092773], "ICWSM_2017": [21.048124313354492, 17.869115829467773], "ICWSM_2015": [23.470592498779297, 16.878751754760742], "ICWSM_2012": [22.18848419189453, 16.234886169433594], "ICWSM_2010": [19.46477508544922, 16.036033630371094], "ICWSM_2011": [20.950069427490234, 15.664078712463379], "ICWSM_2014": [24.504966735839844, 15.895878791809082], "ICWSM_2013": [23.450912475585938, 15.709717750549316], "ICWSM_2009": [18.595375061035156, 15.692219734191895], "ICWSM_2016": [21.621057510375977, 17.404129028320312], "ICWSM_2006": [17.54252052307129, 14.200439453125], "WSDM_2011": [37.197975158691406, 4.979902267456055], "WSDM_2016": [35.648136138916016, 2.907013177871704], "WSDM_2009": [37.8218879699707, 6.6126322746276855], "WSDM_2018": [35.6970100402832, 1.7258654832839966], "WSDM_2012": [36.12971496582031, 5.126518249511719], "WSDM_2017": [37.04759979248047, 2.9756851196289062], "WSDM_2014": [36.304344177246094, 3.8238587379455566], "WSDM_2010": [38.21744155883789, 5.646597862243652], "WSDM_2013": [34.69025802612305, 3.246983289718628], "WSDM_2015": [35.13893127441406, 4.087856292724609], "WSDM_2008": [35.256439208984375, 6.300328731536865], "CIKM_2008": [3.515953779220581, 20.735980987548828], "CIKM_2012": [7.236717224121094, 19.13091468811035], "CIKM_2009": [6.132328510284424, 20.187597274780273], "CIKM_2006": [2.8896117210388184, 22.091733932495117], "CIKM_2005": [2.7295327186584473, 20.259300231933594], "CIKM_2013": [7.297417163848877, 17.973098754882812], "CIKM_2011": [5.178234577178955, 20.026397705078125], "CIKM_2015": [7.405812740325928, 16.550655364990234], "CIKM_2003": [1.55190110206604, 20.2552547454834], "CIKM_2010": [6.158215522766113, 18.88174057006836], "CIKM_2002": [-0.6954076290130615, 26.77378273010254], "CIKM_1994": [-6.462196350097656, 25.283172607421875], "CIKM_2007": [4.912441253662109, 22.956830978393555], "CIKM_2017": [8.232159614562988, 15.39299201965332], "CIKM_2016": [8.652368545532227, 16.763256072998047], "CIKM_2014": [8.839689254760742, 18.299142837524414], "CIKM_1993": [-5.9925856590271, 26.13794708251953], "CIKM_1995": [-7.915614604949951, 26.812950134277344], "CIKM_2004": [4.54712438583374, 23.647512435913086], "CIKM_2001": [-1.1032778024673462, 24.655227661132812], "CIKM_2000": [-1.2433720827102661, 27.273876190185547], "CIKM_1997": [-9.119510650634766, 22.515220642089844], "CIKM_1999": [-1.7096607685089111, 25.41763687133789], "CIKM_1998": [-3.332845687866211, 26.374473571777344], "CIKM_1992": [-6.37143087387085, 24.013959884643555], "CIKM_1996": [-7.173250675201416, 25.396188735961914], "ICML_2005": [6.877594947814941, -9.28024959564209], "ICML_2010": [5.009248733520508, -11.678205490112305], "ICML_1989": [-21.728063583374023, -16.983972549438477], "ICML_1991": [-21.710277557373047, -16.730127334594727], "ICML_2016": [8.40141773223877, -15.018136024475098], "ICML_2014": [8.47271728515625, -13.97591495513916], "ICML_2017": [6.212900638580322, -18.003976821899414], "ICML_2013": [8.897225379943848, -13.480602264404297], "ICML_2018": [5.869786262512207, -19.18815040588379], "ICML_2008": [9.364089965820312, -9.99367618560791], "ICML_2003": [7.742842674255371, -8.459855079650879], "ICML_2006": [8.377869606018066, -10.608172416687012], "ICML_2000": [-12.637112617492676, -10.156983375549316],