{"cheng-soon-ong_2007": [-11.145482063293457, 7.770809650421143], "cheng-soon-ong_2015": [-12.1566162109375, 6.756863594055176], "cheng-soon-ong_2016": [-11.948838233947754, 7.8612518310546875], "cheng-soon-ong_2008": [-9.708907127380371, 8.84721851348877], "cheng-soon-ong_2005": [-11.35644245147705, 4.931172847747803], "cheng-soon-ong_2009": [-8.81812572479248, 9.133278846740723], "cheng-soon-ong_2014": [-8.295327186584473, 9.295804977416992], "cheng-soon-ong_2017": [-4.411677360534668, 5.115734100341797], "cheng-soon-ong_2006": [-9.611900329589844, 8.857146263122559], "cheng-soon-ong_2003": [-11.691534996032715, 4.512025356292725], "cheng-soon-ong_2004": [-9.658491134643555, 1.4661865234375], "robert-c-williamson_2014": [-9.4148530960083, 5.5540313720703125], "robert-c-williamson_2007": [-8.346085548400879, -0.05833382532000542], "robert-c-williamson_2002": [-12.122640609741211, 2.2107338905334473], "robert-c-williamson_1998": [-11.324446678161621, -1.3169770240783691], "robert-c-williamson_1999": [-12.90843391418457, -0.6391792893409729], "robert-c-williamson_2001": [-12.423837661743164, -0.5495444536209106], "robert-c-williamson_2006": [-10.470722198486328, 0.20340949296951294], "robert-c-williamson_1996": [-11.46306324005127, -1.432270884513855], "robert-c-williamson_1988": [2.2126846313476562, -4.050837993621826], "robert-c-williamson_2011": [-10.026622772216797, 5.822571754455566], "robert-c-williamson_2003": [-8.417410850524902, -3.2371490001678467], "robert-c-williamson_1994": [-10.562397956848145, -0.9560425877571106], "robert-c-williamson_1993": [-1.9927549362182617, -3.3082191944122314], "robert-c-williamson_2000": [-12.934938430786133, -0.5340129733085632], "robert-c-williamson_1992": [-2.860898971557617, -2.430638074874878], "robert-c-williamson_1991": [4.6403679847717285, -1.4896901845932007], "robert-c-williamson_2015": [-10.434606552124023, 5.899796485900879], "robert-c-williamson_2010": [-8.276376724243164, 3.6489505767822266], "robert-c-williamson_1995": [-11.107956886291504, -2.6840035915374756], "robert-c-williamson_2018": [-3.3229217529296875, -0.08745075762271881], "robert-c-williamson_2005": [-8.438514709472656, 2.997898578643799], "robert-c-williamson_2016": [-11.356035232543945, 6.034563064575195], "robert-c-williamson_1997": [-11.065078735351562, -2.7216148376464844], "robert-c-williamson_1990": [4.42186975479126, -1.8186284303665161], "robert-c-williamson_2017": [-4.897204399108887, 4.73878812789917], "robert-c-williamson_2009": [-3.758476495742798, -1.9606513977050781], "robert-c-williamson_2008": [-3.6721463203430176, -2.3811593055725098], "robert-c-williamson_2012": [-9.094267845153809, 5.382157325744629], "robert-c-williamson_1985": [2.8648359775543213, -4.370945453643799], "robert-c-williamson_1987": [2.3236083984375, -4.018012523651123], "robert-c-williamson_2004": [-10.821340560913086, 1.570803165435791], "alexander-j-smola_1998": [-11.336495399475098, 1.243491530418396], "alexander-j-smola_2007": [-12.05008316040039, 5.862320899963379], "alexander-j-smola_2005": [-12.289978981018066, 4.064741134643555], "alexander-j-smola_1999": [-12.462295532226562, 1.0433018207550049], "alexander-j-smola_2010": [-12.565962791442871, 5.514307975769043], "alexander-j-smola_2004": [-12.474926948547363, 3.383664846420288], "alexander-j-smola_2018": [-5.6330413818359375, 6.160174369812012], "alexander-j-smola_2003": [-12.536603927612305, 3.7693426609039307], "alexander-j-smola_2006": [-12.399115562438965, 3.9843976497650146], "alexander-j-smola_2016": [-13.990392684936523, 6.928003787994385], "alexander-j-smola_2000": [-12.672913551330566, 1.7872754335403442], "alexander-j-smola_1992": [2.130603313446045, -4.838778972625732], "alexander-j-smola_2001": [-11.605171203613281, 0.7207869291305542], "alexander-j-smola_2008": [-12.64707088470459, 5.461336612701416], "alexander-j-smola_2017": [-5.695162296295166, 6.210934162139893], "alexander-j-smola_2009": [-12.84839916229248, 5.182534217834473], "alexander-j-smola_2013": [-0.36366990208625793, 7.956116676330566], "alexander-j-smola_2014": [-13.131189346313477, 6.032952308654785], "alexander-j-smola_2012": [-12.536200523376465, 6.0583391189575195], "alexander-j-smola_2015": [-13.63548469543457, 6.656206130981445], "alexander-j-smola_2011": [-9.5505952835083, 3.107935905456543], "alexander-j-smola_2002": [-10.713513374328613, 1.4314908981323242], "alexander-j-smola_1997": [-6.137959957122803, -4.006245136260986], "alexander-j-smola_1995": [1.9100373983383179, -4.726480484008789], "alexander-j-smola_1996": [1.8177422285079956, -4.348860263824463], "ICWSM_2007": [5.158560276031494, 7.591546535491943], "ICWSM_2008": [4.84014892578125, 7.034671306610107], "ICWSM_2017": [4.24412202835083, 10.297845840454102], "ICWSM_2015": [4.157371997833252, 10.289488792419434], "ICWSM_2012": [3.5922598838806152, 11.424312591552734], "ICWSM_2010": [3.96294903755188, 8.384429931640625], "ICWSM_2011": [3.26753306388855, 11.143265724182129], "ICWSM_2014": [3.6570544242858887, 11.381853103637695], "ICWSM_2013": [3.595635175704956, 11.549626350402832], "ICWSM_2009": [4.048430919647217, 8.409148216247559], "ICWSM_2016": [4.184160232543945, 10.334699630737305], "ICWSM_2006": [-0.5259512662887573, -2.9654266834259033], "WSDM_2011": [0.03665361925959587, 10.135721206665039], "WSDM_2016": [0.5380518436431885, 10.343599319458008], "WSDM_2009": [1.267227292060852, 8.522305488586426], "WSDM_2018": [0.13094620406627655, 10.895533561706543], "WSDM_2012": [0.3629876375198364, 9.995804786682129], "WSDM_2017": [0.06340859830379486, 10.695466041564941], "WSDM_2014": [0.4699338972568512, 10.138866424560547], "WSDM_2010": [1.093871831893921, 8.706929206848145], "WSDM_2013": [0.6057780385017395, 10.27116870880127], "WSDM_2015": [0.7461680173873901, 8.876164436340332], "WSDM_2008": [5.254306793212891, 8.267426490783691], "CIKM_2008": [8.328466415405273, 1.3606829643249512], "CIKM_2012": [7.170585632324219, 8.144362449645996], "CIKM_2009": [7.736357688903809, 7.619856834411621], "CIKM_2006": [7.682572841644287, 0.7484176158905029], "CIKM_2005": [7.608115196228027, 0.05156904086470604], "CIKM_2013": [6.759315013885498, 7.868927001953125], "CIKM_2011": [7.729310989379883, 7.551146507263184], "CIKM_2015": [6.931899070739746, 7.052367687225342], "CIKM_2003": [6.21848726272583, -0.9047853350639343], "CIKM_2010": [7.543579578399658, 7.381361961364746], "CIKM_2002": [8.045161247253418, -1.5672070980072021], "CIKM_1994": [6.540218830108643, -3.2868478298187256], "CIKM_2007": [8.381915092468262, 0.7853690385818481], "CIKM_2017": [6.396347999572754, 7.101319789886475], "CIKM_2016": [6.721216201782227, 7.393601417541504], "CIKM_2014": [7.111537933349609, 7.581645965576172], "CIKM_1993": [7.334187984466553, -3.369370698928833], "CIKM_1995": [6.687154293060303, -3.92848801612854], "CIKM_2004": [7.643960952758789, -0.4561983346939087], "CIKM_2001": [7.402584075927734, -1.4511675834655762], "CIKM_2000": [7.779712200164795, -1.751787543296814], "CIKM_1997": [5.486279487609863, -3.5446271896362305], "CIKM_1999": [7.409308910369873, -2.0927908420562744], "CIKM_1998": [6.839934349060059, -2.7034199237823486], "CIKM_1992": [4.303783893585205, -3.9531443119049072], "CIKM_1996": [6.218576908111572, -3.3699488639831543], "ICML_2005": [-5.540099143981934, -0.8479633331298828], "ICML_2010": [-6.202596187591553, -0.7998247742652893], "ICML_1989": [2.871636390686035, 1.8234761953353882], "ICML_1991": [1.9792327880859375, 1.8717838525772095], "ICML_2016": [-7.030698776245117, 3.5050148963928223], "ICML_2014": [-7.701109886169434, 2.4351770877838135], "ICML_2017": [-6.040104389190674, 3.932682514190674], "ICML_2013": [-7.969717025756836, 2.2711522579193115], "ICML_2018": [-5.705409049987793, 3.947272300720215], "ICML_2008": [-6.177391529083252, -0.02086324244737625], "ICML_2003": [-5.594849109649658, -1.631582498550415], "ICML_2006": [-6.168720245361328, -0.41008487343788147], "ICML_2000": [-2.9025368690490723, -5.861207485198975],