{"steve-blackburn_2004": [-14.863103866577148, -21.547636032104492], "steve-blackburn_1999": [3.513782262802124, 12.556009292602539], "steve-blackburn_2011": [-14.281822204589844, -16.62662696838379], "steve-blackburn_2006": [-14.756985664367676, -22.12533950805664], "steve-blackburn_2000": [-12.311501502990723, -12.23933219909668], "steve-blackburn_2015": [-13.967934608459473, -19.287782669067383], "steve-blackburn_2005": [-13.362651824951172, -18.918254852294922], "steve-blackburn_1998": [7.461666107177734, 9.771784782409668], "steve-blackburn_2016": [-14.392663955688477, -18.71050453186035], "steve-blackburn_1996": [3.9678421020507812, 14.811270713806152], "steve-blackburn_2001": [-11.633517265319824, -18.160255432128906], "steve-blackburn_2018": [7.046652317047119, 13.730213165283203], "steve-blackburn_2010": [-14.489038467407227, -20.144773483276367], "steve-blackburn_2012": [-13.746430397033691, -16.72641372680664], "steve-blackburn_2013": [-15.220697402954102, -19.567485809326172], "steve-blackburn_1997": [2.907935380935669, 12.373638153076172], "steve-blackburn_2002": [-15.139556884765625, -21.921232223510742], "steve-blackburn_2003": [-14.781153678894043, -20.938100814819336], "steve-blackburn_2014": [-15.556641578674316, -19.90268898010254], "steve-blackburn_2008": [-12.685417175292969, -16.941925048828125], "steve-blackburn_2009": [-15.584785461425781, -20.77484703063965], "steve-blackburn_2007": [-13.914026260375977, -20.401004791259766], "antony-l-hosking_2011": [-12.798486709594727, -17.355628967285156], "antony-l-hosking_2016": [-10.983242988586426, -15.608909606933594], "antony-l-hosking_2009": [-9.211894035339355, -9.600422859191895], "antony-l-hosking_2007": [-11.21683120727539, -13.671100616455078], "antony-l-hosking_2006": [-12.625936508178711, -17.743240356445312], "antony-l-hosking_2004": [-12.264501571655273, -18.044597625732422], "antony-l-hosking_1995": [-13.586036682128906, -14.692429542541504], "antony-l-hosking_2015": [-13.626349449157715, -18.313066482543945], "antony-l-hosking_1999": [-11.70776081085205, -18.926292419433594], "antony-l-hosking_2014": [-8.038448333740234, -15.02188777923584], "antony-l-hosking_2005": [-12.611750602722168, -18.695297241210938], "antony-l-hosking_1990": [-10.82156753540039, -16.373489379882812], "antony-l-hosking_2003": [0.2677905261516571, 4.892963886260986], "antony-l-hosking_2001": [-13.61907958984375, -20.656021118164062], "antony-l-hosking_2018": [8.731719017028809, 13.397940635681152], "antony-l-hosking_2000": [-10.0543851852417, -15.304988861083984], "antony-l-hosking_1993": [-9.296146392822266, -16.37490463256836], "antony-l-hosking_2012": [-12.074185371398926, -17.236268997192383], "antony-l-hosking_1991": [-10.900333404541016, -11.346065521240234], "antony-l-hosking_1998": [-11.975428581237793, -12.636343002319336], "antony-l-hosking_1992": [-12.11912727355957, -16.417678833007812], "antony-l-hosking_2013": [7.550569534301758, 14.127667427062988], "antony-l-hosking_1997": [-12.885932922363281, -19.468915939331055], "antony-l-hosking_2010": [-13.288448333740234, -17.836938858032227], "antony-l-hosking_1994": [-11.869050979614258, -19.34599494934082], "antony-l-hosking_2008": [7.625821113586426, 13.34377384185791], "antony-l-hosking_1996": [-10.540290832519531, -16.97990608215332], "antony-l-hosking_2017": [-14.250195503234863, -21.42661476135254], "kathryn-mckinley_2009": [-9.661138534545898, -14.424744606018066], "kathryn-mckinley_2004": [-10.941908836364746, -14.753418922424316], "kathryn-mckinley_1994": [-6.751443386077881, -10.543073654174805], "kathryn-mckinley_1998": [-12.0026216506958, -14.517345428466797], "kathryn-mckinley_1990": [6.404225826263428, 2.6819417476654053], "kathryn-mckinley_1995": [5.648070812225342, 2.1976141929626465], "kathryn-mckinley_2006": [-10.202272415161133, -13.767121315002441], "kathryn-mckinley_2015": [-8.964295387268066, -11.581531524658203], "kathryn-mckinley_1991": [-6.213610649108887, -12.008732795715332], "kathryn-mckinley_2013": [-9.09418773651123, -10.831296920776367], "kathryn-mckinley_2007": [-9.853529930114746, -14.282001495361328], "kathryn-mckinley_2016": [-8.314138412475586, -12.32459545135498], "kathryn-mckinley_2011": [-8.983183860778809, -11.319076538085938], "kathryn-mckinley_2000": [-9.581256866455078, -10.566665649414062], "kathryn-mckinley_2018": [8.05992603302002, 13.398419380187988], "kathryn-mckinley_2008": [-10.603124618530273, -14.429774284362793], "kathryn-mckinley_2003": [-10.055784225463867, -12.962108612060547], "kathryn-mckinley_1997": [1.456098198890686, 2.0749919414520264], "kathryn-mckinley_2010": [-10.139999389648438, -14.78363037109375], "kathryn-mckinley_1996": [-7.8740553855896, -11.11858081817627], "kathryn-mckinley_2005": [-8.39460563659668, -12.166726112365723], "kathryn-mckinley_1992": [-6.828729152679443, -10.162581443786621], "kathryn-mckinley_1993": [-6.063171863555908, -11.17987060546875], "kathryn-mckinley_2012": [-8.748061180114746, -12.489598274230957], "kathryn-mckinley_2002": [-11.344087600708008, -15.325075149536133], "kathryn-mckinley_2001": [-9.774932861328125, -13.70569133758545], "kathryn-mckinley_2017": [-8.888890266418457, -13.615015029907227], "kathryn-mckinley_1999": [-9.85623836517334, -12.825611114501953], "kathryn-mckinley_2014": [-9.48001766204834, -13.453104972839355], "kathryn-mckinley_1989": [-5.1985249519348145, -10.434104919433594], "POPL_1993": [9.125717163085938, 7.953258514404297], "POPL_2017": [2.9736874103546143, 6.239049434661865], "POPL_1980": [11.565935134887695, 12.163481712341309], "POPL_2001": [10.942322731018066, 7.417209625244141], "POPL_2016": [2.628098487854004, 6.36221170425415], "POPL_2005": [3.5931735038757324, 8.957433700561523], "POPL_1996": [9.677950859069824, 7.863345146179199], "POPL_1988": [9.944487571716309, 9.017723083496094], "POPL_2006": [3.98603892326355, 8.9288969039917], "POPL_2007": [4.058097839355469, 9.93796157836914], "POPL_1991": [10.650118827819824, 8.737628936767578], "POPL_1977": [11.152355194091797, 12.910164833068848], "POPL_1982": [10.284708023071289, 10.488386154174805], "POPL_2004": [8.128098487854004, 5.567932605743408], "POPL_1989": [9.668139457702637, 10.089973449707031], "POPL_1981": [10.450640678405762, 11.351554870605469], "POPL_2000": [10.803152084350586, 7.532289981842041], "POPL_2013": [5.177092552185059, 9.493173599243164], "POPL_1987": [10.20962142944336, 10.69522476196289], "POPL_1986": [10.374784469604492, 9.892748832702637], "POPL_1973": [10.855476379394531, 13.582573890686035], "POPL_1978": [10.706631660461426, 12.743038177490234], "POPL_1995": [9.585515975952148, 8.032541275024414], "POPL_1985": [11.503180503845215, 9.532139778137207], "POPL_1976": [10.225667953491211, 12.373571395874023], "POPL_2009": [4.483574867248535, 8.833967208862305], "POPL_1984": [11.073596000671387, 10.590853691101074], "POPL_2012": [4.59646463394165, 7.881834030151367], "POPL_2010": [3.5884077548980713, 8.195511817932129], "POPL_1999": [8.86349868774414, 6.260388374328613], "POPL_2014": [4.053784370422363, 8.283336639404297], "POPL_1983": [10.907615661621094, 10.345603942871094], "POPL_1975": [6.336169242858887, 13.103326797485352], "POPL_2002": [8.010225296020508, 5.7962870597839355], "POPL_2003": [8.23330307006836, 7.566364765167236], "POPL_2011": [4.531270980834961, 8.15237808227539], "POPL_2008": [4.262996196746826, 9.523710250854492], "POPL_1994": [10.116103172302246, 8.415334701538086], "POPL_1992": [9.199946403503418, 9.8235445022583], "POPL_2015": [5.101565361022949, 8.829562187194824], "POPL_1997": [10.196102142333984, 8.145794868469238], "POPL_1998": [8.6460542678833, 6.769240379333496], "POPL_1979": [10.761750221252441, 12.310588836669922], "PLDI_2015": [1.7321561574935913, 3.6487631797790527], "PLDI_1991": [8.568116188049316, 8.885784149169922], "PLDI_2018": [4.261771202087402, 6.7744059562683105], "PLDI_1996": [6.049203395843506, 6.552221298217773], "PLDI_2001": [4.8687028884887695, 5.426764488220215],