{"cheng-soon-ong_2007": [-16.18868064880371, 8.70761489868164], "cheng-soon-ong_2015": [-16.749736785888672, 5.362850666046143], "cheng-soon-ong_2016": [-16.222305297851562, 4.588064193725586], "cheng-soon-ong_2008": [-15.874202728271484, 9.988809585571289], "cheng-soon-ong_2005": [-16.667200088500977, 7.129068374633789], "cheng-soon-ong_2009": [-17.37018585205078, 9.639311790466309], "cheng-soon-ong_2014": [-18.181398391723633, 9.591588020324707], "cheng-soon-ong_2017": [-9.715408325195312, 12.00863265991211], "cheng-soon-ong_2006": [-16.421123504638672, 9.275420188903809], "cheng-soon-ong_2003": [-15.889089584350586, 6.580385684967041], "cheng-soon-ong_2004": [-11.420125961303711, 4.6854023933410645], "robert-c-williamson_2014": [-12.97290325164795, 4.239537239074707], "robert-c-williamson_2007": [-12.81421947479248, 7.670347213745117], "robert-c-williamson_2002": [-9.813122749328613, 3.274216413497925], "robert-c-williamson_1998": [-9.495561599731445, 0.9651090502738953], "robert-c-williamson_1999": [-7.475642681121826, 0.15351712703704834], "robert-c-williamson_2001": [-7.7969889640808105, 0.9458156228065491], "robert-c-williamson_2006": [-10.769196510314941, 3.0426669120788574], "robert-c-williamson_1996": [-8.320975303649902, 0.21793635189533234], "robert-c-williamson_1988": [18.400287628173828, -5.310600280761719], "robert-c-williamson_2011": [-14.623580932617188, 4.21023416519165], "robert-c-williamson_2003": [-6.934528827667236, -1.9601560831069946], "robert-c-williamson_1994": [-12.766959190368652, 10.289045333862305], "robert-c-williamson_1993": [-1.1615800857543945, -11.051986694335938], "robert-c-williamson_2000": [-7.156915187835693, -0.26445022225379944], "robert-c-williamson_1992": [-6.417782306671143, -2.483677387237549], "robert-c-williamson_1991": [-5.645577907562256, 3.064554452896118], "robert-c-williamson_2015": [-13.625860214233398, 4.534830570220947], "robert-c-williamson_2010": [-13.46684455871582, 5.577980041503906], "robert-c-williamson_1995": [-5.847044467926025, 0.6504825353622437], "robert-c-williamson_2018": [4.5420427322387695, -0.33466172218322754], "robert-c-williamson_2005": [-12.202442169189453, 6.9844489097595215], "robert-c-williamson_2016": [-15.68966293334961, 4.89957857131958], "robert-c-williamson_1997": [-5.37519645690918, 0.5438404083251953], "robert-c-williamson_1990": [-4.401820182800293, 3.1342921257019043], "robert-c-williamson_2017": [-9.462333679199219, 11.475147247314453], "robert-c-williamson_2009": [-7.686082363128662, -4.164157867431641], "robert-c-williamson_2008": [-7.664649963378906, -4.093118667602539], "robert-c-williamson_2012": [-13.764467239379883, 3.7292823791503906], "robert-c-williamson_1985": [13.727662086486816, -1.709855556488037], "robert-c-williamson_1987": [14.08293342590332, -2.3568193912506104], "robert-c-williamson_2004": [-14.8239164352417, 6.181708335876465], "alexander-j-smola_1998": [-7.397077560424805, 3.5121803283691406], "alexander-j-smola_2007": [-9.477721214294434, 5.812374114990234], "alexander-j-smola_2005": [-9.384843826293945, 5.160289764404297], "alexander-j-smola_1999": [-7.292983055114746, 2.1512796878814697], "alexander-j-smola_2010": [-9.950754165649414, 7.079498767852783], "alexander-j-smola_2004": [-10.880119323730469, 5.419058322906494], "alexander-j-smola_2018": [-8.168645858764648, 10.909316062927246], "alexander-j-smola_2003": [-8.794118881225586, 5.489923000335693], "alexander-j-smola_2006": [-9.696147918701172, 5.529397487640381], "alexander-j-smola_2016": [-9.196096420288086, 10.040273666381836], "alexander-j-smola_2000": [-6.546090602874756, 2.8968617916107178], "alexander-j-smola_1992": [13.251243591308594, -3.4877490997314453], "alexander-j-smola_2001": [-6.136178970336914, 2.9448435306549072], "alexander-j-smola_2008": [-10.525742530822754, 6.836099147796631], "alexander-j-smola_2017": [-7.187891960144043, 10.778886795043945], "alexander-j-smola_2009": [-9.606001853942871, 6.683095932006836], "alexander-j-smola_2013": [-8.007486343383789, 7.772221088409424], "alexander-j-smola_2014": [-9.953614234924316, 8.537020683288574], "alexander-j-smola_2012": [-11.121516227722168, 7.765203952789307], "alexander-j-smola_2015": [-9.802409172058105, 9.080390930175781], "alexander-j-smola_2011": [-8.717130661010742, 7.245028972625732], "alexander-j-smola_2002": [-8.221476554870605, 4.171713352203369], "alexander-j-smola_1997": [3.698352336883545, -0.10548214614391327], "alexander-j-smola_1995": [11.87063217163086, -2.3560965061187744], "alexander-j-smola_1996": [13.151774406433105, -1.3315640687942505], "ICWSM_2007": [-9.937747955322266, -2.0845861434936523], "ICWSM_2008": [-2.4082558155059814, 6.237257480621338], "ICWSM_2017": [-0.7406707406044006, 7.478793144226074], "ICWSM_2015": [-1.569685697555542, 9.091215133666992], "ICWSM_2012": [-1.3894907236099243, 8.362643241882324], "ICWSM_2010": [-2.122626304626465, 6.660832405090332], "ICWSM_2011": [-2.0513696670532227, 7.78496789932251], "ICWSM_2014": [-0.9703851938247681, 9.694887161254883], "ICWSM_2013": [-1.0665168762207031, 9.200203895568848], "ICWSM_2009": [-2.3809080123901367, 6.524815559387207], "ICWSM_2016": [-0.901518702507019, 7.799839973449707], "ICWSM_2006": [-10.725311279296875, -3.24566388130188], "WSDM_2011": [-4.235042572021484, 13.331171035766602], "WSDM_2016": [-4.830843925476074, 11.817581176757812], "WSDM_2009": [-3.4079830646514893, 13.949835777282715], "WSDM_2018": [-5.445492744445801, 11.720870018005371], "WSDM_2012": [-4.016648292541504, 12.844803810119629], "WSDM_2017": [-5.2007737159729, 12.597579002380371], "WSDM_2014": [-4.634629249572754, 12.502518653869629], "WSDM_2010": [-3.424917697906494, 13.564844131469727], "WSDM_2013": [-4.243804931640625, 11.71498966217041], "WSDM_2015": [-4.2245097160339355, 12.03589916229248], "WSDM_2008": [-5.031749248504639, 13.858057022094727], "CIKM_2008": [1.0297603607177734, -4.875768184661865], "CIKM_2012": [0.609336256980896, -2.7837226390838623], "CIKM_2009": [1.0672088861465454, -3.4157888889312744], "CIKM_2006": [1.624374508857727, -6.087672710418701], "CIKM_2005": [0.9876337051391602, -5.393322467803955], "CIKM_2013": [-0.1879195123910904, -2.7520034313201904], "CIKM_2011": [0.7828885912895203, -3.96242356300354], "CIKM_2015": [-0.6019923686981201, -2.145570993423462], "CIKM_2003": [1.7191121578216553, -5.224071502685547], "CIKM_2010": [0.15852853655815125, -3.468505620956421], "CIKM_2002": [3.332095146179199, -6.613738536834717], "CIKM_1994": [4.872468948364258, -11.606748580932617], "CIKM_2007": [2.293651580810547, -4.016234397888184], "CIKM_2017": [-1.1695499420166016, -1.565476655960083], "CIKM_2016": [-0.342978835105896, -1.5972028970718384], "CIKM_2014": [0.43617814779281616, -1.818158745765686], "CIKM_1993": [4.748263835906982, -12.067657470703125], "CIKM_1995": [3.758645534515381, -12.335494995117188], "CIKM_2004": [2.706037759780884, -4.360827922821045], "CIKM_2001": [3.5360159873962402, -5.72307825088501], "CIKM_2000": [3.484320878982544, -6.936112403869629], "CIKM_1997": [5.531857490539551, -10.189881324768066], "CIKM_1999": [4.168090343475342, -6.347619533538818], "CIKM_1998": [4.527644157409668, -7.350010871887207], "CIKM_1992": [5.82704496383667, -12.019608497619629], "CIKM_1996": [4.6672163009643555, -11.370912551879883], "ICML_2005": [1.9792715311050415, 1.5072804689407349], "ICML_2010": [4.23029899597168, 1.1394861936569214], "ICML_1989": [12.832198143005371, -11.348340034484863], "ICML_1991": [12.681979179382324, -11.123629570007324], "ICML_2016": [4.503207206726074, -0.5674673914909363], "ICML_2014": [4.057765007019043, -0.41405540704727173], "ICML_2017": [3.3532557487487793, 4.3570733070373535], "ICML_2013": [3.6503636837005615, -0.4491559565067291], "ICML_2018": [3.8277032375335693, 5.0469512939453125], "ICML_2008": [2.322352409362793, 0.06230964884161949], "ICML_2003": [1.5662715435028076, 0.973141074180603], "ICML_2006": [2.6138148307800293, 0.6503488421440125], "ICML_2000": [7.220030784606934, -1.326930284500122],