{"steve-blackburn_2004": [-21.446413040161133, 15.934321403503418], "steve-blackburn_1999": [14.697508811950684, -9.269279479980469], "steve-blackburn_2011": [-16.846315383911133, 10.320535659790039], "steve-blackburn_2006": [-22.11614227294922, 15.959596633911133], "steve-blackburn_2000": [-12.551939964294434, 6.010542392730713], "steve-blackburn_2015": [-18.599998474121094, 14.660501480102539], "steve-blackburn_2005": [-18.71331787109375, 13.078451156616211], "steve-blackburn_1998": [11.381278991699219, -13.530710220336914], "steve-blackburn_2016": [-18.636734008789062, 14.27992057800293], "steve-blackburn_1996": [2.0378360748291016, -7.676399230957031], "steve-blackburn_2001": [-18.000890731811523, 11.92111587524414], "steve-blackburn_2018": [14.028395652770996, -16.76608657836914], "steve-blackburn_2010": [-19.81075668334961, 15.291930198669434], "steve-blackburn_2012": [-16.717622756958008, 10.702838897705078], "steve-blackburn_2013": [-19.1168212890625, 16.112205505371094], "steve-blackburn_1997": [13.993091583251953, -8.910414695739746], "steve-blackburn_2002": [-21.81906509399414, 16.241056442260742], "steve-blackburn_2003": [-20.776020050048828, 15.751585960388184], "steve-blackburn_2014": [-19.289199829101562, 16.441272735595703], "steve-blackburn_2008": [-16.593505859375, 11.955265045166016], "steve-blackburn_2009": [-20.372983932495117, 16.628416061401367], "steve-blackburn_2007": [-20.090871810913086, 14.826499938964844], "antony-l-hosking_2011": [-16.836816787719727, 12.253528594970703], "antony-l-hosking_2016": [-12.850674629211426, 10.985785484313965], "antony-l-hosking_2009": [-7.518498420715332, 4.832223892211914], "antony-l-hosking_2007": [-13.073371887207031, 7.839854717254639], "antony-l-hosking_2006": [-16.63243293762207, 12.8591947555542], "antony-l-hosking_2004": [-16.51414680480957, 13.272726058959961], "antony-l-hosking_1995": [-15.270915031433105, 7.88356351852417], "antony-l-hosking_2015": [-17.958406448364258, 13.458069801330566], "antony-l-hosking_1999": [-16.105388641357422, 14.34634017944336], "antony-l-hosking_2014": [-11.586297988891602, 11.738030433654785], "antony-l-hosking_2005": [-16.923585891723633, 13.897177696228027], "antony-l-hosking_1990": [-14.118571281433105, 9.775568008422852], "antony-l-hosking_2003": [-2.568538188934326, 1.8888789415359497], "antony-l-hosking_2001": [-20.253807067871094, 14.579492568969727], "antony-l-hosking_2018": [13.428481101989746, -16.277713775634766], "antony-l-hosking_2000": [-12.765092849731445, 8.92662239074707], "antony-l-hosking_1993": [-14.050007820129395, 7.609972953796387], "antony-l-hosking_2012": [-16.033489227294922, 12.490715026855469], "antony-l-hosking_1991": [-10.546331405639648, 5.7275776863098145], "antony-l-hosking_1998": [-12.582962036132812, 6.508998870849609], "antony-l-hosking_1992": [-15.082428932189941, 11.754151344299316], "antony-l-hosking_2013": [13.15922737121582, -16.33455467224121], "antony-l-hosking_1997": [-17.57463836669922, 14.541543006896973], "antony-l-hosking_2010": [-17.39493751525879, 12.677149772644043], "antony-l-hosking_1994": [-15.553707122802734, 14.013163566589355], "antony-l-hosking_2008": [13.823036193847656, -15.962928771972656], "antony-l-hosking_1996": [-14.665199279785156, 9.139737129211426], "antony-l-hosking_2017": [-21.317838668823242, 15.274412155151367], "kathryn-mckinley_2009": [-11.612634658813477, 8.950521469116211], "kathryn-mckinley_2004": [-12.241596221923828, 10.221261024475098], "kathryn-mckinley_1994": [-5.897891998291016, 7.20147705078125], "kathryn-mckinley_1998": [-9.971923828125, 10.91226863861084], "kathryn-mckinley_1990": [-0.08426754921674728, -2.7793402671813965], "kathryn-mckinley_1995": [-0.9544196724891663, -1.9621976613998413], "kathryn-mckinley_2006": [-11.006604194641113, 9.305730819702148], "kathryn-mckinley_2015": [-8.555769920349121, 6.8665289878845215], "kathryn-mckinley_1991": [-5.918917179107666, 8.979191780090332], "kathryn-mckinley_2013": [-8.22193717956543, 6.054584980010986], "kathryn-mckinley_2007": [-11.627965927124023, 8.806138038635254], "kathryn-mckinley_2016": [-8.524930000305176, 7.950706958770752], "kathryn-mckinley_2011": [-8.399864196777344, 6.597595691680908], "kathryn-mckinley_2000": [-8.516222953796387, 5.497980117797852], "kathryn-mckinley_2018": [12.821104049682617, -16.94422149658203], "kathryn-mckinley_2008": [-11.725461959838867, 9.911513328552246], "kathryn-mckinley_2003": [-10.668538093566895, 7.960453510284424], "kathryn-mckinley_1997": [-1.9668078422546387, 4.429851531982422], "kathryn-mckinley_2010": [-12.047806739807129, 9.40085506439209], "kathryn-mckinley_1996": [-7.203677654266357, 7.074335098266602], "kathryn-mckinley_2005": [-8.43251895904541, 7.786052703857422], "kathryn-mckinley_1992": [-5.771923065185547, 6.7659478187561035], "kathryn-mckinley_1993": [-5.570003032684326, 8.283632278442383], "kathryn-mckinley_2012": [-9.021875381469727, 7.919341087341309], "kathryn-mckinley_2002": [-13.122885704040527, 10.260756492614746], "kathryn-mckinley_2001": [-10.47858715057373, 9.560002326965332], "kathryn-mckinley_2017": [-9.771699905395508, 9.012114524841309], "kathryn-mckinley_1999": [-10.440138816833496, 7.916445255279541], "kathryn-mckinley_2014": [-10.515043258666992, 8.734621047973633], "kathryn-mckinley_1989": [-4.404715061187744, 7.748143196105957], "POPL_1993": [6.154881000518799, -9.451701164245605], "POPL_2017": [2.099978446960449, 2.641167163848877], "POPL_1980": [8.794363021850586, -16.730091094970703], "POPL_2001": [8.478540420532227, -10.315990447998047], "POPL_2016": [2.1417770385742188, 2.7564549446105957], "POPL_2005": [8.7554349899292, -5.195744037628174], "POPL_1996": [5.662642478942871, -10.19766902923584], "POPL_1988": [7.113401889801025, -11.308549880981445], "POPL_2006": [9.658088684082031, -4.506484508514404], "POPL_2007": [9.631811141967773, -5.628494739532471], "POPL_1991": [6.236565113067627, -11.337188720703125], "POPL_1977": [9.810103416442871, -16.376283645629883], "POPL_1982": [7.654154300689697, -14.146263122558594], "POPL_2004": [8.256778717041016, -6.247737407684326], "POPL_1989": [7.813674449920654, -13.06305980682373], "POPL_1981": [8.344183921813965, -14.758075714111328], "POPL_2000": [8.355535507202148, -10.312231063842773], "POPL_2013": [8.016949653625488, -3.94628643989563], "POPL_1987": [7.693562030792236, -13.97231674194336], "POPL_1986": [6.915981769561768, -13.659558296203613], "POPL_1973": [14.47445297241211, -13.115357398986816], "POPL_1978": [9.64972972869873, -16.054889678955078], "POPL_1995": [6.050355434417725, -9.90904712677002], "POPL_1985": [6.0413818359375, -14.265337944030762], "POPL_1976": [9.903443336486816, -15.460320472717285], "POPL_2009": [8.967703819274902, -4.386804103851318], "POPL_1984": [7.21965217590332, -14.913440704345703], "POPL_2012": [8.688858985900879, -2.8248305320739746], "POPL_2010": [9.806840896606445, -3.7789156436920166], "POPL_1999": [6.564769744873047, -7.136518478393555], "POPL_2014": [9.235125541687012, -3.4138779640197754], "POPL_1983": [7.124751567840576, -14.41744613647461], "POPL_1975": [14.555309295654297, -14.463308334350586], "POPL_2002": [7.362353801727295, -6.4815568923950195], "POPL_2003": [6.658102989196777, -8.286310195922852], "POPL_2011": [8.82880687713623, -3.946788787841797], "POPL_2008": [9.520096778869629, -4.9287495613098145], "POPL_1994": [6.367898464202881, -10.557092666625977], "POPL_1992": [7.6966094970703125, -12.45002269744873], "POPL_2015": [8.034881591796875, -3.349696636199951], "POPL_1997": [6.618326187133789, -10.406900405883789], "POPL_1998": [5.991549491882324, -7.512825012207031], "POPL_1979": [9.434104919433594, -15.915111541748047], "PLDI_2015": [-0.23073239624500275, 3.621264696121216], "PLDI_1991": [5.140368461608887, -12.237933158874512], "PLDI_2018": [6.151795387268066, -0.9627091288566589], "PLDI_1996": [4.107351779937744, -3.7349140644073486], "PLDI_2001": [2.072431802749634, -0.6728091239929199],