{"steve-blackburn_2004": [9.121210098266602, -62.4871940612793], "steve-blackburn_1999": [-22.63837432861328, -28.204805374145508], "steve-blackburn_2011": [-38.2000617980957, -8.749828338623047], "steve-blackburn_2006": [-1.74911630153656, -55.847599029541016], "steve-blackburn_2000": [-29.449480056762695, 30.99598503112793], "steve-blackburn_2015": [-5.529449939727783, -53.10121536254883], "steve-blackburn_2005": [-34.092525482177734, -5.159947872161865], "steve-blackburn_1998": [-20.93610191345215, -27.729511260986328], "steve-blackburn_2016": [-1.9086227416992188, -62.02742385864258], "steve-blackburn_1996": [-6.9011688232421875, -25.09147834777832], "steve-blackburn_2001": [-41.025970458984375, 15.741949081420898], "steve-blackburn_2018": [-11.84569263458252, -30.095531463623047], "steve-blackburn_2010": [-45.94554138183594, 17.25192642211914], "steve-blackburn_2012": [1.7450358867645264, -68.56758880615234], "steve-blackburn_2013": [-36.03799057006836, -5.657839298248291], "steve-blackburn_1997": [-20.55965232849121, -27.079442977905273], "steve-blackburn_2002": [6.776041030883789, -60.798316955566406], "steve-blackburn_2003": [-0.40062975883483887, -57.90824890136719], "steve-blackburn_2014": [-2.2626771926879883, -64.40657806396484], "steve-blackburn_2008": [-41.914794921875, 17.694889068603516], "steve-blackburn_2009": [-31.11949348449707, -13.111920356750488], "steve-blackburn_2007": [-0.944732129573822, -54.333396911621094], "antony-l-hosking_2011": [9.776571273803711, -63.73070526123047], "antony-l-hosking_2016": [-42.78428649902344, 20.40579605102539], "antony-l-hosking_2009": [-24.087358474731445, 18.205686569213867], "antony-l-hosking_2007": [-33.0352783203125, 27.193910598754883], "antony-l-hosking_2006": [7.702031135559082, -60.06537628173828], "antony-l-hosking_2004": [8.454767227172852, -59.096275329589844], "antony-l-hosking_1995": [-32.442623138427734, 30.64691162109375], "antony-l-hosking_2015": [-0.6696529388427734, -60.35665512084961], "antony-l-hosking_1999": [8.307073593139648, -57.256160736083984], "antony-l-hosking_2014": [16.935853958129883, 20.335697174072266], "antony-l-hosking_2005": [-35.69964599609375, 12.347686767578125], "antony-l-hosking_1990": [-35.98653030395508, 22.719030380249023], "antony-l-hosking_2003": [24.156217575073242, 10.076844215393066], "antony-l-hosking_2001": [-3.5216715335845947, -55.4467887878418], "antony-l-hosking_2018": [-11.638167381286621, -32.15434646606445], "antony-l-hosking_2000": [-39.125732421875, 17.741748809814453], "antony-l-hosking_1993": [-18.309419631958008, 35.39474868774414], "antony-l-hosking_2012": [-36.059288024902344, 20.685792922973633], "antony-l-hosking_1991": [15.552936553955078, 6.398019313812256], "antony-l-hosking_1998": [-29.027807235717773, 29.052045822143555], "antony-l-hosking_1992": [-16.5728759765625, 35.36759948730469], "antony-l-hosking_2013": [-10.287893295288086, -33.48762893676758], "antony-l-hosking_1997": [-28.591890335083008, 26.394006729125977], "antony-l-hosking_2010": [-44.9914665222168, 17.589258193969727], "antony-l-hosking_1994": [-34.675636291503906, 25.517547607421875], "antony-l-hosking_2008": [-9.164217948913574, -31.96087646484375], "antony-l-hosking_1996": [-30.221715927124023, 27.60744285583496], "antony-l-hosking_2017": [-41.13990783691406, 19.145048141479492], "kathryn-mckinley_2009": [-31.629087448120117, -12.361729621887207], "kathryn-mckinley_2004": [1.9141573905944824, -67.1110610961914], "kathryn-mckinley_1994": [3.579019784927368, 31.904203414916992], "kathryn-mckinley_1998": [-35.86682891845703, 8.720842361450195], "kathryn-mckinley_1990": [16.4580135345459, -15.419885635375977], "kathryn-mckinley_1995": [3.7756738662719727, -1.4679720401763916], "kathryn-mckinley_2006": [-0.21184594929218292, -64.68663024902344], "kathryn-mckinley_2015": [-39.931373596191406, -3.3577849864959717], "kathryn-mckinley_1991": [3.9580466747283936, 36.6900634765625], "kathryn-mckinley_2013": [-38.14915084838867, -1.4992344379425049], "kathryn-mckinley_2007": [-3.4497342109680176, -53.42583465576172], "kathryn-mckinley_2016": [-42.98258972167969, 1.5085666179656982], "kathryn-mckinley_2011": [-39.20919418334961, -2.38429594039917], "kathryn-mckinley_2000": [-40.162017822265625, 6.999090671539307], "kathryn-mckinley_2018": [-10.00098705291748, -28.97064971923828], "kathryn-mckinley_2008": [0.9928325414657593, -65.92606353759766], "kathryn-mckinley_2003": [-37.99435043334961, 3.4412624835968018], "kathryn-mckinley_1997": [14.882962226867676, 10.975346565246582], "kathryn-mckinley_2010": [-3.7203614711761475, -52.54632568359375], "kathryn-mckinley_1996": [-37.69640350341797, 6.54827356338501], "kathryn-mckinley_2005": [-43.307395935058594, 0.2847512364387512], "kathryn-mckinley_1992": [10.935210227966309, 13.1964111328125], "kathryn-mckinley_1993": [3.8306612968444824, 33.72029495239258], "kathryn-mckinley_2012": [-41.9462890625, -0.7459126710891724], "kathryn-mckinley_2002": [-0.6856985688209534, -63.399070739746094], "kathryn-mckinley_2001": [-35.828495025634766, 9.95055866241455], "kathryn-mckinley_2017": [-40.788692474365234, 4.045696258544922], "kathryn-mckinley_1999": [-38.853790283203125, 5.78373908996582], "kathryn-mckinley_2014": [-36.92348098754883, -6.769165992736816], "kathryn-mckinley_1989": [5.4348015785217285, -1.7984261512756348], "POPL_1993": [30.276952743530273, -6.886991500854492], "POPL_2017": [-35.87276840209961, 15.642298698425293], "POPL_1980": [10.329718589782715, -27.629438400268555], "POPL_2001": [26.355995178222656, -1.2112245559692383], "POPL_2016": [-20.1544189453125, 22.777732849121094], "POPL_2005": [41.72835922241211, 18.615949630737305], "POPL_1996": [28.636852264404297, -9.339144706726074], "POPL_1988": [20.489826202392578, -16.018112182617188], "POPL_2006": [41.46186828613281, 21.707725524902344], "POPL_2007": [44.15813446044922, 20.408241271972656], "POPL_1991": [25.348543167114258, -12.655577659606934], "POPL_1977": [8.323841094970703, -29.020858764648438], "POPL_1982": [18.63802719116211, -17.646066665649414], "POPL_2004": [43.042579650878906, 17.22612953186035], "POPL_1989": [26.083505630493164, -14.033935546875], "POPL_1981": [15.577502250671387, -22.549274444580078], "POPL_2000": [27.03163719177246, -1.7945607900619507], "POPL_2013": [39.556556701660156, 25.735565185546875], "POPL_1987": [17.22196388244629, -21.491886138916016], "POPL_1986": [18.8565673828125, -22.137752532958984], "POPL_1973": [6.70380973815918, -29.64699935913086], "POPL_1978": [7.847551345825195, -27.921489715576172], "POPL_1995": [29.845285415649414, -8.441617012023926], "POPL_1985": [17.3786678314209, -17.113693237304688], "POPL_1976": [5.95468282699585, -26.32240104675293], "POPL_2009": [41.08982849121094, 22.86357307434082], "POPL_1984": [15.879194259643555, -19.25002670288086], "POPL_2012": [37.689903259277344, 28.905452728271484], "POPL_2010": [41.090248107910156, 29.023916244506836], "POPL_1999": [29.39240264892578, -4.472133636474609], "POPL_2014": [37.47866439819336, 30.66916275024414], "POPL_1983": [17.516555786132812, -19.81133460998535], "POPL_1975": [-3.1102488040924072, -28.8741455078125], "POPL_2002": [42.04507064819336, 16.39659309387207], "POPL_2003": [22.231075286865234, 5.576777935028076], "POPL_2011": [40.85978698730469, 30.16820526123047], "POPL_2008": [41.620025634765625, 20.184165954589844], "POPL_1994": [30.77359390258789, -10.858981132507324], "POPL_1992": [21.521568298339844, -13.28791332244873], "POPL_2015": [38.4407958984375, 27.96308135986328], "POPL_1997": [31.599836349487305, -10.31418514251709], "POPL_1998": [31.611574172973633, -5.887455940246582], "POPL_1979": [8.473066329956055, -26.72498893737793], "PLDI_2015": [-35.01029968261719, 17.987300872802734], "PLDI_1991": [7.9999823570251465, 14.694522857666016], "PLDI_2018": [-15.45621109008789, 28.87652015686035], "PLDI_1996": [4.3845391273498535, 25.766841888427734], "PLDI_2001": [-3.968700647354126, 31.36797332763672],