{"steve-blackburn_2004": [18.78232765197754, -21.69070816040039], "steve-blackburn_1999": [-5.4112958908081055, 19.458227157592773], "steve-blackburn_2011": [16.411603927612305, -14.725255012512207], "steve-blackburn_2006": [14.90444564819336, -18.647918701171875], "steve-blackburn_2000": [2.706571102142334, -10.115211486816406], "steve-blackburn_2015": [15.108591079711914, -17.332895278930664], "steve-blackburn_2005": [11.003067016601562, -15.302485466003418], "steve-blackburn_1998": [-6.0554585456848145, 18.870763778686523], "steve-blackburn_2016": [16.991609573364258, -18.45926284790039], "steve-blackburn_1996": [-10.992691040039062, 19.936519622802734], "steve-blackburn_2001": [9.143773078918457, -13.897750854492188], "steve-blackburn_2018": [-11.657480239868164, 18.318038940429688], "steve-blackburn_2010": [11.945696830749512, -14.058025360107422], "steve-blackburn_2012": [19.137134552001953, -18.830934524536133], "steve-blackburn_2013": [13.730355262756348, -13.31754207611084], "steve-blackburn_1997": [-6.105132579803467, 18.82184410095215], "steve-blackburn_2002": [16.878694534301758, -20.426368713378906], "steve-blackburn_2003": [15.47855281829834, -19.46282386779785], "steve-blackburn_2014": [17.116897583007812, -16.791091918945312], "steve-blackburn_2008": [9.426050186157227, -12.677017211914062], "steve-blackburn_2009": [13.310957908630371, -15.889328956604004], "steve-blackburn_2007": [13.825201034545898, -18.835493087768555], "antony-l-hosking_2011": [19.210451126098633, -21.94325828552246], "antony-l-hosking_2016": [11.104269981384277, -12.723069190979004], "antony-l-hosking_2009": [4.1992692947387695, -6.289424419403076], "antony-l-hosking_2007": [4.647189617156982, -10.38466739654541], "antony-l-hosking_2006": [17.51678466796875, -20.711854934692383], "antony-l-hosking_2004": [17.16852378845215, -21.372434616088867], "antony-l-hosking_1995": [1.7829729318618774, -8.878785133361816], "antony-l-hosking_2015": [16.273635864257812, -18.984827041625977], "antony-l-hosking_1999": [15.865645408630371, -21.47564697265625], "antony-l-hosking_2014": [-2.0405452251434326, 3.933530807495117], "antony-l-hosking_2005": [10.982217788696289, -11.26195240020752], "antony-l-hosking_1990": [6.443687915802002, -10.612787246704102], "antony-l-hosking_2003": [-7.923634052276611, 6.427107810974121], "antony-l-hosking_2001": [14.337712287902832, -18.172046661376953], "antony-l-hosking_2018": [-11.46049976348877, 16.746965408325195], "antony-l-hosking_2000": [8.167595863342285, -11.97811508178711], "antony-l-hosking_1993": [0.3931599259376526, -5.305686950683594], "antony-l-hosking_2012": [7.476810455322266, -9.801851272583008], "antony-l-hosking_1991": [-5.740299701690674, 10.700535774230957], "antony-l-hosking_1998": [3.352355718612671, -8.916363716125488], "antony-l-hosking_1992": [0.05398118495941162, -4.027310848236084], "antony-l-hosking_2013": [-11.997062683105469, 17.15599822998047], "antony-l-hosking_1997": [5.119308948516846, -8.234779357910156], "antony-l-hosking_2010": [11.228350639343262, -13.791365623474121], "antony-l-hosking_1994": [5.529303550720215, -10.975738525390625], "antony-l-hosking_2008": [-10.149443626403809, 16.944927215576172], "antony-l-hosking_1996": [4.073511600494385, -8.969293594360352], "antony-l-hosking_2017": [9.248711585998535, -11.884090423583984], "kathryn-mckinley_2009": [13.31146240234375, -15.443124771118164], "kathryn-mckinley_2004": [18.454832077026367, -19.394319534301758], "kathryn-mckinley_1994": [3.4131534099578857, 3.7500414848327637], "kathryn-mckinley_1998": [10.33940315246582, -6.999124050140381], "kathryn-mckinley_1990": [-16.643230438232422, 9.887406349182129], "kathryn-mckinley_1995": [-5.89234733581543, 14.092927932739258], "kathryn-mckinley_2006": [17.612865447998047, -17.536758422851562], "kathryn-mckinley_2015": [13.879195213317871, -11.848189353942871], "kathryn-mckinley_1991": [10.704893112182617, -5.381671905517578], "kathryn-mckinley_2013": [15.065539360046387, -11.43500804901123], "kathryn-mckinley_2007": [14.073626518249512, -17.077526092529297], "kathryn-mckinley_2016": [13.916081428527832, -8.569875717163086], "kathryn-mckinley_2011": [14.437006950378418, -11.534085273742676], "kathryn-mckinley_2000": [9.83622932434082, -8.477991104125977], "kathryn-mckinley_2018": [-10.81425666809082, 18.22478675842285], "kathryn-mckinley_2008": [18.08843421936035, -18.504343032836914], "kathryn-mckinley_2003": [12.826886177062988, -10.807085990905762], "kathryn-mckinley_1997": [-4.894406318664551, 9.242585182189941], "kathryn-mckinley_2010": [13.990809440612793, -17.203689575195312], "kathryn-mckinley_1996": [11.038522720336914, -7.337337493896484], "kathryn-mckinley_2005": [14.33258056640625, -8.94204330444336], "kathryn-mckinley_1992": [-0.6252648234367371, 9.164287567138672], "kathryn-mckinley_1993": [4.2265214920043945, 3.6410207748413086], "kathryn-mckinley_2012": [14.272727966308594, -9.935357093811035], "kathryn-mckinley_2002": [16.638782501220703, -17.920228958129883], "kathryn-mckinley_2001": [10.954031944274902, -10.201682090759277], "kathryn-mckinley_2017": [12.523503303527832, -9.034448623657227], "kathryn-mckinley_1999": [11.207579612731934, -8.644145965576172], "kathryn-mckinley_2014": [14.30229663848877, -14.019986152648926], "kathryn-mckinley_1989": [-6.745765209197998, 13.897841453552246], "POPL_1993": [-11.702350616455078, 5.370087623596191], "POPL_2017": [9.590137481689453, -10.828546524047852], "POPL_1980": [-15.422853469848633, 14.701116561889648], "POPL_2001": [-15.512932777404785, 6.576550483703613], "POPL_2016": [7.407381534576416, -5.613227844238281], "POPL_2005": [-7.533466339111328, 1.6972311735153198], "POPL_1996": [-12.236266136169434, 6.800661087036133], "POPL_1988": [-13.925700187683105, 9.814167976379395], "POPL_2006": [-6.0866007804870605, 1.0939825773239136], "POPL_2007": [-7.725958347320557, 0.34956738352775574], "POPL_1991": [-13.177730560302734, 8.223806381225586], "POPL_1977": [-15.060552597045898, 15.697019577026367], "POPL_1982": [-14.884124755859375, 10.569819450378418], "POPL_2004": [-8.658781051635742, 1.6322031021118164], "POPL_1989": [-14.037676811218262, 8.006357192993164], "POPL_1981": [-14.214509010314941, 13.621963500976562], "POPL_2000": [-15.296208381652832, 6.489398002624512], "POPL_2013": [-4.812864303588867, -0.6305603981018066], "POPL_1987": [-14.45132064819336, 12.348343849182129], "POPL_1986": [-14.056106567382812, 11.548933982849121], "POPL_1973": [-14.585728645324707, 16.437345504760742], "POPL_1978": [-14.458284378051758, 15.43413257598877], "POPL_1995": [-12.247178077697754, 5.980340957641602], "POPL_1985": [-15.506475448608398, 10.253846168518066], "POPL_1976": [-12.991657257080078, 14.8036527633667], "POPL_2009": [-6.002302169799805, 0.3585657775402069], "POPL_1984": [-15.811558723449707, 11.675403594970703], "POPL_2012": [-1.9735573530197144, -1.6722601652145386], "POPL_2010": [-3.9334123134613037, -1.8903765678405762], "POPL_1999": [-12.361494064331055, 4.748348712921143], "POPL_2014": [-2.0864434242248535, -2.6757960319519043], "POPL_1983": [-14.977898597717285, 11.60595417022705], "POPL_1975": [-12.658937454223633, 16.121389389038086], "POPL_2002": [-9.084535598754883, 2.2405221462249756], "POPL_2003": [-9.391388893127441, 7.931764125823975], "POPL_2011": [-3.1764187812805176, -2.4865500926971436], "POPL_2008": [-6.907676696777344, 1.0889286994934082], "POPL_1994": [-13.162367820739746, 6.4050612449646], "POPL_1992": [-12.034149169921875, 10.32851791381836], "POPL_2015": [-2.8876686096191406, -1.3108845949172974], "POPL_1997": [-13.221115112304688, 5.894168853759766], "POPL_1998": [-11.27762222290039, 4.545546531677246], "POPL_1979": [-14.336960792541504, 14.850836753845215], "PLDI_2015": [8.202471733093262, -9.037346839904785], "PLDI_1991": [-2.117891788482666, 8.655473709106445], "PLDI_2018": [2.9760169982910156, -3.6747496128082275], "PLDI_1996": [0.38928377628326416, 4.47479772567749],