{"cheng-soon-ong_2007": [33.40978240966797, 2.9538068771362305], "cheng-soon-ong_2015": [31.81879234313965, 5.3124847412109375], "cheng-soon-ong_2016": [33.96714401245117, 4.162840843200684], "cheng-soon-ong_2008": [34.93531036376953, 1.1226458549499512], "cheng-soon-ong_2005": [30.39297866821289, 1.0951529741287231], "cheng-soon-ong_2009": [34.147972106933594, -0.46896591782569885], "cheng-soon-ong_2014": [33.516197204589844, -1.4497456550598145], "cheng-soon-ong_2017": [25.241069793701172, -15.22154426574707], "cheng-soon-ong_2006": [34.64208984375, 0.9062169194221497], "cheng-soon-ong_2003": [29.07476806640625, 1.2813841104507446], "cheng-soon-ong_2004": [22.264991760253906, -4.457448959350586], "robert-c-williamson_2014": [24.582244873046875, 8.702411651611328], "robert-c-williamson_2007": [15.216143608093262, -12.640393257141113], "robert-c-williamson_2002": [23.475114822387695, -0.6664957404136658], "robert-c-williamson_1998": [11.715357780456543, -17.011747360229492], "robert-c-williamson_1999": [17.452526092529297, 0.6798925995826721], "robert-c-williamson_2001": [18.323591232299805, -0.05350259691476822], "robert-c-williamson_2006": [20.16473388671875, -3.6208391189575195], "robert-c-williamson_1996": [12.567657470703125, -16.72827911376953], "robert-c-williamson_1988": [-13.671453475952148, -8.357037544250488], "robert-c-williamson_2011": [25.77985954284668, 8.21745777130127], "robert-c-williamson_2003": [4.754541397094727, -14.995792388916016], "robert-c-williamson_1994": [10.873106002807617, -15.88003921508789], "robert-c-williamson_1993": [-2.2207460403442383, -7.537595748901367], "robert-c-williamson_2000": [17.779356002807617, 1.2158615589141846], "robert-c-williamson_1992": [2.8476059436798096, -13.620630264282227], "robert-c-williamson_1991": [-12.144848823547363, -9.487906455993652], "robert-c-williamson_2015": [26.488155364990234, 7.793635845184326], "robert-c-williamson_2010": [23.06822395324707, -8.422353744506836], "robert-c-williamson_1995": [16.3900089263916, -3.141477584838867], "robert-c-williamson_2018": [7.965015888214111, -4.798804759979248], "robert-c-williamson_2005": [21.88819694519043, -8.083043098449707], "robert-c-williamson_2016": [28.023061752319336, 6.866537570953369], "robert-c-williamson_1997": [16.47277069091797, -3.261453628540039], "robert-c-williamson_1990": [-13.201957702636719, -8.756099700927734], "robert-c-williamson_2017": [24.421178817749023, -14.462445259094238], "robert-c-williamson_2009": [4.984625339508057, -13.408919334411621], "robert-c-williamson_2008": [4.107444763183594, -12.836383819580078], "robert-c-williamson_2012": [23.74002456665039, 8.67344856262207], "robert-c-williamson_1985": [-15.313661575317383, -0.007660329341888428], "robert-c-williamson_1987": [-17.422260284423828, -0.9088656902313232], "robert-c-williamson_2004": [21.520732879638672, -2.463684558868408], "alexander-j-smola_1998": [20.7071475982666, -1.4881973266601562], "alexander-j-smola_2007": [31.154956817626953, 4.027100563049316], "alexander-j-smola_2005": [26.65631103515625, 3.1579411029815674], "alexander-j-smola_1999": [20.883602142333984, 0.4241045117378235], "alexander-j-smola_2010": [29.9633731842041, 4.06287145614624], "alexander-j-smola_2004": [26.28227996826172, 1.5203962326049805], "alexander-j-smola_2018": [26.981693267822266, -12.482975006103516], "alexander-j-smola_2003": [27.19780158996582, 1.4612712860107422], "alexander-j-smola_2006": [26.79932975769043, 2.5993752479553223], "alexander-j-smola_2016": [31.460432052612305, 8.947759628295898], "alexander-j-smola_2000": [22.31961441040039, 0.7205933928489685], "alexander-j-smola_1992": [-15.633110046386719, -2.0631802082061768], "alexander-j-smola_2001": [19.861188888549805, -0.983636736869812], "alexander-j-smola_2008": [29.429790496826172, 4.830358505249023], "alexander-j-smola_2017": [27.10394287109375, -12.358026504516602], "alexander-j-smola_2009": [28.934589385986328, 4.1732306480407715], "alexander-j-smola_2013": [20.37073516845703, 5.7526326179504395], "alexander-j-smola_2014": [29.986879348754883, 6.884788990020752], "alexander-j-smola_2012": [29.744461059570312, 6.169865131378174], "alexander-j-smola_2015": [30.982759475708008, 8.08719253540039], "alexander-j-smola_2011": [20.943078994750977, 4.4878644943237305], "alexander-j-smola_2002": [21.317224502563477, -2.881284475326538], "alexander-j-smola_1997": [4.60823392868042, -6.752734661102295], "alexander-j-smola_1995": [-17.69148063659668, -2.186819076538086], "alexander-j-smola_1996": [-14.99235725402832, -1.1415531635284424], "ICWSM_2007": [0.31892046332359314, 30.323772430419922], "ICWSM_2008": [-1.14524507522583, 30.79677391052246], "ICWSM_2017": [1.1293593645095825, 36.262123107910156], "ICWSM_2015": [2.0461244583129883, 36.18487548828125], "ICWSM_2012": [3.0670430660247803, 38.84414291381836], "ICWSM_2010": [0.03758303076028824, 33.10329055786133], "ICWSM_2011": [2.0985305309295654, 38.80109786987305], "ICWSM_2014": [3.262829303741455, 38.021785736083984], "ICWSM_2013": [3.876162052154541, 38.64845275878906], "ICWSM_2009": [0.4645689129829407, 32.92886734008789], "ICWSM_2016": [1.7438446283340454, 36.46071243286133], "ICWSM_2006": [-24.381668090820312, 8.004258155822754], "WSDM_2011": [13.751872062683105, 32.910316467285156], "WSDM_2016": [12.660454750061035, 34.509151458740234], "WSDM_2009": [9.466489791870117, 31.081615447998047], "WSDM_2018": [13.835198402404785, 35.232566833496094], "WSDM_2012": [12.774120330810547, 32.77540588378906], "WSDM_2017": [14.190536499023438, 34.235294342041016], "WSDM_2014": [12.704071044921875, 33.68962097167969], "WSDM_2010": [9.923477172851562, 31.39077377319336], "WSDM_2013": [11.969839096069336, 33.943424224853516], "WSDM_2015": [10.6237211227417, 31.9920654296875], "WSDM_2008": [2.363764762878418, 30.224384307861328], "CIKM_2008": [-15.31474494934082, 22.2200984954834], "CIKM_2012": [3.6762313842773438, 28.178056716918945], "CIKM_2009": [4.319092273712158, 26.731800079345703], "CIKM_2006": [-15.224424362182617, 20.433378219604492], "CIKM_2005": [-16.251773834228516, 19.756637573242188], "CIKM_2013": [2.489290475845337, 28.043546676635742], "CIKM_2011": [4.319105625152588, 26.17421531677246], "CIKM_2015": [2.024646520614624, 25.935623168945312], "CIKM_2003": [-17.602888107299805, 13.71717643737793], "CIKM_2010": [3.5447826385498047, 26.085535049438477], "CIKM_2002": [-19.63384437561035, 19.352964401245117], "CIKM_1994": [-21.07307243347168, 15.279854774475098], "CIKM_2007": [-16.06035804748535, 21.796661376953125], "CIKM_2017": [0.5881461501121521, 26.458600997924805], "CIKM_2016": [1.4645317792892456, 26.93410873413086], "CIKM_2014": [2.67604398727417, 26.871843338012695], "CIKM_1993": [-22.195161819458008, 16.30776023864746], "CIKM_1995": [-22.446557998657227, 14.361519813537598], "CIKM_2004": [-17.062171936035156, 19.344451904296875], "CIKM_2001": [-18.356735229492188, 17.83338165283203], "CIKM_2000": [-19.527809143066406, 18.541461944580078], "CIKM_1997": [-20.220191955566406, 13.620996475219727], "CIKM_1999": [-19.586807250976562, 17.394739151000977], "CIKM_1998": [-20.312747955322266, 16.33193016052246], "CIKM_1992": [-19.000329971313477, 13.36820125579834], "CIKM_1996": [-21.005878448486328, 14.740442276000977], "ICML_2005": [9.40825080871582, -10.804010391235352], "ICML_2010": [10.917908668518066, -8.748456954956055], "ICML_1989": [-30.116697311401367, -20.673316955566406], "ICML_1991": [-28.620281219482422, -19.253511428833008], "ICML_2016": [22.482078552246094, -10.851714134216309], "ICML_2014": [20.5710506439209, -9.164021492004395], "ICML_2017": [23.017589569091797, -12.550811767578125], "ICML_2013": [20.404165267944336, -8.509965896606445], "ICML_2018": [22.792522430419922, -13.579813957214355], "ICML_2008": [11.808744430541992, -10.7660493850708], "ICML_2003": [8.159485816955566, -9.743898391723633], "ICML_2006": [10.916874885559082, -10.218475341796875], "ICML_2000": [-5.91312837600708, -10.792475700378418],