{"steve-blackburn_2004": [4.051482200622559, 8.972009658813477], "steve-blackburn_1999": [-8.858444213867188, -7.552114009857178], "steve-blackburn_2011": [1.6230448484420776, 5.561361789703369], "steve-blackburn_2006": [4.075812339782715, 9.309112548828125], "steve-blackburn_2000": [-0.013639144599437714, 2.659372568130493], "steve-blackburn_2015": [3.6525003910064697, 7.121583938598633], "steve-blackburn_2005": [2.8754642009735107, 6.870724678039551], "steve-blackburn_1998": [-5.152919769287109, -8.602422714233398], "steve-blackburn_2016": [3.1335506439208984, 7.178861618041992], "steve-blackburn_1996": [-8.603516578674316, -10.199137687683105], "steve-blackburn_2001": [2.518002986907959, 6.245366096496582], "steve-blackburn_2018": [-4.12888765335083, -12.104870796203613], "steve-blackburn_2010": [3.7824602127075195, 7.9249587059021], "steve-blackburn_2012": [2.001445770263672, 5.44539737701416], "steve-blackburn_2013": [3.0638227462768555, 8.156901359558105], "steve-blackburn_1997": [-8.746970176696777, -7.267465114593506], "steve-blackburn_2002": [4.046639919281006, 9.267792701721191], "steve-blackburn_2003": [3.830310821533203, 8.61701488494873], "steve-blackburn_2014": [3.0947303771972656, 8.385875701904297], "steve-blackburn_2008": [2.7429964542388916, 5.356690883636475], "steve-blackburn_2009": [4.531309127807617, 8.350257873535156], "steve-blackburn_2007": [4.117724418640137, 7.766753673553467], "antony-l-hosking_2011": [2.8514623641967773, 5.618928909301758], "antony-l-hosking_2016": [2.5884957313537598, 3.7544100284576416], "antony-l-hosking_2009": [1.7486623525619507, -0.958917498588562], "antony-l-hosking_2007": [3.437594413757324, 2.6071839332580566], "antony-l-hosking_2006": [3.180811643600464, 5.624140739440918], "antony-l-hosking_2004": [3.467043876647949, 5.591022491455078], "antony-l-hosking_1995": [4.801178455352783, 3.882981061935425], "antony-l-hosking_2015": [3.141742706298828, 6.488251209259033], "antony-l-hosking_1999": [4.200647830963135, 5.677329063415527], "antony-l-hosking_2014": [3.7413077354431152, 1.4775550365447998], "antony-l-hosking_2005": [3.7333760261535645, 6.126215934753418], "antony-l-hosking_1990": [3.3735158443450928, 3.888516426086426], "antony-l-hosking_2003": [0.5749516487121582, -3.0602784156799316], "antony-l-hosking_2001": [4.17168664932251, 7.786819934844971], "antony-l-hosking_2018": [-4.541003227233887, -11.907212257385254], "antony-l-hosking_2000": [2.858752489089966, 2.9601290225982666], "antony-l-hosking_1993": [4.1903076171875, 2.8966171741485596], "antony-l-hosking_2012": [3.103206157684326, 5.198886394500732], "antony-l-hosking_1991": [2.905810832977295, 0.5940586924552917], "antony-l-hosking_1998": [3.159687042236328, 2.417491912841797], "antony-l-hosking_1992": [2.847059726715088, 4.713159561157227], "antony-l-hosking_2013": [-5.023914813995361, -12.057716369628906], "antony-l-hosking_1997": [3.949373722076416, 6.626982688903809], "antony-l-hosking_2010": [3.0175774097442627, 6.056157112121582], "antony-l-hosking_1994": [4.276632308959961, 5.723069667816162], "antony-l-hosking_2008": [-4.383779048919678, -12.04708194732666], "antony-l-hosking_1996": [3.9289116859436035, 3.977264881134033], "antony-l-hosking_2017": [4.120949745178223, 8.701119422912598], "kathryn-mckinley_2009": [2.3329832553863525, 2.4689643383026123], "kathryn-mckinley_2004": [2.113497734069824, 3.341216802597046], "kathryn-mckinley_1994": [-0.5506463050842285, -0.060920991003513336], "kathryn-mckinley_1998": [1.1216121912002563, 3.4743289947509766], "kathryn-mckinley_1990": [-3.100841522216797, -2.895991086959839], "kathryn-mckinley_1995": [-2.5572190284729004, -2.503549098968506], "kathryn-mckinley_2006": [1.9179168939590454, 2.429783582687378], "kathryn-mckinley_2015": [1.3639373779296875, 0.48555535078048706], "kathryn-mckinley_1991": [-0.8440085649490356, 1.1455883979797363], "kathryn-mckinley_2013": [1.4195588827133179, -0.14072538912296295], "kathryn-mckinley_2007": [2.324312448501587, 2.417781114578247], "kathryn-mckinley_2016": [1.1012439727783203, 0.9389378428459167], "kathryn-mckinley_2011": [1.3761608600616455, 0.30887728929519653], "kathryn-mckinley_2000": [1.4999525547027588, -0.4551575481891632], "kathryn-mckinley_2018": [-3.884164571762085, -11.971107482910156], "kathryn-mckinley_2008": [2.079318046569824, 3.0153088569641113], "kathryn-mckinley_2003": [2.038339614868164, 1.759934902191162], "kathryn-mckinley_1997": [1.4851272106170654, -3.1680455207824707], "kathryn-mckinley_2010": [2.3186371326446533, 2.919081449508667], "kathryn-mckinley_1996": [0.47955867648124695, 0.29199835658073425], "kathryn-mckinley_2005": [1.095357894897461, 0.9036244750022888], "kathryn-mckinley_1992": [-0.505764365196228, -0.31812310218811035], "kathryn-mckinley_1993": [-1.0310343503952026, 0.4227537214756012], "kathryn-mckinley_2012": [1.2818211317062378, 1.1350120306015015], "kathryn-mckinley_2002": [2.4045212268829346, 3.7599756717681885], "kathryn-mckinley_2001": [1.6780216693878174, 2.398104667663574], "kathryn-mckinley_2017": [1.4150277376174927, 2.0990214347839355], "kathryn-mckinley_1999": [1.9639866352081299, 1.6591557264328003], "kathryn-mckinley_2014": [1.8577539920806885, 2.0347659587860107], "kathryn-mckinley_1989": [-1.9182214736938477, -0.6469801068305969], "POPL_1993": [-5.271453857421875, -6.878394603729248], "POPL_2017": [-0.3227970600128174, -5.8043212890625], "POPL_1980": [-2.3711273670196533, -9.696234703063965], "POPL_2001": [-6.549490928649902, -7.643855571746826], "POPL_2016": [-0.11218523234128952, -5.885757923126221], "POPL_2005": [-1.1047313213348389, -7.803011417388916], "POPL_1996": [-5.757497310638428, -7.007428169250488], "POPL_1988": [-5.535199165344238, -7.750670433044434], "POPL_2006": [-1.2301090955734253, -7.868503570556641], "POPL_2007": [-1.2412015199661255, -8.649890899658203], "POPL_1991": [-5.740675449371338, -7.469300746917725], "POPL_1977": [-2.3483755588531494, -9.905479431152344], "POPL_1982": [-4.632772922515869, -8.71893310546875], "POPL_2004": [-4.383336544036865, -5.280211448669434], "POPL_1989": [-5.31800651550293, -8.834517478942871], "POPL_1981": [-4.11158561706543, -9.369973182678223], "POPL_2000": [-6.442259788513184, -7.548293113708496], "POPL_2013": [-1.8368005752563477, -8.250222206115723], "POPL_1987": [-4.763967037200928, -8.998046875], "POPL_1986": [-4.9620747566223145, -8.324819564819336], "POPL_1973": [-2.4614574909210205, -10.37714672088623], "POPL_1978": [-2.7111568450927734, -9.939236640930176], "POPL_1995": [-5.6111955642700195, -7.029181480407715], "POPL_1985": [-5.391323089599609, -8.15975570678711], "POPL_1976": [-3.4595510959625244, -9.714082717895508], "POPL_2009": [-1.5358762741088867, -7.7350172996521], "POPL_1984": [-4.46038293838501, -8.66850471496582], "POPL_2012": [-1.6811753511428833, -7.207830429077148], "POPL_2010": [-1.041577696800232, -7.536621570587158], "POPL_1999": [-5.0276665687561035, -5.573990821838379], "POPL_2014": [-1.2864166498184204, -7.386603832244873], "POPL_1983": [-4.685163974761963, -8.737781524658203], "POPL_1975": [-3.399080753326416, -10.82426643371582], "POPL_2002": [-4.342761993408203, -5.333287239074707], "POPL_2003": [-4.483226776123047, -6.550539493560791], "POPL_2011": [-1.5794376134872437, -7.371988296508789], "POPL_2008": [-1.3366093635559082, -8.26605224609375], "POPL_1994": [-5.84743070602417, -7.301819801330566], "POPL_1992": [-5.542535781860352, -8.597711563110352], "POPL_2015": [-1.9572035074234009, -7.680814266204834], "POPL_1997": [-5.937255382537842, -7.037726402282715], "POPL_1998": [-4.8633832931518555, -5.955810546875], "POPL_1979": [-3.0361175537109375, -9.79611873626709], "PLDI_2015": [0.8931428790092468, -4.6072001457214355], "PLDI_1991": [-4.568049907684326, -7.675752639770508], "PLDI_2018": [-1.2460838556289673, -6.285623550415039], "PLDI_1996": [-2.7187838554382324, -6.084757328033447], "PLDI_2001": [-1.8135424852371216, -5.137082099914551], "PLDI_2016": [0.874435305595398, -4.269791603088379],