{"steve-blackburn_2004": [0.6869753003120422, -53.19274139404297], "steve-blackburn_1999": [-11.70724105834961, 36.10810089111328], "steve-blackburn_2011": [5.5129499435424805, -37.999473571777344], "steve-blackburn_2006": [0.8897208571434021, -45.18568420410156], "steve-blackburn_2000": [16.256507873535156, -18.596208572387695], "steve-blackburn_2015": [3.0318238735198975, -43.44012451171875], "steve-blackburn_2005": [6.669198036193848, -34.666015625], "steve-blackburn_1998": [-12.761975288391113, 37.083248138427734], "steve-blackburn_2016": [4.094313621520996, -46.74828338623047], "steve-blackburn_1996": [-18.75589370727539, 41.1136474609375], "steve-blackburn_2001": [12.094635963439941, -30.132089614868164], "steve-blackburn_2018": [-22.463451385498047, 41.00817108154297], "steve-blackburn_2010": [8.858185768127441, -32.82019805908203], "steve-blackburn_2012": [5.549402236938477, -51.64314651489258], "steve-blackburn_2013": [4.85305118560791, -34.81603240966797], "steve-blackburn_1997": [-12.999455451965332, 37.320411682128906], "steve-blackburn_2002": [0.7973654866218567, -50.080650329589844], "steve-blackburn_2003": [0.9618439078330994, -46.92837142944336], "steve-blackburn_2014": [5.725571632385254, -47.115047454833984], "steve-blackburn_2008": [10.365850448608398, -29.58388900756836], "steve-blackburn_2009": [1.3877246379852295, -39.55197525024414], "steve-blackburn_2007": [-0.3106088936328888, -44.22015380859375], "antony-l-hosking_2011": [0.8687770962715149, -54.20193099975586], "antony-l-hosking_2016": [8.18488597869873, -30.190584182739258], "antony-l-hosking_2009": [10.941946983337402, -15.722017288208008], "antony-l-hosking_2007": [14.731496810913086, -21.956932067871094], "antony-l-hosking_2006": [0.3440861999988556, -50.962955474853516], "antony-l-hosking_2004": [-0.650264322757721, -51.11983108520508], "antony-l-hosking_1995": [16.769908905029297, -20.766483306884766], "antony-l-hosking_2015": [2.5082812309265137, -47.28059768676758], "antony-l-hosking_1999": [-1.7189546823501587, -49.713436126708984], "antony-l-hosking_2014": [0.35153448581695557, 6.38254976272583], "antony-l-hosking_2005": [-0.6568675637245178, -34.09495162963867], "antony-l-hosking_1990": [12.618290901184082, -24.326690673828125], "antony-l-hosking_2003": [-5.707830429077148, 15.283756256103516], "antony-l-hosking_2001": [1.3431001901626587, -43.96380615234375], "antony-l-hosking_2018": [-22.591880798339844, 42.28608322143555], "antony-l-hosking_2000": [11.548009872436523, -27.71790313720703], "antony-l-hosking_1993": [3.1575117111206055, -4.161350250244141], "antony-l-hosking_2012": [10.714567184448242, -24.375656127929688], "antony-l-hosking_1991": [-2.979957103729248, 20.076295852661133], "antony-l-hosking_1998": [14.528873443603516, -18.698320388793945], "antony-l-hosking_1992": [3.906905174255371, -2.9484448432922363], "antony-l-hosking_2013": [-23.164377212524414, 43.4471321105957], "antony-l-hosking_1997": [12.243338584899902, -19.550683975219727], "antony-l-hosking_2010": [9.2985258102417, -32.06267547607422], "antony-l-hosking_1994": [14.068592071533203, -23.373414993286133], "antony-l-hosking_2008": [-23.546001434326172, 41.60132598876953], "antony-l-hosking_1996": [13.895463943481445, -19.996950149536133], "antony-l-hosking_2017": [9.604632377624512, -28.59528350830078], "kathryn-mckinley_2009": [2.139094114303589, -39.478580474853516], "kathryn-mckinley_2004": [4.331965446472168, -51.06275939941406], "kathryn-mckinley_1994": [12.883575439453125, -2.711829662322998], "kathryn-mckinley_1998": [5.57867431640625, -26.19253921508789], "kathryn-mckinley_1990": [-16.16121482849121, 26.284826278686523], "kathryn-mckinley_1995": [-3.2745361328125, 29.991479873657227], "kathryn-mckinley_2006": [5.293819427490234, -48.59857177734375], "kathryn-mckinley_2015": [1.8950086832046509, -32.54323959350586], "kathryn-mckinley_1991": [14.598355293273926, -7.4401397705078125], "kathryn-mckinley_2013": [3.6625983715057373, -31.547225952148438], "kathryn-mckinley_2007": [1.4011131525039673, -42.277679443359375], "kathryn-mckinley_2016": [-0.32223382592201233, -28.185062408447266], "kathryn-mckinley_2011": [2.7104995250701904, -31.95556640625], "kathryn-mckinley_2000": [2.333622455596924, -23.9373779296875], "kathryn-mckinley_2018": [-24.663362503051758, 41.026123046875], "kathryn-mckinley_2008": [4.836910724639893, -49.877540588378906], "kathryn-mckinley_2003": [2.996582269668579, -28.818527221679688], "kathryn-mckinley_1997": [-4.110513210296631, 12.748269081115723], "kathryn-mckinley_2010": [2.0886080265045166, -42.30685806274414], "kathryn-mckinley_1996": [3.958237886428833, -25.421510696411133], "kathryn-mckinley_2005": [-0.534892201423645, -29.197710037231445], "kathryn-mckinley_1992": [-6.090637683868408, 9.994832992553711], "kathryn-mckinley_1993": [13.609814643859863, -3.9127163887023926], "kathryn-mckinley_2012": [0.6004330515861511, -30.148860931396484], "kathryn-mckinley_2002": [4.134958267211914, -47.992305755615234], "kathryn-mckinley_2001": [5.703343391418457, -27.26093292236328], "kathryn-mckinley_2017": [1.480190396308899, -26.931856155395508], "kathryn-mckinley_1999": [2.7885894775390625, -25.65497589111328], "kathryn-mckinley_2014": [4.153823375701904, -35.94658660888672], "kathryn-mckinley_1989": [-4.2564215660095215, 29.090599060058594], "POPL_1993": [-13.136320114135742, 15.843511581420898], "POPL_2017": [8.595999717712402, -26.574176788330078], "POPL_1980": [-23.352771759033203, 30.515804290771484], "POPL_2001": [-11.048519134521484, 20.071130752563477], "POPL_2016": [6.1685662269592285, -17.59397315979004], "POPL_2005": [9.749971389770508, 15.053729057312012], "POPL_1996": [-14.781928062438965, 17.667381286621094], "POPL_1988": [-17.170347213745117, 23.23369598388672], "POPL_2006": [9.067885398864746, 12.703104972839355], "POPL_2007": [7.853437423706055, 14.263355255126953], "POPL_1991": [-16.3714599609375, 19.8145694732666], "POPL_1977": [-23.882394790649414, 32.21791076660156], "POPL_1982": [-18.354394912719727, 24.83130645751953], "POPL_2004": [8.792555809020996, 16.194965362548828], "POPL_1989": [-17.706680297851562, 19.529468536376953], "POPL_1981": [-21.0617618560791, 28.638025283813477], "POPL_2000": [-11.130895614624023, 19.39898109436035], "POPL_2013": [10.571475982666016, 9.857383728027344], "POPL_1987": [-20.604806900024414, 26.80453109741211], "POPL_1986": [-21.09809684753418, 25.432403564453125], "POPL_1973": [-23.854124069213867, 33.5626106262207], "POPL_1978": [-22.9054012298584, 32.347740173339844], "POPL_1995": [-14.268417358398438, 16.517200469970703], "POPL_1985": [-17.664281845092773, 25.658222198486328], "POPL_1976": [-21.208740234375, 33.306861877441406], "POPL_2009": [9.95019817352295, 12.096155166625977], "POPL_1984": [-18.75517463684082, 27.23965835571289], "POPL_2012": [10.869590759277344, 6.446138381958008], "POPL_2010": [12.463883399963379, 8.543731689453125], "POPL_1999": [-11.700972557067871, 16.954936981201172], "POPL_2014": [12.180671691894531, 5.763334274291992], "POPL_1983": [-19.473325729370117, 26.128877639770508], "POPL_1975": [-22.5596866607666, 37.6124382019043], "POPL_2002": [9.56908893585205, 16.894065856933594], "POPL_2003": [-7.607069492340088, 17.764223098754883], "POPL_2011": [13.08037281036377, 7.558794975280762], "POPL_2008": [9.76480770111084, 13.790238380432129], "POPL_1994": [-16.13582420349121, 16.53862762451172], "POPL_1992": [-14.936134338378906, 22.611244201660156], "POPL_2015": [10.81986141204834, 7.575952053070068], "POPL_1997": [-15.683073043823242, 15.765829086303711], "POPL_1998": [0.6424410939216614, 19.467931747436523], "POPL_1979": [-22.12285804748535, 31.594709396362305], "PLDI_2015": [8.858213424682617, -24.26714515686035], "PLDI_1991": [-8.754756927490234, 9.15214729309082], "PLDI_2018": [5.655187129974365, -9.952800750732422], "PLDI_1996": [-3.0744431018829346, 4.412197589874268], "PLDI_2001": [8.934600830078125, -3.500025987625122],