{"steve-blackburn_2004": [-26.002077102661133, -53.04453659057617], "steve-blackburn_1999": [57.014652252197266, -3.9587552547454834], "steve-blackburn_2011": [-21.706974029541016, -31.805355072021484], "steve-blackburn_2006": [-29.986310958862305, -41.9969596862793], "steve-blackburn_2000": [-28.51740074157715, 1.7400628328323364], "steve-blackburn_2015": [-33.51982498168945, -39.26332092285156], "steve-blackburn_2005": [-24.467256546020508, -27.212493896484375], "steve-blackburn_1998": [56.71175765991211, -5.651792526245117], "steve-blackburn_2016": [-24.2504825592041, -43.10550308227539], "steve-blackburn_1996": [41.760562896728516, -9.004176139831543], "steve-blackburn_2001": [-29.469064712524414, -18.347396850585938], "steve-blackburn_2018": [48.40816879272461, -14.158121109008789], "steve-blackburn_2010": [-32.83210754394531, -21.982749938964844], "steve-blackburn_2012": [-18.781293869018555, -47.616214752197266], "steve-blackburn_2013": [-22.74127769470215, -28.16447639465332], "steve-blackburn_1997": [56.92803955078125, -6.243288516998291], "steve-blackburn_2002": [-27.092910766601562, -50.537437438964844], "steve-blackburn_2003": [-28.358732223510742, -43.69918441772461], "steve-blackburn_2014": [-21.907079696655273, -42.449951171875], "steve-blackburn_2008": [-31.521989822387695, -18.00898551940918], "steve-blackburn_2009": [-31.822328567504883, -34.34128189086914], "steve-blackburn_2007": [-31.55385398864746, -42.30669403076172], "antony-l-hosking_2011": [-25.070972442626953, -53.94688034057617], "antony-l-hosking_2016": [-34.12208557128906, -17.51768684387207], "antony-l-hosking_2009": [-40.47147750854492, -2.522578001022339], "antony-l-hosking_2007": [-28.38637351989746, -3.069582939147949], "antony-l-hosking_2006": [-27.90184211730957, -51.29302978515625], "antony-l-hosking_2004": [-28.902097702026367, -51.81107711791992], "antony-l-hosking_1995": [-26.343900680541992, -0.4061964750289917], "antony-l-hosking_2015": [-25.995655059814453, -43.9251708984375], "antony-l-hosking_1999": [-30.611711502075195, -51.57072830200195], "antony-l-hosking_2014": [2.7526891231536865, 16.51818084716797], "antony-l-hosking_2005": [-25.97582244873047, -13.818318367004395], "antony-l-hosking_1990": [-29.0129451751709, -7.624760150909424], "antony-l-hosking_2003": [11.9381742477417, 23.13522720336914], "antony-l-hosking_2001": [-30.239734649658203, -40.3734245300293], "antony-l-hosking_2018": [46.84281921386719, -12.979482650756836], "antony-l-hosking_2000": [-29.924057006835938, -15.907509803771973], "antony-l-hosking_1993": [-15.12614917755127, 16.920536041259766], "antony-l-hosking_2012": [-30.034893035888672, -9.277156829833984], "antony-l-hosking_1991": [16.183029174804688, 14.870240211486816], "antony-l-hosking_1998": [-29.96071434020996, 0.6020561456680298], "antony-l-hosking_1992": [-13.65504264831543, 17.527755737304688], "antony-l-hosking_2013": [47.23948669433594, -10.547045707702637], "antony-l-hosking_1997": [-31.929298400878906, -1.0445175170898438], "antony-l-hosking_2010": [-32.745853424072266, -21.042715072631836], "antony-l-hosking_1994": [-28.354082107543945, -5.174748420715332], "antony-l-hosking_2008": [45.806610107421875, -11.510838508605957], "antony-l-hosking_1996": [-29.993572235107422, -1.1702415943145752], "antony-l-hosking_2017": [-32.39027786254883, -16.677175521850586], "kathryn-mckinley_2009": [-31.331398010253906, -34.98303985595703], "kathryn-mckinley_2004": [-20.047874450683594, -47.07634735107422], "kathryn-mckinley_1994": [-6.425125598907471, 3.688199281692505], "kathryn-mckinley_1998": [-22.50714874267578, -14.286552429199219], "kathryn-mckinley_1990": [41.058956146240234, 21.640722274780273], "kathryn-mckinley_1995": [23.37221908569336, 3.592804193496704], "kathryn-mckinley_2006": [-21.695493698120117, -44.50022506713867], "kathryn-mckinley_2015": [-18.483280181884766, -25.309425354003906], "kathryn-mckinley_1991": [-18.433393478393555, -13.973356246948242], "kathryn-mckinley_2013": [-16.725635528564453, -26.845842361450195], "kathryn-mckinley_2007": [-31.40959358215332, -38.85274124145508], "kathryn-mckinley_2016": [-15.314574241638184, -21.111614227294922], "kathryn-mckinley_2011": [-17.49850845336914, -25.81839370727539], "kathryn-mckinley_2000": [-21.393590927124023, -18.352937698364258], "kathryn-mckinley_2018": [45.14377212524414, -13.244601249694824], "kathryn-mckinley_2008": [-20.79751968383789, -45.91474151611328], "kathryn-mckinley_2003": [-20.170719146728516, -20.84101104736328], "kathryn-mckinley_1997": [11.373492240905762, 14.411491394042969], "kathryn-mckinley_2010": [-32.09999465942383, -38.514652252197266], "kathryn-mckinley_1996": [-19.886127471923828, -16.448902130126953], "kathryn-mckinley_2005": [-14.850016593933105, -22.16798210144043], "kathryn-mckinley_1992": [9.659852027893066, 10.773969650268555], "kathryn-mckinley_1993": [-7.108943939208984, 2.2275383472442627], "kathryn-mckinley_2012": [-15.879555702209473, -23.402297973632812], "kathryn-mckinley_2002": [-22.853004455566406, -43.9990348815918], "kathryn-mckinley_2001": [-23.67176055908203, -14.228987693786621], "kathryn-mckinley_2017": [-17.84844207763672, -18.940643310546875], "kathryn-mckinley_1999": [-19.949331283569336, -17.933902740478516], "kathryn-mckinley_2014": [-22.229772567749023, -29.395627975463867], "kathryn-mckinley_1989": [23.791894912719727, 5.117387294769287], "POPL_1993": [27.7025146484375, 27.44139862060547], "POPL_2017": [-29.65557289123535, -12.902046203613281], "POPL_1980": [45.924163818359375, 7.4288506507873535], "POPL_2001": [21.04236602783203, 27.621976852416992], "POPL_2016": [-37.9144401550293, 2.923330307006836], "POPL_2005": [-0.5266106128692627, 41.95912170410156], "POPL_1996": [30.40435791015625, 26.45889663696289], "POPL_1988": [37.65983581542969, 19.39014434814453], "POPL_2006": [-2.591029167175293, 39.86394500732422], "POPL_2007": [-0.04655096307396889, 39.36166763305664], "POPL_1991": [33.60818099975586, 23.925235748291016], "POPL_1977": [46.8390007019043, 5.307768821716309], "POPL_1982": [39.924564361572266, 18.870698928833008], "POPL_2004": [1.2831518650054932, 41.951725006103516], "POPL_1989": [34.86867904663086, 24.645809173583984], "POPL_1981": [41.62508010864258, 14.076126098632812], "POPL_2000": [21.83234405517578, 27.658967971801758], "POPL_2013": [-6.4453911781311035, 38.41943359375], "POPL_1987": [42.08279800415039, 15.726183891296387], "POPL_1986": [43.74092483520508, 15.791108131408691], "POPL_1973": [47.142181396484375, 3.708427906036377], "POPL_1978": [45.750205993652344, 5.084754467010498], "POPL_1995": [29.22519302368164, 27.305477142333984], "POPL_1985": [40.77177429199219, 19.83301544189453], "POPL_1976": [43.900550842285156, 3.638096809387207], "POPL_2009": [-3.732546329498291, 39.76445007324219], "POPL_1984": [42.8121452331543, 18.266857147216797], "POPL_2012": [-9.452824592590332, 36.493038177490234], "POPL_2010": [-9.668046951293945, 39.700035095214844], "POPL_1999": [25.10052490234375, 27.780101776123047], "POPL_2014": [-11.105338096618652, 36.24167251586914], "POPL_1983": [41.303855895996094, 17.14398956298828], "POPL_1975": [45.7939567565918, -6.100295543670654], "POPL_2002": [1.2655322551727295, 43.1238899230957], "POPL_2003": [16.132314682006836, 21.46103858947754], "POPL_2011": [-10.708992004394531, 39.46375274658203], "POPL_2008": [-1.689907193183899, 41.042449951171875], "POPL_1994": [31.119892120361328, 28.87477684020996], "POPL_1992": [34.7775764465332, 19.66534996032715], "POPL_2015": [-8.60418701171875, 37.217803955078125], "POPL_1997": [30.435911178588867, 29.451738357543945], "POPL_1998": [26.74660873413086, 26.29981803894043], "POPL_1979": [44.76839828491211, 5.866183757781982], "PLDI_2015": [-31.286760330200195, -11.29867172241211], "PLDI_1991": [8.665684700012207, 7.793573379516602], "PLDI_2018": [-21.369842529296875, 12.984956741333008], "PLDI_1996": [-1.7948840856552124, 6.5453200340271], "PLDI_2001": [-11.891236305236816, 8.47333812713623],