{"steve-blackburn_2004": [2.401848554611206, 17.66705322265625], "steve-blackburn_1999": [4.290017127990723, -5.943633556365967], "steve-blackburn_2011": [3.9619312286376953, 13.30607795715332], "steve-blackburn_2006": [2.0054287910461426, 18.38580322265625], "steve-blackburn_2000": [-1.384328007698059, 8.856383323669434], "steve-blackburn_2015": [2.1575257778167725, 15.238753318786621], "steve-blackburn_2005": [1.3546665906906128, 14.882538795471191], "steve-blackburn_1998": [4.320491790771484, -3.8324315547943115], "steve-blackburn_2016": [3.0310604572296143, 14.783148765563965], "steve-blackburn_1996": [4.451014518737793, -3.792170286178589], "steve-blackburn_2001": [1.3503563404083252, 13.89201831817627], "steve-blackburn_2018": [-4.427910804748535, -5.721810340881348], "steve-blackburn_2010": [2.541358232498169, 16.136213302612305], "steve-blackburn_2012": [3.3247532844543457, 12.811726570129395], "steve-blackburn_2013": [3.5438718795776367, 15.696718215942383], "steve-blackburn_1997": [-6.935338020324707, -0.01676052436232567], "steve-blackburn_2002": [2.802009105682373, 18.260929107666016], "steve-blackburn_2003": [2.6268584728240967, 16.98448944091797], "steve-blackburn_2014": [3.884639263153076, 16.237470626831055], "steve-blackburn_2008": [2.3230960369110107, 12.57957649230957], "steve-blackburn_2009": [3.5787947177886963, 17.196683883666992], "steve-blackburn_2007": [1.6580166816711426, 16.258235931396484], "antony-l-hosking_2011": [2.1715288162231445, 13.097445487976074], "antony-l-hosking_2016": [2.7137656211853027, 11.099335670471191], "antony-l-hosking_2009": [3.825995683670044, 5.267286777496338], "antony-l-hosking_2007": [3.5280401706695557, 10.017292976379395], "antony-l-hosking_2006": [1.513939619064331, 13.15574836730957], "antony-l-hosking_2004": [0.7476621270179749, 13.060935974121094], "antony-l-hosking_1995": [5.0752034187316895, 11.777289390563965], "antony-l-hosking_2015": [2.2084336280822754, 14.308810234069824], "antony-l-hosking_1999": [-0.08248360455036163, 13.383798599243164], "antony-l-hosking_2014": [4.952824115753174, 9.2359037399292], "antony-l-hosking_2005": [0.6514816880226135, 14.136487007141113], "antony-l-hosking_1990": [0.9141150712966919, 11.29161262512207], "antony-l-hosking_2003": [6.505585193634033, 1.991346836090088], "antony-l-hosking_2001": [1.1285958290100098, 16.501659393310547], "antony-l-hosking_2018": [-2.1011271476745605, -7.523451805114746], "antony-l-hosking_2000": [0.7151328325271606, 9.913127899169922], "antony-l-hosking_1993": [4.267369747161865, 10.710885047912598], "antony-l-hosking_2012": [1.2210077047348022, 12.437285423278809], "antony-l-hosking_1991": [-0.11362500488758087, 7.772027492523193], "antony-l-hosking_1998": [-0.6319642663002014, 9.174814224243164], "antony-l-hosking_1992": [2.000718355178833, 11.94504165649414], "antony-l-hosking_2013": [-2.991063117980957, -7.3812971115112305], "antony-l-hosking_1997": [0.6641618609428406, 15.167778015136719], "antony-l-hosking_2010": [2.428302764892578, 13.73609733581543], "antony-l-hosking_1994": [-0.1854221075773239, 14.255489349365234], "antony-l-hosking_2008": [-3.213108539581299, -6.12348747253418], "antony-l-hosking_1996": [0.06722492724657059, 11.76753044128418], "antony-l-hosking_2017": [1.6155946254730225, 17.431259155273438], "kathryn-mckinley_2009": [1.668202519416809, 9.256932258605957], "kathryn-mckinley_2004": [2.344609498977661, 10.307278633117676], "kathryn-mckinley_1994": [0.17681929469108582, 5.563198089599609], "kathryn-mckinley_1998": [0.047304410487413406, 10.421499252319336], "kathryn-mckinley_1990": [-2.896409034729004, 2.4086689949035645], "kathryn-mckinley_1995": [-1.4790728092193604, 3.3879733085632324], "kathryn-mckinley_2006": [2.407322645187378, 9.139595985412598], "kathryn-mckinley_2015": [2.150683879852295, 6.739360332489014], "kathryn-mckinley_1991": [4.747511386871338, 7.778347015380859], "kathryn-mckinley_2013": [2.364861011505127, 5.723991870880127], "kathryn-mckinley_2007": [1.2242680788040161, 9.088677406311035], "kathryn-mckinley_2016": [3.503788709640503, 6.954639434814453], "kathryn-mckinley_2011": [2.240105390548706, 6.40609073638916], "kathryn-mckinley_2000": [2.145113229751587, 5.077606201171875], "kathryn-mckinley_2018": [-3.33886456489563, -6.173367023468018], "kathryn-mckinley_2008": [2.4505369663238525, 9.807225227355957], "kathryn-mckinley_2003": [2.1498360633850098, 8.236420631408691], "kathryn-mckinley_1997": [3.3938326835632324, 3.7809479236602783], "kathryn-mckinley_2010": [1.5363739728927612, 9.961801528930664], "kathryn-mckinley_1996": [1.1048182249069214, 6.319377899169922], "kathryn-mckinley_2005": [3.0399086475372314, 6.9709343910217285], "kathryn-mckinley_1992": [0.3649863004684448, 4.899827480316162], "kathryn-mckinley_1993": [-0.6163278818130493, 5.9760212898254395], "kathryn-mckinley_2012": [2.9193921089172363, 7.508787631988525], "kathryn-mckinley_2002": [1.9097533226013184, 10.910589218139648], "kathryn-mckinley_2001": [1.1055766344070435, 8.4671630859375], "kathryn-mckinley_2017": [3.308070659637451, 8.68648624420166], "kathryn-mckinley_1999": [1.6908725500106812, 7.922363758087158], "kathryn-mckinley_2014": [2.570371389389038, 8.569652557373047], "kathryn-mckinley_1989": [-1.5952821969985962, 4.926355838775635], "POPL_1993": [-2.892404556274414, -0.8319028615951538], "POPL_2017": [2.542438507080078, -0.021265961229801178], "POPL_1980": [-0.8329619765281677, -8.26116943359375], "POPL_2001": [-3.1969106197357178, -2.0478522777557373], "POPL_2016": [3.1568257808685303, -0.49923503398895264], "POPL_2005": [0.10440156608819962, -0.09876996278762817], "POPL_1996": [-3.859703779220581, -1.039931058883667], "POPL_1988": [-4.2674479484558105, -2.5691936016082764], "POPL_2006": [0.5375168919563293, -0.48791277408599854], "POPL_2007": [-0.8983283042907715, -1.232374906539917], "POPL_1991": [-5.283864498138428, -1.966386318206787], "POPL_1977": [0.9999095797538757, -6.525760650634766], "POPL_1982": [-3.074411630630493, -3.1923954486846924], "POPL_2004": [-1.9731643199920654, 0.5782865285873413], "POPL_1989": [-3.8212523460388184, -3.5698251724243164], "POPL_1981": [-5.1656646728515625, -4.79150390625], "POPL_2000": [-2.938584327697754, -2.3128371238708496], "POPL_2013": [-0.15316425263881683, -2.337019920349121], "POPL_1987": [-4.559650897979736, -4.175401210784912], "POPL_1986": [-3.7300336360931396, -3.1856014728546143], "POPL_1973": [0.28971463441848755, -7.358198165893555], "POPL_1978": [0.4116862118244171, -6.540514945983887], "POPL_1995": [-4.145676612854004, -0.11430776119232178], "POPL_1985": [-6.078831672668457, -2.9158084392547607], "POPL_1976": [1.5682463645935059, -5.0519328117370605], "POPL_2009": [-0.10041412711143494, -0.9061212539672852], "POPL_1984": [-4.810222148895264, -3.075946569442749], "POPL_2012": [1.8243465423583984, -1.6042461395263672], "POPL_2010": [1.2907074689865112, -0.18621130287647247], "POPL_1999": [-3.707404613494873, 0.9068434834480286], "POPL_2014": [1.277191162109375, -1.2186625003814697], "POPL_1983": [-5.643176078796387, -3.960792064666748], "POPL_1975": [-0.5123594999313354, -6.950016021728516], "POPL_2002": [-2.5059633255004883, 1.116393804550171], "POPL_2003": [-1.7741329669952393, -1.27707040309906], "POPL_2011": [0.41037726402282715, -1.0596129894256592], "POPL_2008": [-0.2970399856567383, -1.7305994033813477], "POPL_1994": [-4.345764636993408, -1.7237915992736816], "POPL_1992": [-2.25211238861084, -2.984578847885132], "POPL_2015": [0.5630755424499512, -2.0132369995117188], "POPL_1997": [-5.0613203048706055, -1.2523013353347778], "POPL_1998": [-2.9570329189300537, 0.18462049961090088], "POPL_1979": [1.3160704374313354, -5.843332767486572], "PLDI_2015": [5.382739067077637, 0.1421314924955368], "PLDI_1991": [-2.0217537879943848, -2.264402151107788], "PLDI_2018": [2.782813549041748, -1.4928873777389526], "PLDI_1996": [-0.27202364802360535, 0.5220894813537598], "PLDI_2001": [0.9250394105911255, 0.9017574787139893],