{"cheng-soon-ong_2007": [6.835792064666748, -10.194769859313965], "cheng-soon-ong_2015": [-2.039456367492676, -8.141727447509766], "cheng-soon-ong_2016": [-2.6443028450012207, -9.380690574645996], "cheng-soon-ong_2008": [6.66702127456665, -11.42631721496582], "cheng-soon-ong_2005": [6.297296047210693, -8.877947807312012], "cheng-soon-ong_2009": [6.115293025970459, -12.015124320983887], "cheng-soon-ong_2014": [5.771634101867676, -12.363954544067383], "cheng-soon-ong_2017": [2.80085825920105, -7.631649494171143], "cheng-soon-ong_2006": [6.582129001617432, -11.466426849365234], "cheng-soon-ong_2003": [6.261336326599121, -8.099498748779297], "cheng-soon-ong_2004": [-7.351110458374023, -4.65122652053833], "robert-c-williamson_2014": [9.700608253479004, -5.890042304992676], "robert-c-williamson_2007": [-6.527803897857666, -3.299811363220215], "robert-c-williamson_2002": [6.88119649887085, -5.446925640106201], "robert-c-williamson_1998": [6.881782054901123, -1.7037593126296997], "robert-c-williamson_1999": [5.464627742767334, -2.7280426025390625], "robert-c-williamson_2001": [5.88999080657959, -2.752685785293579], "robert-c-williamson_2006": [7.153906345367432, -3.42173171043396], "robert-c-williamson_1996": [6.803236484527588, -1.7284748554229736], "robert-c-williamson_1988": [-0.35436421632766724, 5.394968509674072], "robert-c-williamson_2011": [9.461674690246582, -6.50105094909668], "robert-c-williamson_2003": [7.357220649719238, 1.6577211618423462], "robert-c-williamson_1994": [6.829648017883301, -1.2043733596801758], "robert-c-williamson_1993": [5.476868629455566, 4.503870487213135], "robert-c-williamson_2000": [5.435760498046875, -2.840532064437866], "robert-c-williamson_1992": [6.512773036956787, 3.1351125240325928], "robert-c-williamson_1991": [2.6768972873687744, 9.236004829406738], "robert-c-williamson_2015": [9.220294952392578, -6.803289890289307], "robert-c-williamson_2010": [-2.80348539352417, -4.822608470916748], "robert-c-williamson_1995": [8.196701049804688, -2.0829567909240723], "robert-c-williamson_2018": [-7.2188639640808105, 0.8435817956924438], "robert-c-williamson_2005": [-3.0016322135925293, -4.500834941864014], "robert-c-williamson_2016": [8.683459281921387, -7.648142337799072], "robert-c-williamson_1997": [8.235124588012695, -2.1133854389190674], "robert-c-williamson_1990": [2.502448558807373, 9.034551620483398], "robert-c-williamson_2017": [-4.421176910400391, -6.748010635375977], "robert-c-williamson_2009": [6.996373176574707, 2.187239646911621], "robert-c-williamson_2008": [6.701117038726807, 2.5418965816497803], "robert-c-williamson_2012": [9.785248756408691, -5.581443786621094], "robert-c-williamson_1985": [-0.882361114025116, 5.765510559082031], "robert-c-williamson_1987": [0.04836148023605347, 5.782731533050537], "robert-c-williamson_2004": [6.936589241027832, -4.538327217102051], "alexander-j-smola_1998": [6.517023086547852, -4.381875514984131], "alexander-j-smola_2007": [7.469455242156982, -8.599444389343262], "alexander-j-smola_2005": [7.156821250915527, -7.02730131149292], "alexander-j-smola_1999": [5.767755508422852, -4.566220760345459], "alexander-j-smola_2010": [7.404231548309326, -8.448019981384277], "alexander-j-smola_2004": [6.597481727600098, -6.6199631690979], "alexander-j-smola_2018": [-5.535256862640381, -7.885416507720947], "alexander-j-smola_2003": [6.608448028564453, -7.060425758361816], "alexander-j-smola_2006": [7.044155120849609, -7.017730712890625], "alexander-j-smola_2016": [9.182622909545898, -9.588064193725586], "alexander-j-smola_2000": [5.998213291168213, -5.398686408996582], "alexander-j-smola_1992": [-0.9089875221252441, 5.734941005706787], "alexander-j-smola_2001": [6.256685733795166, -3.9470059871673584], "alexander-j-smola_2008": [7.689815521240234, -8.152948379516602], "alexander-j-smola_2017": [-5.531038284301758, -7.944418907165527], "alexander-j-smola_2009": [7.42683744430542, -8.088688850402832], "alexander-j-smola_2013": [4.021909236907959, -9.391703605651855], "alexander-j-smola_2014": [8.325998306274414, -8.668081283569336], "alexander-j-smola_2012": [8.183197021484375, -8.441242218017578], "alexander-j-smola_2015": [8.873836517333984, -9.279178619384766], "alexander-j-smola_2011": [4.389550685882568, -8.690009117126465], "alexander-j-smola_2002": [6.913905620574951, -4.414758205413818], "alexander-j-smola_1997": [-5.771633148193359, 1.015697956085205], "alexander-j-smola_1995": [-0.4083472490310669, 6.142470359802246], "alexander-j-smola_1996": [-0.5775997042655945, 6.060489177703857], "ICWSM_2007": [-0.1028534471988678, -11.676909446716309], "ICWSM_2008": [-0.588311493396759, -10.968629837036133], "ICWSM_2017": [-3.3379838466644287, -12.18828296661377], "ICWSM_2015": [-3.2717132568359375, -12.286516189575195], "ICWSM_2012": [-3.942534923553467, -13.31398868560791], "ICWSM_2010": [-1.5765515565872192, -11.767380714416504], "ICWSM_2011": [-3.5638418197631836, -13.4627685546875], "ICWSM_2014": [-3.9373934268951416, -13.241118431091309], "ICWSM_2013": [-4.0455498695373535, -13.369463920593262], "ICWSM_2009": [-1.4716250896453857, -11.859800338745117], "ICWSM_2016": [-3.3328232765197754, -12.268172264099121], "ICWSM_2006": [-4.0068159103393555, 7.172148704528809], "WSDM_2011": [-0.890648603439331, -15.832923889160156], "WSDM_2016": [-1.2989579439163208, -15.469375610351562], "WSDM_2009": [0.1417970359325409, -14.285134315490723], "WSDM_2018": [-1.6209890842437744, -16.010414123535156], "WSDM_2012": [-0.9054694771766663, -15.534878730773926], "WSDM_2017": [-1.4127495288848877, -16.01282501220703], "WSDM_2014": [-1.1168098449707031, -15.443509101867676], "WSDM_2010": [-0.027921335771679878, -14.442811012268066], "WSDM_2013": [-1.2617952823638916, -15.404340744018555], "WSDM_2015": [-0.27665975689888, -14.511722564697266], "WSDM_2008": [0.27938082814216614, -12.391268730163574], "CIKM_2008": [2.0329701900482178, -5.643361568450928], "CIKM_2012": [1.7239246368408203, -11.967904090881348], "CIKM_2009": [2.226170063018799, -11.537893295288086], "CIKM_2006": [1.455643653869629, -4.99776554107666], "CIKM_2005": [1.568029522895813, -4.439254283905029], "CIKM_2013": [1.3640309572219849, -11.670645713806152], "CIKM_2011": [2.2315940856933594, -11.462306022644043], "CIKM_2015": [1.5583631992340088, -10.85025691986084], "CIKM_2003": [0.3104056417942047, 7.826593399047852], "CIKM_2010": [2.069188356399536, -11.287376403808594], "CIKM_2002": [2.162313222885132, -2.9956138134002686], "CIKM_1994": [-1.6759922504425049, 8.831323623657227], "CIKM_2007": [2.161149263381958, -5.094942569732666], "CIKM_2017": [1.0823860168457031, -10.850083351135254], "CIKM_2016": [1.3573901653289795, -11.135729789733887], "CIKM_2014": [1.681859016418457, -11.38798713684082], "CIKM_1993": [-2.2223691940307617, 9.441831588745117], "CIKM_1995": [-2.440476179122925, 8.53821849822998], "CIKM_2004": [1.716301441192627, -4.044785022735596], "CIKM_2001": [1.5708714723587036, -3.246767282485962], "CIKM_2000": [-0.8643547296524048, 10.002572059631348], "CIKM_1997": [-1.1710824966430664, 8.13440227508545], "CIKM_1999": [-1.1488122940063477, 9.755511283874512], "CIKM_1998": [-1.4010303020477295, 9.237420082092285], "CIKM_1992": [-0.7857635617256165, 7.221521377563477], "CIKM_1996": [-1.6328020095825195, 8.515058517456055], "ICML_2005": [-6.0356974601745605, -1.089118480682373], "ICML_2010": [-5.334137439727783, -1.4384177923202515], "ICML_1989": [4.2163166999816895, 1.449076771736145], "ICML_1991": [3.4457390308380127, 0.9684253931045532], "ICML_2016": [-4.140142917633057, -5.492305278778076], "ICML_2014": [-4.019396781921387, -4.427803993225098], "ICML_2017": [-4.855932712554932, -6.046764850616455], "ICML_2013": [-3.8580713272094727, -4.257701873779297], "ICML_2018": [-5.120237827301025, -6.150457382202148], "ICML_2008": [-5.838829040527344, -2.0704383850097656], "ICML_2003": [-5.539493083953857, -0.4955502152442932], "ICML_2006": [-5.590750217437744, -1.7394527196884155], "ICML_2000": [-2.591285467147827, 1.795598030090332],