{"cheng-soon-ong_2007": [-24.098678588867188, 11.41872501373291], "cheng-soon-ong_2015": [-21.430130004882812, 13.533899307250977], "cheng-soon-ong_2016": [-24.15279197692871, 10.092318534851074], "cheng-soon-ong_2008": [-27.062536239624023, 12.766453742980957], "cheng-soon-ong_2005": [-21.274517059326172, 18.338485717773438], "cheng-soon-ong_2009": [-26.899320602416992, 14.958576202392578], "cheng-soon-ong_2014": [-26.904216766357422, 16.45983123779297], "cheng-soon-ong_2017": [-7.334168910980225, 41.83528518676758], "cheng-soon-ong_2006": [-26.796676635742188, 13.301641464233398], "cheng-soon-ong_2003": [-19.845483779907227, 18.741350173950195], "cheng-soon-ong_2004": [-5.622023105621338, 27.760826110839844], "robert-c-williamson_2014": [6.4160990715026855, 39.6842041015625], "robert-c-williamson_2007": [10.038228988647461, 33.752506256103516], "robert-c-williamson_2002": [-11.345917701721191, 24.051298141479492], "robert-c-williamson_1998": [-1.8640419244766235, 22.00720977783203], "robert-c-williamson_1999": [-6.234825611114502, 18.930889129638672], "robert-c-williamson_2001": [-6.160648345947266, 20.450225830078125], "robert-c-williamson_2006": [-4.691067218780518, 25.149423599243164], "robert-c-williamson_1996": [-2.5588624477386475, 21.125938415527344], "robert-c-williamson_1988": [24.716936111450195, -29.105998992919922], "robert-c-williamson_2011": [-13.126517295837402, 10.444756507873535], "robert-c-williamson_2003": [10.662782669067383, 19.33521842956543], "robert-c-williamson_1994": [-2.6083154678344727, 23.453292846679688], "robert-c-williamson_1993": [20.58650016784668, 10.274103164672852], "robert-c-williamson_2000": [-6.968989372253418, 18.50710678100586], "robert-c-williamson_1992": [12.970019340515137, 17.80098533630371], "robert-c-williamson_1991": [26.51097869873047, -31.20952033996582], "robert-c-williamson_2015": [-14.030465126037598, 10.413711547851562], "robert-c-williamson_2010": [-0.6587787866592407, 36.71327590942383], "robert-c-williamson_1995": [-10.817907333374023, 29.0146484375], "robert-c-williamson_2018": [41.74197769165039, 15.408699035644531], "robert-c-williamson_2005": [-1.2111157178878784, 35.378211975097656], "robert-c-williamson_2016": [-16.423768997192383, 10.609655380249023], "robert-c-williamson_1997": [-10.505644798278809, 29.319440841674805], "robert-c-williamson_1990": [25.65797233581543, -30.202653884887695], "robert-c-williamson_2017": [-6.005405426025391, 41.67865753173828], "robert-c-williamson_2009": [12.15218734741211, 20.411867141723633], "robert-c-williamson_2008": [13.410243034362793, 19.64026641845703], "robert-c-williamson_2012": [6.6468024253845215, 38.60953140258789], "robert-c-williamson_1985": [17.536012649536133, -24.373228073120117], "robert-c-williamson_1987": [16.31688117980957, -21.194839477539062], "robert-c-williamson_2004": [-6.850261688232422, 25.61957359313965], "alexander-j-smola_1998": [-7.4554009437561035, 24.002168655395508], "alexander-j-smola_2007": [-20.950885772705078, 11.553994178771973], "alexander-j-smola_2005": [-15.834529876708984, 17.697906494140625], "alexander-j-smola_1999": [-9.051889419555664, 21.64373779296875], "alexander-j-smola_2010": [-19.798532485961914, 14.214207649230957], "alexander-j-smola_2004": [-16.905187606811523, 19.448671340942383], "alexander-j-smola_2018": [-7.032361030578613, 45.830963134765625], "alexander-j-smola_2003": [-17.83562660217285, 19.252925872802734], "alexander-j-smola_2006": [-16.386545181274414, 18.275218963623047], "alexander-j-smola_2016": [-19.16415023803711, 6.540298938751221], "alexander-j-smola_2000": [-10.564494132995605, 21.725543975830078], "alexander-j-smola_1992": [19.038604736328125, -19.447696685791016], "alexander-j-smola_2001": [-7.250797748565674, 22.641014099121094], "alexander-j-smola_2008": [-19.12516975402832, 13.136150360107422], "alexander-j-smola_2017": [-7.327814102172852, 46.07686233520508], "alexander-j-smola_2009": [-18.503910064697266, 13.673887252807617], "alexander-j-smola_2013": [-43.55162048339844, 5.19798469543457], "alexander-j-smola_2014": [-18.903076171875, 9.516008377075195], "alexander-j-smola_2012": [-18.86884880065918, 10.441926002502441], "alexander-j-smola_2015": [-19.14719581604004, 7.8039774894714355], "alexander-j-smola_2011": [-3.653358221054077, 31.893102645874023], "alexander-j-smola_2002": [-6.221327781677246, 25.750070571899414], "alexander-j-smola_1997": [21.322341918945312, 19.741249084472656], "alexander-j-smola_1995": [17.843896865844727, -21.50734519958496], "alexander-j-smola_1996": [18.294492721557617, -22.879135131835938], "ICWSM_2007": [-39.3359489440918, -17.194223403930664], "ICWSM_2008": [-38.67033767700195, -18.93480682373047], "ICWSM_2017": [-47.28195571899414, -22.429603576660156], "ICWSM_2015": [-47.768558502197266, -23.60662078857422], "ICWSM_2012": [-51.34744644165039, -25.608518600463867], "ICWSM_2010": [-41.63594436645508, -20.111576080322266], "ICWSM_2011": [-50.26634216308594, -26.23346710205078], "ICWSM_2014": [-51.27602005004883, -24.633411407470703], "ICWSM_2013": [-52.22941207885742, -24.977197647094727], "ICWSM_2009": [-41.89111328125, -19.49725914001465], "ICWSM_2016": [-48.03728103637695, -22.973386764526367], "ICWSM_2006": [3.4734952449798584, -32.88056945800781], "WSDM_2011": [-52.58763122558594, 8.790619850158691], "WSDM_2016": [-50.964805603027344, 10.946579933166504], "WSDM_2009": [-47.30061721801758, 3.2252814769744873], "WSDM_2018": [-52.6590461730957, 12.40192985534668], "WSDM_2012": [-51.55516815185547, 8.72479248046875], "WSDM_2017": [-52.98476791381836, 11.335330963134766], "WSDM_2014": [-51.1950798034668, 10.007497787475586], "WSDM_2010": [-47.03694152832031, 3.864128828048706], "WSDM_2013": [-50.1738395690918, 9.958579063415527], "WSDM_2015": [-46.285240173339844, 4.803375720977783], "WSDM_2008": [-40.242164611816406, -14.918488502502441], "CIKM_2008": [-17.3771915435791, -39.28179168701172], "CIKM_2012": [-40.26346969604492, -11.737299919128418], "CIKM_2009": [-39.83705139160156, -8.887645721435547], "CIKM_2006": [-15.31432819366455, -38.057559967041016], "CIKM_2005": [-14.177672386169434, -38.88216018676758], "CIKM_2013": [-41.629146575927734, -11.999027252197266], "CIKM_2011": [-40.29560470581055, -8.318103790283203], "CIKM_2015": [-43.176761627197266, -9.89348316192627], "CIKM_2003": [-4.292368412017822, -36.48389434814453], "CIKM_2010": [-41.0634765625, -9.045890808105469], "CIKM_2002": [-9.757383346557617, -38.2377815246582], "CIKM_1994": [-5.482109069824219, -41.3419303894043], "CIKM_2007": [-16.59767723083496, -39.77656555175781], "CIKM_2017": [-45.027610778808594, -10.784871101379395], "CIKM_2016": [-43.90117645263672, -11.229750633239746], "CIKM_2014": [-42.45581817626953, -10.710610389709473], "CIKM_1993": [-5.964595317840576, -43.01755905151367], "CIKM_1995": [-3.581270933151245, -42.26038360595703], "CIKM_2004": [-13.396869659423828, -39.51611328125], "CIKM_2001": [-10.405333518981934, -40.77955627441406], "CIKM_2000": [-9.481585502624512, -39.24421310424805], "CIKM_1997": [-3.856557846069336, -39.30482864379883], "CIKM_1999": [-8.87802791595459, -40.66566848754883], "CIKM_1998": [-7.221566677093506, -40.78462219238281], "CIKM_1992": [-3.7068870067596436, -37.688819885253906], "CIKM_1996": [-4.786659240722656, -40.93892288208008], "ICML_2005": [17.569292068481445, 27.20887565612793], "ICML_2010": [14.076387405395508, 28.072830200195312], "ICML_1989": [62.74060821533203, -0.2866847813129425], "ICML_1991": [61.8156852722168, 2.6935229301452637], "ICML_2016": [-2.9295527935028076, 38.44859313964844], "ICML_2014": [-0.13540923595428467, 33.706275939941406], "ICML_2017": [-3.711337089538574, 40.472957611083984], "ICML_2013": [-0.8145809173583984, 33.53632354736328], "ICML_2018": [-3.837636709213257, 41.78717041015625], "ICML_2008": [15.673563957214355, 30.206697463989258], "ICML_2003": [17.16807746887207, 25.105236053466797], "ICML_2006": [15.709747314453125, 28.83551788330078],