{"cheng-soon-ong_2007": [0.5385322687658449, 1.6964190648891724], "cheng-soon-ong_2015": [0.3046750199214135, 2.9588572451608286], "cheng-soon-ong_2016": [0.6084181492547553, 2.1662338060735338], "cheng-soon-ong_2008": [2.25709985777095, 3.4773922532748145], "cheng-soon-ong_2005": [1.8125190957179598, 4.100076138439752], "cheng-soon-ong_2009": [2.0004831102668654, 0.5474914841100412], "cheng-soon-ong_2014": [27.202883931980526, -1.567983632691618], "cheng-soon-ong_2017": [-0.1713589397983287, 0.04824290801773257], "cheng-soon-ong_2006": [1.002222408907035, 1.5162998415037479], "cheng-soon-ong_2003": [-0.061608902656268706, 2.8327665332889067], "cheng-soon-ong_2004": [-0.14297554662677037, 0.5479975607905332], "robert-c-williamson_2014": [0.03548074435073721, 1.8837475666738666], "robert-c-williamson_2007": [0.3539450014242209, 3.3047100911623066], "robert-c-williamson_2002": [-0.14516901084933317, 0.8574888307000645], "robert-c-williamson_1998": [-0.1708127972980622, 0.44827165736422314], "robert-c-williamson_1999": [-0.15445002081346515, -0.2084786619903679], "robert-c-williamson_2001": [-0.16876657342248683, 0.17760301691224598], "robert-c-williamson_2006": [-0.09934607085163016, 2.602449239860117], "robert-c-williamson_1996": [-0.1780211006117377, -0.15580540563346015], "robert-c-williamson_1988": [-0.1841230615888509, -0.5354382969033972], "robert-c-williamson_2011": [0.09562128842938336, 5.151334432294473], "robert-c-williamson_2003": [-0.17266738057856687, 0.08657404791211601], "robert-c-williamson_1994": [-0.17916916418117845, -0.06192603594910312], "robert-c-williamson_1993": [-0.18280968655949048, -0.5384254441701823], "robert-c-williamson_2000": [-0.13418041889878046, 0.015226536706222246], "robert-c-williamson_1992": [-0.18951030978077388, -0.3203163826421864], "robert-c-williamson_1991": [-0.18245732694161426, -0.2696203571190804], "robert-c-williamson_2015": [0.005045981559645883, 3.458767583145222], "robert-c-williamson_2010": [-0.0437188183544734, 4.022207987456055], "robert-c-williamson_1995": [-0.14001378196285075, 0.0906916657709918], "robert-c-williamson_2018": [-0.17839288202219805, -0.42856861754527886], "robert-c-williamson_2005": [-0.08400084996856655, 2.103946784379505], "robert-c-williamson_2016": [0.2916754941537353, 9.45957420287216], "robert-c-williamson_1997": [-0.06677177854901177, 0.27330328726899833], "robert-c-williamson_1990": [-0.18254972492035024, -0.06140097486790794], "robert-c-williamson_2017": [0.01543024819245776, 1.194897614563555], "robert-c-williamson_2009": [-0.1624535215536846, 0.5900942851560134], "robert-c-williamson_2008": [-0.1903492508105175, -0.1871922466774317], "robert-c-williamson_2012": [-0.10459264010142966, 2.520693452588054], "robert-c-williamson_1985": [-0.1821330947944549, -0.6018821647261152], "robert-c-williamson_1987": [-0.1821330947944549, -0.6018821647261152], "robert-c-williamson_2004": [0.07599779643519304, 9.070279564157623], "alexander-j-smola_1998": [-0.1575023497603118, 0.4512870674288399], "alexander-j-smola_2007": [0.1299985038366846, 1.6301314251861636], "alexander-j-smola_2005": [0.10382120353754233, 1.63135997771388], "alexander-j-smola_1999": [-0.14071703176663528, 0.5595130932021579], "alexander-j-smola_2010": [0.05878733511588957, 2.266758507595338], "alexander-j-smola_2004": [-0.07950709657417421, 2.989916062629214], "alexander-j-smola_2018": [-0.15350403516961242, 1.5381797246988733], "alexander-j-smola_2003": [-0.04617437099135073, 1.634625497464071], "alexander-j-smola_2006": [-0.0022127387317299805, 2.144433800522261], "alexander-j-smola_2016": [-0.11370444637946818, 1.8895077117765244], "alexander-j-smola_2000": [-0.13845640961067043, 0.2220417643436324], "alexander-j-smola_1992": [-0.1821330947944549, -0.6018821647261152], "alexander-j-smola_2001": [-0.16428071244089162, 0.12368584839506275], "alexander-j-smola_2008": [-0.058345943347068746, 2.832479532983731], "alexander-j-smola_2017": [-0.10655703075911513, 0.8464595908423065], "alexander-j-smola_2009": [0.08161846811259482, 1.9474580146704534], "alexander-j-smola_2013": [-0.12021509511238472, 1.484175571360031], "alexander-j-smola_2014": [0.03126555373201843, 2.484477499558367], "alexander-j-smola_2012": [0.4183410085658159, 3.8180281092711335], "alexander-j-smola_2015": [-0.04748463226594627, 2.506855004814414], "alexander-j-smola_2011": [-0.07835203717816548, 1.8966435045399626], "alexander-j-smola_2002": [-0.13388746426216505, 0.9802734959083355], "alexander-j-smola_1997": [-0.174280150943262, -0.20429355094560375], "alexander-j-smola_1995": [-0.1821330947944549, -0.6018821647261152], "alexander-j-smola_1996": [-0.1821330947944549, -0.6018821647261152], "ICML_2005": [-0.16506517751488597, -0.44095085718677157], "ICML_2010": [-0.1729047428335739, -0.4677123387647196], "ICML_1989": [-0.18079656582393372, -0.5601190749167562], "ICML_1991": [-0.18037356474352353, -0.5599163338836775], "ICML_2016": [-0.15750776820490459, -0.27245630269706744], "ICML_2014": [-0.1604945307621514, -0.2703605362498404], "ICML_2017": [-0.17597779489384494, -0.4580898729528462], "ICML_2013": [-0.15956559470581252, -0.3070921057719155], "ICML_2018": [-0.1735541840124027, -0.5145647757464784], "ICML_2008": [-0.17092349741703214, -0.35824546720727657], "ICML_2003": [-0.17539239534270595, -0.424352767437393], "ICML_2006": [-0.16640472780550283, -0.38005721818691923], "ICML_2000": [-0.17879360735774102, -0.5515496700659082], "ICML_2007": [-0.16466938273280401, -0.40945003303305016], "ICML_2004": [-0.16696899453409095, -0.4692195348326994], "ICML_2009": [-0.16589273760549217, -0.38723351488303565], "ICML_2012": [-0.1649126106673676, -0.3588907976286737], "ICML_1997": [-0.18178096086842094, -0.5803169617430538], "ICML_2011": [-0.15833093441100074, -0.37510643132496935], "ICML_1992": [-0.1802008204473351, -0.5343871855681003], "ICML_1996": [-0.1649356887428789, -0.5854442379701654], "ICML_1998": [-0.1814004789506462, -0.5746198426928953], "ICML_2015": [-0.15942283856132625, -0.35072339235988026], "ICML_1994": [-0.16769077883604905, -0.45480153582861826], "ICML_1995": [-0.17951456470111438, -0.5003688085431974], "ICML_1988": [-0.17203911868563865, -0.5738457710819755], "ICML_1993": [-0.17942163721708682, -0.5096624420181535], "ICML_2002": [-0.180558906487422, -0.5402022294854495], "ICML_1990": [-0.17837091798120042, -0.48547647456893384], "ICML_2001": [-0.1780030826892083, -0.47113975204400893], "ICML_1999": [-0.1770045679019503, -0.5806529766915098], "ICML_1987": [-0.18080658994970922, -0.5583397652521586], "ICML_1984": [-0.1821330947944549, -0.6018821647261152], "NIPS_2015": [-0.16282862804242187, -0.38417215883557965], "NIPS_2002": [-0.1686053328646872, -0.5175053837930739], "NIPS_2012": [-0.16439598784116644, -0.41944847628169823], "NIPS_2010": [-0.1675019633249063, -0.4485192833959707], "NIPS_1992": [-0.16837833821745568, -0.5617101107759374], "NIPS_2016": [-0.16913195288468819, -0.4482937044757984], "NIPS_2005": [-0.17008736003112632, -0.49396914537218733], "NIPS_2014": [-0.16465318002407373, -0.39547396807100416], "NIPS_2008": [-0.16548442517445694, -0.4811905984170036], "NIPS_1998": [-0.1696765253981729, -0.5351398128514435], "NIPS_1999": [-0.16870619135567722, -0.5530113079948789], "NIPS_1996": [-0.1744943765666198, -0.5632902646836854], "NIPS_2004": [-0.1696656339900725, -0.5045685357280403], "NIPS_2017": [-0.17409895751632892, -0.4995249278679479], "NIPS_1994": [-0.17372503784620386, -0.5615104294477141], "NIPS_1990": [-0.17944141890654886, -0.5786513673084661], "NIPS_1989": [-0.17365051242069884, -0.5836020749995354], "NIPS_2003": [-0.17370850563179102, -0.5496339886793993], "NIPS_2013": [-0.16288126927019034, -0.3910391043345868], "NIPS_2006": [-0.17148561551438884, -0.5019987624156903], "NIPS_1988": [-0.17406176041357735, -0.599290160025542], "NIPS_2007": [-0.1620496257483363, -0.464973580535714], "NIPS_1997": [-0.1777345672271483, -0.5457494911127149], "NIPS_1991": [-0.17854955438789183, -0.5941583638760667],