{"steve-blackburn_2004": [9.909148799632304, -1.0500824210940538], "steve-blackburn_1999": [-2.5391755116488497, -1.0644503833225383], "steve-blackburn_2011": [1.8085261214191997, 0.9709438681442548], "steve-blackburn_2006": [11.799000839225043, -0.4437751537602728], "steve-blackburn_2000": [-1.323566210995234, -0.8319020381307621], "steve-blackburn_2015": [4.073517860133571, -0.015600871829587078], "steve-blackburn_2005": [3.418992440508634, -0.2784687020104933], "steve-blackburn_1998": [-2.622248606700183, -0.6936411724158305], "steve-blackburn_2016": [3.8490427775010123, 0.14397871018338956], "steve-blackburn_1996": [-2.5591127833939784, 0.11799689435961953], "steve-blackburn_2001": [2.30899078453279, -0.45344958552886694], "steve-blackburn_2018": [-2.66828442579717, -0.18079454611151236], "steve-blackburn_2010": [5.979679119367451, -0.2586526769984609], "steve-blackburn_2012": [1.504794190071769, 0.49550815364722245], "steve-blackburn_2013": [6.064123132795843, 0.6821946267608767], "steve-blackburn_1997": [-2.5836481942508196, -0.7890818467592642], "steve-blackburn_2002": [12.010051296776568, -1.711062477463083], "steve-blackburn_2003": [7.7855427589815696, -1.4848571294766255], "steve-blackburn_2014": [7.096586017088713, 1.3936106092928555], "steve-blackburn_2008": [1.2758325925491432, -0.4569352041233033], "steve-blackburn_2009": [7.796831147199729, 0.24607722019169775], "steve-blackburn_2007": [5.996462173823891, -1.3655724051654277], "antony-l-hosking_2011": [3.699096926112131, -0.7050455112280996], "antony-l-hosking_2016": [1.4292708176465891, -0.2619235093673863], "antony-l-hosking_2009": [-1.0714790422392575, -0.357394493359888], "antony-l-hosking_2007": [0.3113313174597639, -0.6439361507662598], "antony-l-hosking_2006": [3.900176815575441, -0.45160136326262945], "antony-l-hosking_2004": [3.818530502605747, -0.1293880187394803], "antony-l-hosking_1995": [2.72905541658421, -3.0337118858951886], "antony-l-hosking_2015": [5.463494181985187, -0.07840382605652924], "antony-l-hosking_1999": [4.628903290201712, -1.2314935044284612], "antony-l-hosking_2014": [0.4112488276699213, 0.4126240250648548], "antony-l-hosking_2005": [5.02482874767805, 1.0753119498321886], "antony-l-hosking_1990": [1.6984158499286262, -0.8198685641690477], "antony-l-hosking_2003": [-2.306566588003204, -0.20192455460875783], "antony-l-hosking_2001": [10.425477176247098, 0.32622365055140945], "antony-l-hosking_2018": [-2.66828442579717, -0.18079454611151236], "antony-l-hosking_2000": [0.6569749029694855, -0.18371961820204363], "antony-l-hosking_1993": [0.5821734809666929, -1.6478127927755544], "antony-l-hosking_2012": [3.2732566408570603, -0.6484760516772266], "antony-l-hosking_1991": [-0.5706779809257196, -0.5672355427471253], "antony-l-hosking_1998": [0.23618106611399292, -0.9062183296717549], "antony-l-hosking_1992": [2.494459860272551, -0.9336308024673461], "antony-l-hosking_2013": [-2.66828442579717, -0.18079454611151236], "antony-l-hosking_1997": [6.299735420127913, -0.6488230801728556], "antony-l-hosking_2010": [4.815851827978553, -0.9939011106177993], "antony-l-hosking_1994": [5.091564160959192, -1.8439485126685013], "antony-l-hosking_2008": [-2.66828442579717, -0.18079454611151236], "antony-l-hosking_1996": [1.977152866664171, -1.3488669059541223], "antony-l-hosking_2017": [13.7822735966537, -0.568767000688159], "kathryn-mckinley_2009": [3.462018462783855, 0.08296008847427351], "kathryn-mckinley_2004": [5.316816448254409, 1.2480587286695124], "kathryn-mckinley_1994": [0.5568047045766353, 2.1228439815701257], "kathryn-mckinley_1998": [5.499629878343313, 2.9352392345551706], "kathryn-mckinley_1990": [-2.4809894057843334, 0.8540468332973661], "kathryn-mckinley_1995": [-1.5191635296263934, 1.5406477657846624], "kathryn-mckinley_2006": [3.435861486823474, 0.9762599198900674], "kathryn-mckinley_2015": [0.9278279653648229, 0.5076380952462473], "kathryn-mckinley_1991": [3.811331152477987, 3.8700981979789826], "kathryn-mckinley_2013": [-0.0018206091228129728, 0.10957761853910157], "kathryn-mckinley_2007": [3.185579366934977, -0.18692812715866997], "kathryn-mckinley_2016": [0.5664076801696778, 1.4597106711545016], "kathryn-mckinley_2011": [0.8633740677528758, 0.5259314513217854], "kathryn-mckinley_2000": [-0.002880694834908286, -0.08325241577721768], "kathryn-mckinley_2018": [-2.6682844257971694, -0.18079454611151222], "kathryn-mckinley_2008": [4.590613112952952, 0.5788523734300307], "kathryn-mckinley_2003": [2.6790881909076787, 0.3040145936331993], "kathryn-mckinley_1997": [-1.2863773023059624, 0.08918499545510784], "kathryn-mckinley_2010": [4.332764566856493, -0.3898664801755681], "kathryn-mckinley_1996": [0.7861544491550218, 1.3480868718832666], "kathryn-mckinley_2005": [0.7803911550041858, 1.6366707964183538], "kathryn-mckinley_1992": [-0.42254863089452693, 1.8101858958724981], "kathryn-mckinley_1993": [1.3531564341505902, 3.1907060446293034], "kathryn-mckinley_2012": [1.5046673081421735, 1.3701730386674456], "kathryn-mckinley_2002": [6.332131150239089, 0.5492818709981498], "kathryn-mckinley_2001": [3.00527300630041, 1.0579584707423804], "kathryn-mckinley_2017": [2.9622968931936695, 1.1024902439504618], "kathryn-mckinley_1999": [2.4692461575899043, 0.6998792527396811], "kathryn-mckinley_2014": [2.8638692746262873, 0.5324272787334636], "kathryn-mckinley_1989": [-0.4198938409202028, 1.9726434788895866], "POPL_1993": [-2.0132553276572724, 0.11155452814536353], "POPL_2017": [-0.7616936961955894, -0.1384276942645313], "POPL_1980": [-2.46859747064804, -0.1943170633785597], "POPL_2001": [-2.2827378528256608, 0.053023410732304495], "POPL_2016": [-0.7604960086027621, -0.1975515033312627], "POPL_2005": [-1.5366197079404167, -0.03609572990967675], "POPL_1996": [-2.100511371975366, 0.0913170950492699], "POPL_1988": [-2.279462131891286, 0.06430589149861303], "POPL_2006": [-1.4673815949265825, -0.0675399419180711], "POPL_2007": [-1.7571394303547363, -0.10538083513049686], "POPL_1991": [-2.335734585351432, 0.0663789116860146], "POPL_1977": [-2.3485385579113887, -0.2538109768124562], "POPL_1982": [-2.423649622610054, -0.01307607174818288], "POPL_2004": [-1.6683550749548388, 0.037772732127361305], "POPL_1989": [-2.513809999400955, -0.02268488509831175], "POPL_1981": [-2.6082389832607396, -0.09793714696508572], "POPL_2000": [-2.2595581914456115, 0.042477735560093474], "POPL_2013": [-1.7611200663621156, -0.15928072004035956], "POPL_1987": [-2.502402083085851, -0.04285645886978979], "POPL_1986": [-2.3151235184167374, -7.963597683908379e-06], "POPL_1973": [-2.548662700674251, -0.28791123842339933], "POPL_1978": [-2.3887885441093473, -0.2524119399626741], "POPL_1995": [-2.1133671886672416, 0.20692569046945525], "POPL_1985": [-2.463999743116982, 0.104397062242861], "POPL_1976": [-2.2736032293016506, -0.21936952940251472], "POPL_2009": [-1.5870645018866958, -0.06616185968971416], "POPL_1984": [-2.4146287062251512, -0.06151267203071027], "POPL_2012": [-1.418548790660094, -0.1662416798619293], "POPL_2010": [-1.4050140362671337, -0.1138990225866079], "POPL_1999": [-1.7358599376915083, 0.1750402293220708], "POPL_2014": [-1.4532586989188956, -0.1549804573460746], "POPL_1983": [-2.5241244764895, 0.02020724439559527], "POPL_1975": [-2.554227017382288, -0.16432125817597557], "POPL_2002": [-1.5294650504951854, 0.12294797926181959], "POPL_2003": [-1.8186646408407385, 0.0167061096960589], "POPL_2011": [-1.485676556582286, -0.005403483449251289], "POPL_2008": [-1.7367083095600568, -0.09127814902888516], "POPL_1994": [-2.272538924874978, 0.15642359153806687], "POPL_1992": [-2.2893982829385067, -0.05534854462028266], "POPL_2015": [-1.6062961115137937, -0.1534350245224489], "POPL_1997": [-2.2720089050146144, 0.18274109753384213], "POPL_1998": [-1.7025339082589337, 0.22262878134975342], "POPL_1979": [-2.4581832261923626, -0.2283178496060327], "PLDI_2015": [-0.3812514859693052, -0.16647981044915391], "PLDI_1991": [-2.1029442703477526, 0.05689952060340843],