{"steve-blackburn_2004": [-10.56758975982666, -8.99193286895752], "steve-blackburn_1999": [6.730465412139893, 6.776271343231201], "steve-blackburn_2011": [-5.386706352233887, -7.398565769195557], "steve-blackburn_2006": [-10.866647720336914, -9.105472564697266], "steve-blackburn_2000": [-1.205280065536499, 0.08498233556747437], "steve-blackburn_2015": [-8.142165184020996, -8.016462326049805], "steve-blackburn_2005": [-8.155874252319336, -6.705777168273926], "steve-blackburn_1998": [6.516903400421143, 6.585504531860352], "steve-blackburn_2016": [-7.647305011749268, -8.144845008850098], "steve-blackburn_1996": [6.098832607269287, 4.097086429595947], "steve-blackburn_2001": [-7.328047275543213, -6.035591125488281], "steve-blackburn_2018": [4.961208820343018, 4.8450517654418945], "steve-blackburn_2010": [-9.216230392456055, -8.449986457824707], "steve-blackburn_2012": [-5.492372035980225, -6.666504383087158], "steve-blackburn_2013": [-8.81259536743164, -9.454651832580566], "steve-blackburn_1997": [6.746592998504639, 6.753252029418945], "steve-blackburn_2002": [-10.804580688476562, -9.123151779174805], "steve-blackburn_2003": [-10.033449172973633, -8.799260139465332], "steve-blackburn_2014": [-8.944073677062988, -9.703766822814941], "steve-blackburn_2008": [-5.979746341705322, -5.204654693603516], "steve-blackburn_2009": [-9.697457313537598, -9.461756706237793], "steve-blackburn_2007": [-9.69836139678955, -7.8425798416137695], "antony-l-hosking_2011": [-8.411528587341309, -7.187731742858887], "antony-l-hosking_2016": [-5.845098972320557, -5.831476211547852], "antony-l-hosking_2009": [-1.1632040739059448, -2.6565401554107666], "antony-l-hosking_2007": [-5.842538356781006, -3.720640182495117], "antony-l-hosking_2006": [-8.280847549438477, -7.539230823516846], "antony-l-hosking_2004": [-8.255617141723633, -7.4121575355529785], "antony-l-hosking_1995": [-7.801860332489014, -4.3259687423706055], "antony-l-hosking_2015": [-8.846834182739258, -8.477229118347168], "antony-l-hosking_1999": [-9.436943054199219, -6.817345142364502], "antony-l-hosking_2014": [-2.87300705909729, -5.449192523956299], "antony-l-hosking_2005": [-7.927019119262695, -9.061028480529785], "antony-l-hosking_1990": [-6.776539325714111, -5.0028886795043945], "antony-l-hosking_2003": [5.153920650482178, 7.298776149749756], "antony-l-hosking_2001": [-10.790871620178223, -8.874241828918457], "antony-l-hosking_2018": [4.843292713165283, 5.391900062561035], "antony-l-hosking_2000": [-5.429937362670898, -4.394214153289795], "antony-l-hosking_1993": [-6.462896823883057, -3.6709749698638916], "antony-l-hosking_2012": [-8.061816215515137, -7.295741081237793], "antony-l-hosking_1991": [-4.5923333168029785, -1.2745602130889893], "antony-l-hosking_1998": [-5.558443546295166, -3.557331085205078], "antony-l-hosking_1992": [-7.801103591918945, -6.349193572998047], "antony-l-hosking_2013": [4.961184501647949, 4.844987392425537], "antony-l-hosking_1997": [-9.704363822937012, -8.027576446533203], "antony-l-hosking_2010": [-8.99063491821289, -7.809545516967773], "antony-l-hosking_1994": [-9.579998016357422, -7.003407001495361], "antony-l-hosking_2008": [4.8433027267456055, 5.391809940338135], "antony-l-hosking_1996": [-7.141568183898926, -4.719717979431152], "antony-l-hosking_2017": [-11.039077758789062, -9.349875450134277], "kathryn-mckinley_2009": [-7.811492443084717, -7.728529453277588], "kathryn-mckinley_2004": [-8.376238822937012, -8.927799224853516], "kathryn-mckinley_1994": [-6.275573253631592, -2.0835564136505127], "kathryn-mckinley_1998": [-7.552848815917969, -9.644583702087402], "kathryn-mckinley_1990": [-0.569555938243866, 6.597412109375], "kathryn-mckinley_1995": [-2.9887783527374268, 1.158495306968689], "kathryn-mckinley_2006": [-7.223111152648926, -8.191523551940918], "kathryn-mckinley_2015": [-4.9522929191589355, -6.325003147125244], "kathryn-mckinley_1991": [-7.374090194702148, -2.2258129119873047], "kathryn-mckinley_2013": [-3.9247829914093018, -5.114517688751221], "kathryn-mckinley_2007": [-7.859958171844482, -7.430087566375732], "kathryn-mckinley_2016": [-4.577882289886475, -7.31602668762207], "kathryn-mckinley_2011": [-4.953602313995361, -6.274871349334717], "kathryn-mckinley_2000": [-2.874065637588501, -4.590496063232422], "kathryn-mckinley_2018": [4.961199760437012, 4.845025539398193], "kathryn-mckinley_2008": [-8.08467960357666, -8.540043830871582], "kathryn-mckinley_2003": [-6.323033809661865, -7.594450950622559], "kathryn-mckinley_1997": [-2.162086009979248, 0.6284830570220947], "kathryn-mckinley_2010": [-8.492157936096191, -7.864550590515137], "kathryn-mckinley_1996": [-4.741319179534912, -5.3099446296691895], "kathryn-mckinley_2005": [-4.606006622314453, -7.207932949066162], "kathryn-mckinley_1992": [-1.3282153606414795, -4.696936130523682], "kathryn-mckinley_1993": [-6.944112300872803, -2.057910680770874], "kathryn-mckinley_2012": [-5.055100917816162, -7.352335453033447], "kathryn-mckinley_2002": [-8.968923568725586, -8.977486610412598], "kathryn-mckinley_2001": [-7.258040428161621, -7.628452301025391], "kathryn-mckinley_2017": [-6.275835037231445, -8.278018951416016], "kathryn-mckinley_1999": [-6.30662202835083, -7.586369037628174], "kathryn-mckinley_2014": [-6.77730131149292, -7.816335678100586], "kathryn-mckinley_1989": [-0.5577094554901123, -3.3697891235351562], "POPL_1993": [-0.5702922344207764, 4.252443313598633], "POPL_2017": [-2.716654062271118, -3.4696013927459717], "POPL_1980": [2.861403226852417, 7.289436340332031], "POPL_2001": [0.24998308718204498, 4.183892726898193], "POPL_2016": [-2.6495089530944824, -3.62446928024292], "POPL_2005": [0.2220071256160736, -0.7081046104431152], "POPL_1996": [-0.5958232879638672, 4.708376407623291], "POPL_1988": [0.1516343355178833, 5.409351825714111], "POPL_2006": [-0.17786437273025513, -0.8671424388885498], "POPL_2007": [0.7459768056869507, -0.48316970467567444], "POPL_1991": [-0.09831708669662476, 5.413319110870361], "POPL_1977": [3.3451931476593018, 7.188299655914307], "POPL_1982": [1.5578064918518066, 6.138419151306152], "POPL_2004": [1.0653496980667114, -0.10292600840330124], "POPL_1989": [1.5323256254196167, 5.723536968231201], "POPL_1981": [2.449918270111084, 6.4957404136657715], "POPL_2000": [0.20465736091136932, 4.3120012283325195], "POPL_2013": [-0.0026803677901625633, 0.17039355635643005], "POPL_1987": [1.888617992401123, 6.111733913421631], "POPL_1986": [1.3238338232040405, 5.911278247833252], "POPL_1973": [3.6443326473236084, 7.305939197540283], "POPL_1978": [3.3666250705718994, 6.816673278808594], "POPL_1995": [-0.5440388917922974, 4.707242488861084], "POPL_1985": [0.5380341410636902, 6.451048851013184], "POPL_1976": [3.245985746383667, 6.344812393188477], "POPL_2009": [-0.10891136527061462, -0.407485693693161], "POPL_1984": [1.5612889528274536, 6.6405768394470215], "POPL_2012": [-0.7502275109291077, -0.7626932859420776], "POPL_2010": [-0.34573647379875183, -1.0804343223571777], "POPL_1999": [-1.2035496234893799, 3.3013570308685303], "POPL_2014": [-0.39565813541412354, -0.847817063331604], "POPL_1983": [1.3319454193115234, 6.4552788734436035], "POPL_1975": [3.9097094535827637, 6.013289928436279], "POPL_2002": [0.9541142582893372, 0.31451746821403503], "POPL_2003": [-0.3843931555747986, 2.6474196910858154], "POPL_2011": [-0.4403373897075653, -0.5347287058830261], "POPL_2008": [0.3153019845485687, -0.525496780872345], "POPL_1994": [-0.3637891411781311, 5.162325382232666], "POPL_1992": [1.6031403541564941, 4.97715425491333], "POPL_2015": [-0.3778766691684723, 0.0008084743749350309], "POPL_1997": [-0.4985477030277252, 5.065603733062744], "POPL_1998": [-1.1623549461364746, 3.292808771133423], "POPL_1979": [3.20205020904541, 6.779086589813232], "PLDI_2015": [-3.8176143169403076, -3.8739917278289795], "PLDI_1991": [1.2980327606201172, 4.42636251449585], "PLDI_2018": [-1.6128326654434204, -0.9959591031074524], "PLDI_1996": [-1.2644025087356567, 1.314016580581665], "PLDI_2001": [-2.4768476486206055, -0.7664393186569214],