{"christopher-d-manning_2003": [3.1156535148620605, -1.9952261447906494], "christopher-d-manning_2014": [5.705870151519775, -2.5591025352478027], "christopher-d-manning_2017": [3.4448204040527344, -3.4636759757995605], "christopher-d-manning_2007": [4.116212368011475, -0.5528082251548767], "christopher-d-manning_2008": [3.9969334602355957, -0.6698561310768127], "christopher-d-manning_2013": [6.126800060272217, -2.6910510063171387], "christopher-d-manning_2016": [4.243122100830078, -3.5023105144500732], "christopher-d-manning_2000": [2.390334129333496, -2.274728298187256], "christopher-d-manning_2010": [5.914311408996582, -2.9198033809661865], "christopher-d-manning_2006": [4.1145477294921875, -1.373423457145691], "christopher-d-manning_2005": [4.647186756134033, -2.0880398750305176], "christopher-d-manning_2002": [2.8737289905548096, -1.970699667930603], "christopher-d-manning_2009": [5.871279239654541, -2.783843994140625], "christopher-d-manning_1995": [-3.4705312252044678, 2.7581894397735596], "christopher-d-manning_2012": [6.020765781402588, -2.6603267192840576], "christopher-d-manning_1998": [-3.9219589233398438, 1.7655988931655884], "christopher-d-manning_2011": [5.667519569396973, -2.002863883972168], "christopher-d-manning_1996": [-3.31850266456604, 0.8374508023262024], "christopher-d-manning_2004": [3.610377073287964, -1.565997838973999], "christopher-d-manning_2015": [4.753133296966553, -3.282705783843994], "christopher-d-manning_2001": [-2.974121332168579, 0.06466562300920486], "christopher-d-manning_1999": [-3.3809070587158203, 1.5133229494094849], "christopher-d-manning_2018": [0.8805643916130066, -2.7466180324554443], "christopher-d-manning_1993": [3.6115670204162598, -0.5729048252105713], "richard-socher_2014": [6.650022983551025, -2.3399605751037598], "richard-socher_2013": [6.701300621032715, -2.4357807636260986], "richard-socher_2012": [6.994632720947266, -1.8658499717712402], "richard-socher_2011": [6.128912925720215, -1.2031219005584717], "richard-socher_2016": [2.5410304069519043, -4.339216709136963], "richard-socher_2017": [2.560317277908325, -4.344841957092285], "richard-socher_2018": [2.5284883975982666, -4.326725482940674], "richard-socher_2009": [-1.046659231185913, -1.5084254741668701], "richard-socher_2010": [7.459068775177002, 2.2741496562957764], "richard-socher_2015": [4.352303981781006, -4.236082077026367], "andrew-y-ng_2010": [6.703012943267822, 2.492950916290283], "andrew-y-ng_2001": [3.3125016689300537, 1.9985380172729492], "andrew-y-ng_2012": [6.860775947570801, 1.5338963270187378], "andrew-y-ng_1998": [3.3929920196533203, 4.329701900482178], "andrew-y-ng_2008": [6.716277122497559, 2.3048033714294434], "andrew-y-ng_2011": [6.964484214782715, 1.6873693466186523], "andrew-y-ng_2009": [6.609908580780029, 1.8334054946899414], "andrew-y-ng_2013": [5.84083366394043, -1.0403192043304443], "andrew-y-ng_2004": [5.19970703125, 2.03067946434021], "andrew-y-ng_1999": [2.688704013824463, 5.358981609344482], "andrew-y-ng_2000": [2.9741005897521973, 5.385783672332764], "andrew-y-ng_2007": [5.700922966003418, 2.008427381515503], "andrew-y-ng_2005": [4.17017126083374, 0.1697380393743515], "andrew-y-ng_2006": [5.30003547668457, 2.003901481628418], "andrew-y-ng_2016": [2.457853317260742, -1.587890863418579], "andrew-y-ng_2014": [5.29238748550415, 2.189720630645752], "andrew-y-ng_2017": [0.770214855670929, -2.7368156909942627], "andrew-y-ng_2003": [-1.120448350906372, -1.1266552209854126], "andrew-y-ng_2018": [1.0423674583435059, 4.628808975219727], "andrew-y-ng_2015": [4.702599048614502, 2.689793109893799], "andrew-y-ng_1997": [-1.643782615661621, 1.0289145708084106], "andrew-y-ng_2002": [-1.134101390838623, -1.032418966293335], "andrew-y-ng_1996": [-2.077359676361084, 3.1683661937713623], "andrew-y-ng_1995": [1.0697299242019653, 6.695704936981201], "ICML_2005": [1.8712294101715088, 3.069157838821411], "ICML_2010": [1.078011393547058, 2.5575718879699707], "ICML_1989": [-0.7689059376716614, 5.225743293762207], "ICML_1991": [-0.8241431713104248, 5.1150689125061035], "ICML_2016": [1.9636094570159912, 0.2256268709897995], "ICML_2014": [2.435314893722534, 0.8166090250015259], "ICML_2017": [0.4313666820526123, 0.20364262163639069], "ICML_2013": [2.443965196609497, 1.181522250175476], "ICML_2018": [0.024588745087385178, 0.2124376744031906], "ICML_2008": [2.6249659061431885, 2.340576171875], "ICML_2003": [2.1796813011169434, 3.2542836666107178], "ICML_2006": [2.1240882873535156, 2.4189372062683105], "ICML_2000": [-0.7597631216049194, 3.6399827003479004], "ICML_2007": [1.770720362663269, 2.479024648666382], "ICML_2004": [1.1395559310913086, 2.786309003829956], "ICML_2009": [2.2833080291748047, 2.1390461921691895], "ICML_2012": [1.9496890306472778, 1.5897351503372192], "ICML_1997": [-1.62184476852417, 3.6678810119628906], "ICML_2011": [2.388364315032959, 1.7089018821716309], "ICML_1992": [-0.15253083407878876, 5.880453109741211], "ICML_1996": [-1.6111547946929932, 3.432292938232422], "ICML_1998": [-1.4403806924819946, 3.9171721935272217], "ICML_2015": [1.6782784461975098, 0.5801873803138733], "ICML_1994": [0.45228421688079834, 6.0664191246032715], "ICML_1995": [-0.08182413876056671, 5.832817077636719], "ICML_1988": [-1.1976253986358643, 5.092867374420166], "ICML_1993": [0.006923382636159658, 5.947292327880859], "ICML_2002": [-0.5253934264183044, 4.032825469970703], "ICML_1990": [0.624785304069519, 6.1255269050598145], "ICML_2001": [1.1242868900299072, 3.438962697982788], "ICML_1999": [-1.8252466917037964, 3.8133299350738525], "ICML_1987": [-1.2615551948547363, 5.84158992767334], "ICML_1984": [-2.0773589611053467, 3.168365716934204], "NIPS_2015": [1.258924126625061, 0.5882651209831238], "NIPS_2002": [-0.24305635690689087, 2.842240810394287], "NIPS_2012": [1.3588165044784546, 1.8711999654769897], "NIPS_2010": [0.8151767253875732, 1.7210073471069336], "NIPS_1992": [-1.1074501276016235, 3.5463764667510986], "NIPS_2016": [0.4917358160018921, 0.16959087550640106], "NIPS_2005": [-0.17064432799816132, 2.2320504188537598], "NIPS_2014": [1.520687460899353, 1.300919532775879], "NIPS_2008": [0.6144382357597351, 2.8432199954986572], "NIPS_1998": [-0.8207980990409851, 2.2889962196350098], "NIPS_1999": [-0.8867976665496826, 2.8053579330444336], "NIPS_1996": [-1.1774427890777588, 3.018096923828125], "NIPS_2004": [-0.12832990288734436, 2.526733875274658], "NIPS_2017": [0.11002980917692184, 0.21188919246196747], "NIPS_1994": [-1.3728594779968262, 2.703206777572632], "NIPS_1990": [-1.7469035387039185, 2.5409507751464844], "NIPS_1989": [-1.9342586994171143, 2.46596097946167], "NIPS_2003": [-1.0444377660751343, 2.547489643096924], "NIPS_2013": [1.4030141830444336, 1.265986442565918], "NIPS_2006": [-0.25217944383621216, 2.0889415740966797], "NIPS_1988": [-2.276730537414551, 2.8084845542907715], "NIPS_2007": [0.5586799383163452, 2.131695032119751], "NIPS_1997": [-0.6155849099159241, 3.5215048789978027], "NIPS_1991": [-2.147017002105713, 3.7352869510650635], "NIPS_2011": [1.0474532842636108, 1.8577377796173096], "NIPS_2009": [0.6722941398620605, 1.9494861364364624], "NIPS_1995": [-1.3528276681900024, 2.475412607192993], "NIPS_2018": [-2.0775253772735596, 3.1595308780670166], "NIPS_2001": [-0.8563741445541382, 2.9981775283813477], "NIPS_1993": [-0.6177303791046143, 3.3308753967285156], "NIPS_2000": [-0.9811543226242065, 2.041973352432251], "NIPS_1987": [-2.077359437942505, 3.1683666706085205], "ICML_Anchor": [3.2926692962646484, 2.8418283462524414], "NIPS_Anchor": [3.4292526245117188, 4.276937961578369]}