{"cheng-soon-ong_2007": [8.223267555236816, -3.4984705448150635], "cheng-soon-ong_2015": [8.69803237915039, -8.268942832946777], "cheng-soon-ong_2016": [8.687522888183594, -7.604225158691406], "cheng-soon-ong_2008": [8.595279693603516, -2.484142303466797], "cheng-soon-ong_2005": [7.322413444519043, -5.192178726196289], "cheng-soon-ong_2009": [7.8064985275268555, -1.7822805643081665], "cheng-soon-ong_2014": [7.66660213470459, -1.3249462842941284], "cheng-soon-ong_2017": [6.830595970153809, 2.968736410140991], "cheng-soon-ong_2006": [8.190291404724121, -2.6222732067108154], "cheng-soon-ong_2003": [7.625288486480713, -5.922998905181885], "cheng-soon-ong_2004": [4.527464389801025, -6.5897650718688965], "robert-c-williamson_2014": [10.705897331237793, -6.915692329406738], "robert-c-williamson_2007": [8.700904846191406, -4.060512542724609], "robert-c-williamson_2002": [4.752822399139404, -7.510134696960449], "robert-c-williamson_1998": [0.1772761046886444, -10.155985832214355], "robert-c-williamson_1999": [-0.08144145458936691, -8.596680641174316], "robert-c-williamson_2001": [0.734486997127533, -8.910009384155273], "robert-c-williamson_2006": [5.227153778076172, -8.199905395507812], "robert-c-williamson_1996": [-0.07684778422117233, -9.266027450561523], "robert-c-williamson_1988": [-5.2732367515563965, -3.4175121784210205], "robert-c-williamson_2011": [11.054023742675781, -8.006427764892578], "robert-c-williamson_2003": [-1.7151463031768799, -7.942251682281494], "robert-c-williamson_1994": [-0.24089285731315613, -9.801027297973633], "robert-c-williamson_1993": [-0.41221559047698975, 1.267919659614563], "robert-c-williamson_2000": [-0.1578613966703415, -8.429990768432617], "robert-c-williamson_1992": [-2.014714241027832, -7.721703052520752], "robert-c-williamson_1991": [-13.446809768676758, 7.187212944030762], "robert-c-williamson_2015": [10.637446403503418, -7.295992851257324], "robert-c-williamson_2010": [9.886110305786133, -7.812551021575928], "robert-c-williamson_1995": [1.4049268960952759, -9.928454399108887], "robert-c-williamson_2018": [4.507282257080078, -0.9612072706222534], "robert-c-williamson_2005": [6.934345245361328, -6.110213756561279], "robert-c-williamson_2016": [10.584813117980957, -8.855170249938965], "robert-c-williamson_1997": [1.5783919095993042, -10.174906730651855], "robert-c-williamson_1990": [-13.311596870422363, 7.098198890686035], "robert-c-williamson_2017": [7.263944149017334, -11.337355613708496], "robert-c-williamson_2009": [-3.5107438564300537, -7.727897644042969], "robert-c-williamson_2008": [-3.4500935077667236, -7.743790149688721], "robert-c-williamson_2012": [11.15288257598877, -7.171107769012451], "robert-c-williamson_1985": [-5.1894850730896, 3.624826192855835], "robert-c-williamson_1987": [-5.236449241638184, 3.4797308444976807], "robert-c-williamson_2004": [9.244161605834961, -6.10748815536499], "alexander-j-smola_1998": [3.2370517253875732, -7.929187297821045], "alexander-j-smola_2007": [7.593287467956543, -7.09594202041626], "alexander-j-smola_2005": [7.265429496765137, -6.826761722564697], "alexander-j-smola_1999": [2.8625731468200684, -8.534483909606934], "alexander-j-smola_2010": [7.85221529006958, -7.971339702606201], "alexander-j-smola_2004": [8.310011863708496, -6.324644565582275], "alexander-j-smola_2018": [6.379329204559326, -11.180543899536133], "alexander-j-smola_2003": [6.90435266494751, -7.059365272521973], "alexander-j-smola_2006": [7.434133052825928, -7.094965934753418], "alexander-j-smola_2016": [7.394838333129883, -10.526455879211426], "alexander-j-smola_2000": [2.326796054840088, -8.233055114746094], "alexander-j-smola_1992": [-4.804657936096191, 3.9019150733947754], "alexander-j-smola_2001": [2.1531970500946045, -8.27264404296875], "alexander-j-smola_2008": [8.091821670532227, -8.19170093536377], "alexander-j-smola_2017": [6.131526947021484, -10.52484130859375], "alexander-j-smola_2009": [7.590822696685791, -7.840918064117432], "alexander-j-smola_2013": [9.538777351379395, 3.819049119949341], "alexander-j-smola_2014": [8.090625762939453, -9.370962142944336], "alexander-j-smola_2012": [8.9467191696167, -9.013264656066895], "alexander-j-smola_2015": [7.931865215301514, -9.723212242126465], "alexander-j-smola_2011": [7.175734519958496, -8.245565414428711], "alexander-j-smola_2002": [4.931671619415283, -7.2404584884643555], "alexander-j-smola_1997": [0.969314694404602, -6.218048095703125], "alexander-j-smola_1995": [-4.189658164978027, 3.3224375247955322], "alexander-j-smola_1996": [-4.488468170166016, 3.80678653717041], "ICML_2005": [0.16161318123340607, -4.814604759216309], "ICML_2010": [0.29542192816734314, -3.614961862564087], "ICML_1989": [-10.428582191467285, -2.050891160964966], "ICML_1991": [-10.00614070892334, -1.7794784307479858], "ICML_2016": [4.0014801025390625, -3.063457489013672], "ICML_2014": [3.510375499725342, -3.824115514755249], "ICML_2017": [3.460376501083374, -1.0193361043930054], "ICML_2013": [2.9835727214813232, -4.058634281158447], "ICML_2018": [3.5036420822143555, -0.6322392821311951], "ICML_2008": [1.5974558591842651, -5.093784332275391], "ICML_2003": [0.09508689492940903, -5.180353164672852], "ICML_2006": [1.15091872215271, -4.675329685211182], "ICML_2000": [-3.6754488945007324, -0.45562314987182617], "ICML_2007": [0.8220267295837402, -4.361027717590332], "ICML_2004": [0.04231138527393341, -3.8880388736724854], "ICML_2009": [1.6615893840789795, -4.608946323394775], "ICML_2012": [2.0863535404205322, -3.9254767894744873], "ICML_1997": [-4.991480350494385, 1.997748613357544], "ICML_2011": [2.280643939971924, -4.494659423828125], "ICML_1992": [-9.874531745910645, -3.352696657180786], "ICML_1996": [-3.9338223934173584, 2.1803627014160156], "ICML_1998": [-6.115599632263184, 4.185783386230469], "ICML_2015": [3.236919403076172, -2.9020400047302246], "ICML_1994": [-10.517937660217285, -4.000599384307861], "ICML_1995": [-10.472880363464355, -3.310595750808716], "ICML_1988": [-10.994491577148438, -0.5834393501281738], "ICML_1993": [-10.125521659851074, -3.543239116668701], "ICML_2002": [-5.990668773651123, -1.8139971494674683], "ICML_1990": [-10.514501571655273, -4.121396541595459], "ICML_2001": [-0.9445925354957581, -4.2003068923950195], "ICML_1999": [-3.933811664581299, 1.670391321182251], "ICML_1987": [-11.080903053283691, -1.8919020891189575], "ICML_1984": [-4.914360523223877, 3.0036725997924805], "NIPS_2015": [2.9986302852630615, -2.432400703430176], "NIPS_2002": [-1.012005090713501, -1.1328214406967163], "NIPS_2012": [1.3366234302520752, -3.443157911300659], "NIPS_2010": [1.202068567276001, -2.66253662109375], "NIPS_1992": [-1.5885435342788696, 1.2953197956085205], "NIPS_2016": [3.541877508163452, -1.0309070348739624], "NIPS_2005": [-0.4792232811450958, -1.660620093345642], "NIPS_2014": [2.14656400680542, -3.1534078121185303], "NIPS_2008": [-0.4061267077922821, -3.3798632621765137], "NIPS_1998": [-1.2161866426467896, -0.6605758666992188], "NIPS_1999": [-1.718493938446045, 0.003987965174019337], "NIPS_1996": [-2.337747573852539, 0.6401182413101196], "NIPS_2004": [-1.065752625465393, -2.045452117919922], "NIPS_2017": [3.4440951347351074, -0.6571701765060425], "NIPS_1994": [-1.8844064474105835, 0.9197970628738403], "NIPS_1990": [-3.1249289512634277, 2.159839153289795], "NIPS_1989": [-2.7614543437957764, 2.822472095489502], "NIPS_2003": [-2.084002733230591, -0.129695326089859], "NIPS_2013": [2.1368002891540527, -3.108076333999634], "NIPS_2006": [-0.5553004741668701, -1.930491328239441], "NIPS_1988": [-3.6667985916137695, 4.258913516998291], "NIPS_2007": [0.3607124090194702, -2.644973039627075], "NIPS_1997": [-2.6355574131011963, -0.5269854068756104], "NIPS_1991": [-3.1024701595306396, 3.552509069442749], "NIPS_2011": [1.1697129011154175, -3.0972328186035156], "NIPS_2009": [0.741141676902771, -2.7194440364837646], "NIPS_1995": [-1.8562748432159424, 0.48483747243881226], "NIPS_2018": [-4.914819717407227, 3.891202211380005], "NIPS_2001": [-2.623452663421631, 0.09419823437929153],