{"cheng-soon-ong_2007": [37.7506217956543, 6.6504950523376465], "cheng-soon-ong_2015": [46.46318054199219, 1.248671293258667], "cheng-soon-ong_2016": [42.02888107299805, 4.3358635902404785], "cheng-soon-ong_2008": [35.664066314697266, 5.558876037597656], "cheng-soon-ong_2005": [42.28430938720703, 10.676179885864258], "cheng-soon-ong_2009": [35.254676818847656, 7.949384689331055], "cheng-soon-ong_2014": [34.56674575805664, 9.04284954071045], "cheng-soon-ong_2017": [38.174476623535156, -11.57890510559082], "cheng-soon-ong_2006": [36.33185577392578, 6.734873294830322], "cheng-soon-ong_2003": [43.865962982177734, 10.097219467163086], "cheng-soon-ong_2004": [38.34836959838867, 17.06464195251465], "robert-c-williamson_2014": [52.39910125732422, 7.221449375152588], "robert-c-williamson_2007": [39.00101852416992, 6.374798774719238], "robert-c-williamson_2002": [40.34040451049805, 17.865251541137695], "robert-c-williamson_1998": [41.59488296508789, 25.20060920715332], "robert-c-williamson_1999": [38.38814926147461, 27.852100372314453], "robert-c-williamson_2001": [38.22868347167969, 25.760086059570312], "robert-c-williamson_2006": [41.910213470458984, 16.897554397583008], "robert-c-williamson_1996": [40.26443862915039, 26.938154220581055], "robert-c-williamson_1988": [-24.014509201049805, 14.827007293701172], "robert-c-williamson_2011": [54.257320404052734, 5.1089677810668945], "robert-c-williamson_2003": [37.29393768310547, 30.306196212768555], "robert-c-williamson_1994": [39.7790641784668, 25.508893966674805], "robert-c-williamson_1993": [35.0838737487793, 38.58642578125], "robert-c-williamson_2000": [37.86490249633789, 28.158721923828125], "robert-c-williamson_1992": [36.21282196044922, 31.12631607055664], "robert-c-williamson_1991": [33.06431579589844, 24.184253692626953], "robert-c-williamson_2015": [52.770416259765625, 6.452118396759033], "robert-c-williamson_2010": [51.428382873535156, 5.226230621337891], "robert-c-williamson_1995": [42.211097717285156, 28.004478454589844], "robert-c-williamson_2018": [20.0351619720459, 6.270321846008301], "robert-c-williamson_2005": [41.97834014892578, 8.546625137329102], "robert-c-williamson_2016": [54.645103454589844, 3.7740259170532227], "robert-c-williamson_1997": [43.15042495727539, 28.431293487548828], "robert-c-williamson_1990": [31.86832046508789, 24.220325469970703], "robert-c-williamson_2017": [40.65393829345703, -6.486510276794434], "robert-c-williamson_2009": [38.82075500488281, 33.27894592285156], "robert-c-williamson_2008": [38.592777252197266, 32.888912200927734], "robert-c-williamson_2012": [53.91823959350586, 6.932509899139404], "robert-c-williamson_1985": [-28.220617294311523, 19.971250534057617], "robert-c-williamson_1987": [-30.37552833557129, 19.081228256225586], "robert-c-williamson_2004": [47.43983840942383, 10.005228996276855], "alexander-j-smola_1998": [37.4615478515625, 21.776424407958984], "alexander-j-smola_2007": [43.08837890625, 6.012701511383057], "alexander-j-smola_2005": [42.87535858154297, 7.123857498168945], "alexander-j-smola_1999": [35.74773025512695, 21.926462173461914], "alexander-j-smola_2010": [44.846500396728516, 2.8645827770233154], "alexander-j-smola_2004": [46.29650115966797, 9.21738052368164], "alexander-j-smola_2018": [38.94017028808594, -5.211328506469727], "alexander-j-smola_2003": [44.556461334228516, 8.517446517944336], "alexander-j-smola_2006": [43.98252487182617, 7.151482582092285], "alexander-j-smola_2016": [40.98893737792969, -4.2859721183776855], "alexander-j-smola_2000": [36.80216598510742, 23.223047256469727], "alexander-j-smola_1992": [-28.902305603027344, 18.5739803314209], "alexander-j-smola_2001": [36.56541061401367, 23.699501037597656], "alexander-j-smola_2008": [45.245845794677734, 1.9770967960357666], "alexander-j-smola_2017": [37.56413269042969, -5.608124732971191], "alexander-j-smola_2009": [44.92009735107422, 3.7593207359313965], "alexander-j-smola_2013": [34.166656494140625, -14.888764381408691], "alexander-j-smola_2014": [42.57026290893555, -2.178067207336426], "alexander-j-smola_2012": [43.631072998046875, -0.9978988170623779], "alexander-j-smola_2015": [42.170921325683594, -2.7237231731414795], "alexander-j-smola_2011": [46.11918258666992, 4.637150764465332], "alexander-j-smola_2002": [39.716609954833984, 17.537309646606445], "alexander-j-smola_1997": [22.134855270385742, 20.0465087890625], "alexander-j-smola_1995": [-29.634992599487305, 20.141862869262695], "alexander-j-smola_1996": [-31.512876510620117, 19.778810501098633], "ICML_2005": [16.802812576293945, 27.528593063354492], "ICML_2010": [13.866549491882324, 24.107999801635742], "ICML_1989": [5.749070167541504, -25.79320526123047], "ICML_1991": [4.534361839294434, -25.43081283569336], "ICML_2016": [22.751949310302734, 12.821515083312988], "ICML_2014": [23.764650344848633, 14.60492992401123], "ICML_2017": [17.82646369934082, 7.1377081871032715], "ICML_2013": [23.940418243408203, 15.055776596069336], "ICML_2018": [17.720918655395508, 5.766013145446777], "ICML_2008": [20.29545783996582, 27.593795776367188], "ICML_2003": [17.279010772705078, 28.754253387451172], "ICML_2006": [19.126548767089844, 26.528400421142578], "ICML_2000": [-2.6875112056732178, -4.789153575897217], "ICML_2007": [18.309900283813477, 26.162242889404297], "ICML_2004": [15.145410537719727, 25.478967666625977], "ICML_2009": [20.49066734313965, 26.06839370727539], "ICML_2012": [21.441001892089844, 18.793048858642578], "ICML_1997": [-26.237560272216797, 18.15348243713379], "ICML_2011": [21.454757690429688, 24.867359161376953], "ICML_1992": [8.966325759887695, -28.328733444213867], "ICML_1996": [-31.439870834350586, 26.54085922241211], "ICML_1998": [-30.77983856201172, 14.906407356262207], "ICML_2015": [20.840425491333008, 13.418274879455566], "ICML_1994": [6.980270862579346, -29.786256790161133], "ICML_1995": [6.803454875946045, -28.099483489990234], "ICML_1988": [1.925979733467102, -25.14634132385254], "ICML_1993": [8.367109298706055, -28.784481048583984], "ICML_2002": [-2.6082682609558105, -7.169321060180664], "ICML_1990": [8.09615707397461, -30.598569869995117], "ICML_2001": [12.438424110412598, 25.66218376159668], "ICML_1999": [-35.73499298095703, 18.357345581054688], "ICML_1987": [6.5926618576049805, -24.603836059570312], "ICML_1984": [-30.75508689880371, 20.80929183959961], "NIPS_2015": [20.083009719848633, 13.619763374328613], "NIPS_2002": [0.34289270639419556, 21.712949752807617], "NIPS_2012": [18.59206199645996, 18.686038970947266], "NIPS_2010": [17.377521514892578, 20.12137222290039], "NIPS_1992": [-0.9697763919830322, 15.45961856842041], "NIPS_2016": [18.49079132080078, 6.550957679748535], "NIPS_2005": [1.9922391176223755, 22.17287254333496], "NIPS_2014": [19.471935272216797, 16.786361694335938], "NIPS_2008": [13.560020446777344, 24.845632553100586], "NIPS_1998": [-0.32532641291618347, 20.869340896606445], "NIPS_1999": [-3.835723400115967, 19.991167068481445], "NIPS_1996": [-2.9367728233337402, 17.441701889038086], "NIPS_2004": [2.8114490509033203, 20.939586639404297], "NIPS_2017": [17.076814651489258, 6.097179412841797], "NIPS_1994": [-1.918479561805725, 16.52475357055664], "NIPS_1990": [-24.123159408569336, 20.364120483398438], "NIPS_1989": [-27.993772506713867, 15.715167045593262], "NIPS_2003": [-1.4136074781417847, 18.856061935424805], "NIPS_2013": [20.099103927612305, 17.455690383911133], "NIPS_2006": [3.337466239929199, 22.20130729675293], "NIPS_1988": [-35.77033233642578, 23.891952514648438], "NIPS_2007": [15.327061653137207, 18.881973266601562], "NIPS_1997": [-5.101375102996826, 17.838842391967773], "NIPS_1991": [-26.6026554107666, 24.93486785888672], "NIPS_2011": [17.77627944946289, 18.798791885375977], "NIPS_2009": [16.142465591430664, 18.871919631958008], "NIPS_1995": [-1.5649977922439575, 18.12741470336914], "NIPS_2018": [-30.318159103393555, 22.176050186157227], "NIPS_2001": [-3.5699870586395264, 18.85927963256836], "NIPS_1993": [-2.925614595413208, 15.249214172363281],