{"cheng-soon-ong_2007": [-18.635765075683594, -31.81867218017578], "cheng-soon-ong_2015": [-16.327245712280273, -24.980878829956055], "cheng-soon-ong_2016": [-14.252039909362793, -24.701086044311523], "cheng-soon-ong_2008": [-20.44647979736328, -32.85098648071289], "cheng-soon-ong_2005": [-23.219390869140625, -24.902902603149414], "cheng-soon-ong_2009": [-18.72816276550293, -34.23982620239258], "cheng-soon-ong_2014": [-18.426025390625, -35.41044616699219], "cheng-soon-ong_2017": [-1.4270554780960083, -25.478607177734375], "cheng-soon-ong_2006": [-19.213212966918945, -32.85517120361328], "cheng-soon-ong_2003": [-22.08592987060547, -25.76878547668457], "cheng-soon-ong_2004": [-21.158796310424805, -17.321876525878906], "robert-c-williamson_2014": [-18.424518585205078, -20.70745849609375], "robert-c-williamson_2007": [-17.52306365966797, -30.916927337646484], "robert-c-williamson_2002": [-22.929656982421875, -18.08419418334961], "robert-c-williamson_1998": [-27.082656860351562, -13.71680736541748], "robert-c-williamson_1999": [-26.0628662109375, -9.909154891967773], "robert-c-williamson_2001": [-25.599742889404297, -11.781159400939941], "robert-c-williamson_2006": [-23.620304107666016, -19.739500045776367], "robert-c-williamson_1996": [-27.158313751220703, -10.833895683288574], "robert-c-williamson_1988": [3.9297244548797607, 19.131481170654297], "robert-c-williamson_2011": [-15.855414390563965, -20.485336303710938], "robert-c-williamson_2003": [-26.13861656188965, -7.4208855628967285], "robert-c-williamson_1994": [-27.24131965637207, -12.188719749450684], "robert-c-williamson_1993": [-32.10038757324219, -3.294147253036499], "robert-c-williamson_2000": [-25.73987579345703, -9.514093399047852], "robert-c-williamson_1992": [-27.02863883972168, -6.501328468322754], "robert-c-williamson_1991": [-21.168319702148438, -10.506585121154785], "robert-c-williamson_2015": [-17.52015495300293, -20.877513885498047], "robert-c-williamson_2010": [-17.332866668701172, -22.425466537475586], "robert-c-williamson_1995": [-29.19055938720703, -11.198965072631836], "robert-c-williamson_2018": [-7.104962348937988, -13.84000301361084], "robert-c-williamson_2005": [-21.279272079467773, -24.060546875], "robert-c-williamson_2016": [-14.633768081665039, -21.150930404663086], "robert-c-williamson_1997": [-30.01030158996582, -11.224609375], "robert-c-williamson_1990": [-20.337791442871094, -9.838826179504395], "robert-c-williamson_2017": [-8.368457794189453, -25.47968101501465], "robert-c-williamson_2009": [-24.41935920715332, -5.183075428009033], "robert-c-williamson_2008": [-24.701969146728516, -5.40476655960083], "robert-c-williamson_2012": [-17.336196899414062, -19.754493713378906], "robert-c-williamson_1985": [11.548966407775879, 16.672344207763672], "robert-c-williamson_1987": [10.14785385131836, 18.66965103149414], "robert-c-williamson_2004": [-22.449073791503906, -28.252866744995117], "alexander-j-smola_1998": [-22.364025115966797, -14.269732475280762], "alexander-j-smola_2007": [-18.596202850341797, -24.775503158569336], "alexander-j-smola_2005": [-19.583019256591797, -24.28750991821289], "alexander-j-smola_1999": [-23.996885299682617, -14.179167747497559], "alexander-j-smola_2010": [-17.069957733154297, -26.46639633178711], "alexander-j-smola_2004": [-21.368316650390625, -27.38155746459961], "alexander-j-smola_2018": [-8.581822395324707, -23.67555046081543], "alexander-j-smola_2003": [-20.345842361450195, -25.90802764892578], "alexander-j-smola_2006": [-19.404787063598633, -25.251253128051758], "alexander-j-smola_2016": [-10.279570579528809, -25.33319664001465], "alexander-j-smola_2000": [-23.20639991760254, -12.836163520812988], "alexander-j-smola_1992": [10.160233497619629, 15.605673789978027], "alexander-j-smola_2001": [-23.221952438354492, -12.410393714904785], "alexander-j-smola_2008": [-16.325546264648438, -26.272422790527344], "alexander-j-smola_2017": [-8.60827922821045, -22.250656127929688], "alexander-j-smola_2009": [-17.934309005737305, -26.36293601989746], "alexander-j-smola_2013": [0.3511897921562195, -30.14678382873535], "alexander-j-smola_2014": [-12.669865608215332, -26.305192947387695], "alexander-j-smola_2012": [-14.077301979064941, -27.050596237182617], "alexander-j-smola_2015": [-11.990638732910156, -26.061843872070312], "alexander-j-smola_2011": [-18.01218032836914, -27.740039825439453], "alexander-j-smola_2002": [-22.26174545288086, -18.05259895324707], "alexander-j-smola_1997": [-16.0564022064209, -9.024089813232422], "alexander-j-smola_1995": [10.540040969848633, 17.626615524291992], "alexander-j-smola_1996": [10.553614616394043, 16.637699127197266], "ICML_2005": [-11.004189491271973, -2.183053493499756], "ICML_2010": [-13.983468055725098, -1.8705624341964722], "ICML_1989": [-10.602739334106445, 37.75547409057617], "ICML_1991": [-10.631359100341797, 36.73837661743164], "ICML_2016": [-11.136653900146484, -12.554516792297363], "ICML_2014": [-12.612210273742676, -11.440220832824707], "ICML_2017": [-6.775300979614258, -11.556818962097168], "ICML_2013": [-12.83947467803955, -10.631952285766602], "ICML_2018": [-5.713705062866211, -12.278193473815918], "ICML_2008": [-9.584059715270996, -4.549372673034668], "ICML_2003": [-9.821033477783203, -2.1126115322113037], "ICML_2006": [-10.876814842224121, -4.307613849639893], "ICML_2000": [-9.823747634887695, 19.880859375], "ICML_2007": [-11.836965560913086, -3.9187204837799072], "ICML_2004": [-12.900856018066406, -2.544764995574951], "ICML_2009": [-10.473968505859375, -5.4266037940979], "ICML_2012": [-14.410536766052246, -8.944733619689941], "ICML_1997": [8.08520221710205, 15.078113555908203], "ICML_2011": [-10.924739837646484, -6.726602554321289], "ICML_1992": [-9.600320816040039, 40.56801223754883], "ICML_1996": [10.760679244995117, 13.26193904876709], "ICML_1998": [9.608489990234375, 20.687335968017578], "ICML_2015": [-10.678971290588379, -10.88562297821045], "ICML_1994": [-7.622592926025391, 39.58305358886719], "ICML_1995": [-8.918527603149414, 38.970909118652344], "ICML_1988": [-13.229175567626953, 36.44820785522461], "ICML_1993": [-8.969337463378906, 40.259429931640625], "ICML_2002": [-9.08315372467041, 22.08382797241211], "ICML_1990": [-7.48789119720459, 40.746009826660156], "ICML_2001": [-13.055037498474121, -0.01999751105904579], "ICML_1999": [12.901241302490234, 13.904757499694824], "ICML_1987": [-11.755501747131348, 38.33781814575195], "ICML_1984": [9.432682037353516, 16.61764144897461], "NIPS_2015": [-9.8181734085083, -10.698064804077148], "NIPS_2002": [-13.997675895690918, 6.934573173522949], "NIPS_2012": [-13.907915115356445, -6.245458602905273], "NIPS_2010": [-15.87973690032959, -5.898040294647217], "NIPS_1992": [-9.333694458007812, 10.756742477416992], "NIPS_2016": [-6.7218780517578125, -12.30703067779541], "NIPS_2005": [-14.390605926513672, 5.602389812469482], "NIPS_2014": [-13.187275886535645, -7.824960708618164], "NIPS_2008": [-13.622407913208008, -1.0971004962921143], "NIPS_1998": [-13.307367324829102, 7.705418586730957], "NIPS_1999": [-13.477762222290039, 10.472269058227539], "NIPS_1996": [-11.205045700073242, 10.385486602783203], "NIPS_2004": [-13.263221740722656, 4.955196380615234], "NIPS_2017": [-5.646138668060303, -11.651031494140625], "NIPS_1994": [-10.312422752380371, 9.709990501403809], "NIPS_1990": [5.7272820472717285, 15.575161933898926], "NIPS_1989": [14.854397773742676, 18.603271484375], "NIPS_2003": [-12.072263717651367, 8.973196983337402], "NIPS_2013": [-14.120959281921387, -7.830279350280762], "NIPS_2006": [-14.371342658996582, 4.410379409790039], "NIPS_1988": [12.336504936218262, 20.432701110839844], "NIPS_2007": [-15.392056465148926, -3.8881618976593018], "NIPS_1997": [-11.602201461791992, 12.084236145019531], "NIPS_1991": [8.47475814819336, 12.793313026428223], "NIPS_2011": [-14.628608703613281, -5.803646087646484], "NIPS_2009": [-15.200408935546875, -4.707516670227051], "NIPS_1995": [-11.437769889831543, 9.191719055175781], "NIPS_2018": [9.407123565673828, 17.74982452392578],