{"steve-blackburn_2004": [-18.67429542541504, -17.638835906982422], "steve-blackburn_1999": [15.661906242370605, 13.54483699798584], "steve-blackburn_2011": [-11.562893867492676, -9.561874389648438], "steve-blackburn_2006": [-19.174230575561523, -18.066246032714844], "steve-blackburn_2000": [0.9041175842285156, 2.721686363220215], "steve-blackburn_2015": [-15.17707347869873, -14.412717819213867], "steve-blackburn_2005": [-15.946043014526367, -11.957501411437988], "steve-blackburn_1998": [15.805915832519531, 12.982236862182617], "steve-blackburn_2016": [-14.14482593536377, -14.260201454162598], "steve-blackburn_1996": [15.313032150268555, 7.320521354675293], "steve-blackburn_2001": [-15.018997192382812, -10.459549903869629], "steve-blackburn_2018": [15.837112426757812, 9.027792930603027], "steve-blackburn_2010": [-16.81671714782715, -15.588025093078613], "steve-blackburn_2012": [-10.41426944732666, -9.032729148864746], "steve-blackburn_2013": [-14.702837944030762, -17.210660934448242], "steve-blackburn_1997": [16.2088565826416, 13.360342979431152], "steve-blackburn_2002": [-19.187990188598633, -17.59463882446289], "steve-blackburn_2003": [-18.154037475585938, -16.87364387512207], "steve-blackburn_2014": [-15.195326805114746, -17.69197654724121], "steve-blackburn_2008": [-7.833993434906006, -8.63057804107666], "steve-blackburn_2009": [-16.76079750061035, -17.19782257080078], "steve-blackburn_2007": [-18.139131546020508, -14.679849624633789], "antony-l-hosking_2011": [-16.4802303314209, -13.196253776550293], "antony-l-hosking_2016": [-9.04957103729248, -9.423372268676758], "antony-l-hosking_2009": [-0.043951306492090225, -3.788964033126831], "antony-l-hosking_2007": [-5.200212478637695, -9.729704856872559], "antony-l-hosking_2006": [-15.89407730102539, -13.438153266906738], "antony-l-hosking_2004": [-15.421832084655762, -12.801197052001953], "antony-l-hosking_1995": [-15.528519630432129, -8.184142112731934], "antony-l-hosking_2015": [-15.89049243927002, -15.642979621887207], "antony-l-hosking_1999": [-18.04483413696289, -12.891807556152344], "antony-l-hosking_2014": [-3.3857951164245605, -9.526406288146973], "antony-l-hosking_2005": [-13.171652793884277, -15.429230690002441], "antony-l-hosking_1990": [-7.634616374969482, -10.395047187805176], "antony-l-hosking_2003": [10.257364273071289, 4.904634952545166], "antony-l-hosking_2001": [-18.62861442565918, -18.26435089111328], "antony-l-hosking_2018": [16.13651466369629, 9.384438514709473], "antony-l-hosking_2000": [-6.949514389038086, -8.790616035461426], "antony-l-hosking_1993": [-5.112122058868408, -10.378040313720703], "antony-l-hosking_2012": [-15.493943214416504, -13.480589866638184], "antony-l-hosking_1991": [-5.950496673583984, -2.4747226238250732], "antony-l-hosking_1998": [-6.234105587005615, -9.410001754760742], "antony-l-hosking_1992": [-16.416261672973633, -11.322498321533203], "antony-l-hosking_2013": [15.947680473327637, 10.19340991973877], "antony-l-hosking_1997": [-18.009050369262695, -15.100364685058594], "antony-l-hosking_2010": [-16.802913665771484, -14.372421264648438], "antony-l-hosking_1994": [-18.57111358642578, -13.274382591247559], "antony-l-hosking_2008": [16.129629135131836, 9.763803482055664], "antony-l-hosking_1996": [-7.280913829803467, -10.95705795288086], "antony-l-hosking_2017": [-19.952360153198242, -17.814786911010742], "kathryn-mckinley_2009": [-14.645895004272461, -13.712615966796875], "kathryn-mckinley_2004": [-14.82032299041748, -16.239871978759766], "kathryn-mckinley_1994": [-9.856579780578613, -4.696310997009277], "kathryn-mckinley_1998": [-12.137018203735352, -15.290596961975098], "kathryn-mckinley_1990": [4.830522060394287, 15.855145454406738], "kathryn-mckinley_1995": [-1.4336646795272827, 1.2806413173675537], "kathryn-mckinley_2006": [-13.417898178100586, -13.539929389953613], "kathryn-mckinley_2015": [-10.131319999694824, -8.17682933807373], "kathryn-mckinley_1991": [-10.013713836669922, -13.0314302444458], "kathryn-mckinley_2013": [-7.522650241851807, -6.271190643310547], "kathryn-mckinley_2007": [-15.012236595153809, -13.318573951721191], "kathryn-mckinley_2016": [-11.849132537841797, -8.314882278442383], "kathryn-mckinley_2011": [-10.095621109008789, -8.14708137512207], "kathryn-mckinley_2000": [-2.160404920578003, -7.602534770965576], "kathryn-mckinley_2018": [15.284354209899902, 9.652862548828125], "kathryn-mckinley_2008": [-14.66408634185791, -15.420622825622559], "kathryn-mckinley_2003": [-12.40709400177002, -10.99290657043457], "kathryn-mckinley_1997": [2.6233956813812256, 1.634561538696289], "kathryn-mckinley_2010": [-15.91342830657959, -14.32482624053955], "kathryn-mckinley_1996": [-9.798367500305176, -5.899658679962158], "kathryn-mckinley_2005": [-11.675874710083008, -8.127838134765625], "kathryn-mckinley_1992": [-9.575566291809082, -4.2447381019592285], "kathryn-mckinley_1993": [-10.573456764221191, -4.939629554748535], "kathryn-mckinley_2012": [-11.643587112426758, -8.999906539916992], "kathryn-mckinley_2002": [-15.52170467376709, -16.647281646728516], "kathryn-mckinley_2001": [-13.909281730651855, -12.619232177734375], "kathryn-mckinley_2017": [-12.073565483093262, -12.303982734680176], "kathryn-mckinley_1999": [-12.423572540283203, -11.035046577453613], "kathryn-mckinley_2014": [-12.898137092590332, -12.453581809997559], "kathryn-mckinley_1989": [-3.9801735877990723, 0.897180438041687], "POPL_1993": [2.864067316055298, 12.035901069641113], "POPL_2017": [-3.8987348079681396, -6.887594223022461], "POPL_1980": [10.692963600158691, 14.96762466430664], "POPL_2001": [4.2288289070129395, 10.803139686584473], "POPL_2016": [-3.910510778427124, -7.107007026672363], "POPL_2005": [-0.5596911311149597, 6.325186252593994], "POPL_1996": [3.4190919399261475, 12.444392204284668], "POPL_1988": [4.502691745758057, 13.760713577270508], "POPL_2006": [-1.1746208667755127, 5.240100860595703], "POPL_2007": [-1.5063499212265015, 6.667647838592529], "POPL_1991": [4.522454261779785, 12.87039566040039], "POPL_1977": [11.677556037902832, 14.631510734558105], "POPL_1982": [7.288276195526123, 14.298416137695312], "POPL_2004": [-0.68045574426651, 7.847497463226318], "POPL_1989": [6.751954555511475, 13.30679988861084], "POPL_1981": [8.771921157836914, 14.624374389648438], "POPL_2000": [4.203497886657715, 10.90498161315918], "POPL_2013": [0.8475741147994995, 5.100002288818359], "POPL_1987": [7.675169944763184, 13.872560501098633], "POPL_1986": [7.717827796936035, 13.23482894897461], "POPL_1973": [12.239346504211426, 14.682560920715332], "POPL_1978": [11.456870079040527, 14.225765228271484], "POPL_1995": [3.114027261734009, 12.569347381591797], "POPL_1985": [6.225002765655518, 15.17844295501709], "POPL_1976": [11.525270462036133, 13.293941497802734], "POPL_2009": [-0.45879852771759033, 5.513737678527832], "POPL_1984": [7.854193687438965, 14.83607006072998], "POPL_2012": [-0.009988646022975445, 4.199615478515625], "POPL_2010": [-1.182834506034851, 4.576517105102539], "POPL_1999": [0.5517719388008118, 9.523832321166992], "POPL_2014": [-0.5088489055633545, 4.577648639678955], "POPL_1983": [7.168669700622559, 14.711394309997559], "POPL_1975": [13.537458419799805, 11.437381744384766], "POPL_2002": [-0.1522604078054428, 8.577585220336914], "POPL_2003": [2.17006778717041, 8.661054611206055], "POPL_2011": [-0.2367461621761322, 5.139787197113037], "POPL_2008": [-1.1288024187088013, 5.865827560424805], "POPL_1994": [3.737499475479126, 13.260637283325195], "POPL_1992": [6.522310256958008, 12.215662956237793], "POPL_2015": [0.7922166585922241, 4.767817497253418], "POPL_1997": [3.4341881275177, 13.280101776123047], "POPL_1998": [1.1674220561981201, 9.837982177734375], "POPL_1979": [11.129175186157227, 14.11526107788086], "PLDI_2015": [-5.333377361297607, -6.9478840827941895], "PLDI_1991": [6.950496673583984, 10.976595878601074], "PLDI_2018": [2.171212673187256, 3.27665376663208], "PLDI_1996": [2.876070261001587, 6.1031293869018555], "PLDI_2001": [-2.1408281326293945, -0.6254584789276123],