{"cheng-soon-ong_2007": [0.9697518348693848, -6.023001194000244], "cheng-soon-ong_2015": [-1.3084193468093872, -5.31451416015625], "cheng-soon-ong_2016": [-1.5748541355133057, -4.869264125823975], "cheng-soon-ong_2008": [1.6368178129196167, -6.197961330413818], "cheng-soon-ong_2005": [0.15347468852996826, -5.613246917724609], "cheng-soon-ong_2009": [2.012876033782959, -6.185865879058838], "cheng-soon-ong_2014": [2.210322380065918, -6.214836597442627], "cheng-soon-ong_2017": [3.5285720825195312, 2.591682195663452], "cheng-soon-ong_2006": [1.5697133541107178, -6.135379791259766], "cheng-soon-ong_2003": [-0.2276182919740677, -5.3214826583862305], "cheng-soon-ong_2004": [0.05707670748233795, -3.4784388542175293], "robert-c-williamson_2014": [-1.1935992240905762, -6.565173625946045], "robert-c-williamson_2007": [0.6641147136688232, -6.28584098815918], "robert-c-williamson_2002": [0.5421964526176453, -4.112559795379639], "robert-c-williamson_1998": [2.331617832183838, -3.9782650470733643], "robert-c-williamson_1999": [2.5161328315734863, -3.382875442504883], "robert-c-williamson_2001": [2.178133964538574, -3.593026876449585], "robert-c-williamson_2006": [0.5108886361122131, -4.4693450927734375], "robert-c-williamson_1996": [2.4676780700683594, -3.4742984771728516], "robert-c-williamson_1988": [-1.6347473859786987, 3.520955801010132], "robert-c-williamson_2011": [-1.662251353263855, -6.586366653442383], "robert-c-williamson_2003": [3.468470811843872, -3.2512731552124023], "robert-c-williamson_1994": [2.5029711723327637, -3.76867938041687], "robert-c-williamson_1993": [-0.3141045570373535, -1.6112492084503174], "robert-c-williamson_2000": [2.5826728343963623, -3.366847515106201], "robert-c-williamson_1992": [3.7051877975463867, -3.0738964080810547], "robert-c-williamson_1991": [4.752171039581299, -1.5270251035690308], "robert-c-williamson_2015": [-1.3253757953643799, -6.438760280609131], "robert-c-williamson_2010": [-1.4142614603042603, -6.086228370666504], "robert-c-williamson_1995": [1.9878066778182983, -3.1375911235809326], "robert-c-williamson_2018": [3.0541069507598877, 1.6860377788543701], "robert-c-williamson_2005": [-0.1730206310749054, -5.263950824737549], "robert-c-williamson_2016": [-2.009868621826172, -6.222988128662109], "robert-c-williamson_1997": [1.8901227712631226, -2.9415533542633057], "robert-c-williamson_1990": [4.905322074890137, -1.4394038915634155], "robert-c-williamson_2017": [3.9427292346954346, 2.4901552200317383], "robert-c-williamson_2009": [4.222931385040283, -3.6176576614379883], "robert-c-williamson_2008": [4.17983341217041, -3.5868334770202637], "robert-c-williamson_2012": [-1.3809430599212646, -6.751356601715088], "robert-c-williamson_1985": [-1.2900161743164062, 0.31145936250686646], "robert-c-williamson_1987": [-1.290015459060669, 0.31145960092544556], "robert-c-williamson_2004": [-0.5306253433227539, -6.063355445861816], "alexander-j-smola_1998": [0.9548775553703308, -3.660154342651367], "alexander-j-smola_2007": [-0.631630003452301, -5.10463809967041], "alexander-j-smola_2005": [-0.4183606505393982, -5.060317039489746], "alexander-j-smola_1999": [1.2386990785598755, -3.7060394287109375], "alexander-j-smola_2010": [-1.0782700777053833, -5.030560493469238], "alexander-j-smola_2004": [-0.42025625705718994, -5.329375267028809], "alexander-j-smola_2018": [4.431200981140137, 1.8135408163070679], "alexander-j-smola_2003": [-0.40336641669273376, -4.931328296661377], "alexander-j-smola_2006": [-0.568331241607666, -5.0907158851623535], "alexander-j-smola_2016": [-2.2128570079803467, -4.291840553283691], "alexander-j-smola_2000": [1.3937022686004639, -3.4989163875579834], "alexander-j-smola_1992": [-1.2900149822235107, 0.3114585280418396], "alexander-j-smola_2001": [1.5905619859695435, -3.4251601696014404], "alexander-j-smola_2008": [-1.196716547012329, -5.135228157043457], "alexander-j-smola_2017": [4.082104206085205, 1.172028660774231], "alexander-j-smola_2009": [-0.9698945879936218, -4.963428974151611], "alexander-j-smola_2013": [-4.435495376586914, 5.287954807281494], "alexander-j-smola_2014": [-1.8233624696731567, -4.800419330596924], "alexander-j-smola_2012": [-1.6942986249923706, -5.3266072273254395], "alexander-j-smola_2015": [-1.9564945697784424, -4.662806510925293], "alexander-j-smola_2011": [-1.0972344875335693, -4.770042896270752], "alexander-j-smola_2002": [0.2792018949985504, -4.146171569824219], "alexander-j-smola_1997": [2.334242820739746, -1.7309091091156006], "alexander-j-smola_1995": [-1.2900149822235107, 0.3114584982395172], "alexander-j-smola_1996": [-1.2900153398513794, 0.3114590346813202], "ICML_2005": [2.3405368328094482, -1.0776102542877197], "ICML_2010": [1.99883234500885, -0.442424476146698], "ICML_1989": [0.5856754779815674, 2.660015106201172], "ICML_1991": [0.3529576063156128, 2.715386390686035], "ICML_2016": [3.445060968399048, 0.6369980573654175], "ICML_2014": [3.431741714477539, 0.04486391693353653], "ICML_2017": [2.6112866401672363, 1.252387523651123], "ICML_2013": [3.2693638801574707, -0.24907827377319336], "ICML_2018": [2.4496145248413086, 1.4935482740402222], "ICML_2008": [2.9937617778778076, -0.933124303817749], "ICML_2003": [2.463793992996216, -1.244398593902588], "ICML_2006": [2.716954231262207, -0.8176385164260864], "ICML_2000": [0.07531804591417313, 0.5669267177581787], "ICML_2007": [2.473862648010254, -0.7664501667022705], "ICML_2004": [1.948675513267517, -0.6941989660263062], "ICML_2009": [2.883298873901367, -0.7176817059516907], "ICML_2012": [2.87860369682312, -0.3759690225124359], "ICML_1997": [-0.5600040555000305, 0.46645501255989075], "ICML_2011": [3.0445141792297363, -0.5627679824829102], "ICML_1992": [0.9568418860435486, 3.1679599285125732], "ICML_1996": [-0.6545162200927734, 0.18913739919662476], "ICML_1998": [-0.5023182034492493, 0.31638187170028687], "ICML_2015": [3.107008695602417, 0.3675590753555298], "ICML_1994": [0.736242413520813, -1.8620861768722534], "ICML_1995": [1.1064214706420898, 2.854851484298706], "ICML_1988": [-0.03109642118215561, 2.960540533065796], "ICML_1993": [1.0984305143356323, 3.045114278793335], "ICML_2002": [0.5808213949203491, 1.3169032335281372], "ICML_1990": [0.6003844738006592, -1.9270696640014648], "ICML_2001": [1.725919485092163, -1.014332890510559], "ICML_1999": [-0.7542434334754944, -0.19889163970947266], "ICML_1987": [0.6192298531532288, 2.9966256618499756], "ICML_1984": [-1.290015697479248, 0.3114594519138336], "NIPS_2015": [2.9053850173950195, 0.4707973897457123], "NIPS_2002": [0.8001570701599121, -0.24535676836967468], "NIPS_2012": [2.4342401027679443, -0.27579405903816223], "NIPS_2010": [2.1440272331237793, -0.061638396233320236], "NIPS_1992": [-0.16791287064552307, -0.6260576248168945], "NIPS_2016": [2.6678154468536377, 1.2549712657928467], "NIPS_2005": [1.1340513229370117, -0.22246600687503815], "NIPS_2014": [2.739995241165161, -0.039834149181842804], "NIPS_2008": [1.599533200263977, -0.46528881788253784], "NIPS_1998": [0.4834044277667999, -0.27176395058631897], "NIPS_1999": [0.09474889934062958, -0.30125606060028076], "NIPS_1996": [-0.14340932667255402, -0.15598395466804504], "NIPS_2004": [1.0442723035812378, 0.014159893617033958], "NIPS_2017": [2.4556124210357666, 1.4264130592346191], "NIPS_1994": [-0.2121797502040863, -0.39882737398147583], "NIPS_1990": [-0.654001772403717, -0.08441287279129028], "NIPS_1989": [-0.8360446691513062, -0.3763193190097809], "NIPS_2003": [0.10169544070959091, 0.09733682125806808], "NIPS_2013": [2.7271625995635986, -0.01650102436542511], "NIPS_2006": [1.152683973312378, -0.0792093276977539], "NIPS_1988": [-1.2692842483520508, -0.27451619505882263], "NIPS_2007": [1.819923758506775, -0.21123537421226501], "NIPS_1997": [0.2997915744781494, 0.14343512058258057], "NIPS_1991": [-1.039485216140747, -0.39542102813720703], "NIPS_2011": [2.2401158809661865, -0.1906253546476364], "NIPS_2009": [1.9863530397415161, -0.15429064631462097], "NIPS_1995": [-0.14411167800426483, -0.29207926988601685],