{"steve-blackburn_2004": [-8.606100082397461, -14.198604583740234], "steve-blackburn_1999": [-1.6288868188858032, 5.17230749130249], "steve-blackburn_2011": [-4.463750839233398, -10.597636222839355], "steve-blackburn_2006": [-8.825858116149902, -14.45344352722168], "steve-blackburn_2000": [-2.729468822479248, -0.46487683057785034], "steve-blackburn_2015": [-6.930270195007324, -12.093864440917969], "steve-blackburn_2005": [-7.454867362976074, -10.765070915222168], "steve-blackburn_1998": [-1.1753309965133667, 5.188703536987305], "steve-blackburn_2016": [-6.359041213989258, -12.093132972717285], "steve-blackburn_1996": [2.882004737854004, 6.207796096801758], "steve-blackburn_2001": [-6.846429824829102, -9.798099517822266], "steve-blackburn_2018": [1.9030191898345947, 5.729657173156738], "steve-blackburn_2010": [-7.62591552734375, -13.065010070800781], "steve-blackburn_2012": [-4.79567813873291, -9.908514976501465], "steve-blackburn_2013": [-6.562503337860107, -13.627786636352539], "steve-blackburn_1997": [5.905422687530518, 2.507646083831787], "steve-blackburn_2002": [-8.716018676757812, -14.460805892944336], "steve-blackburn_2003": [-8.149394989013672, -13.802725791931152], "steve-blackburn_2014": [-6.608742713928223, -13.931453704833984], "steve-blackburn_2008": [-5.767971038818359, -8.550315856933594], "steve-blackburn_2009": [-7.489165306091309, -14.193300247192383], "steve-blackburn_2007": [-8.356083869934082, -12.784268379211426], "antony-l-hosking_2011": [-7.399106025695801, -11.384010314941406], "antony-l-hosking_2016": [-5.593156337738037, -9.089155197143555], "antony-l-hosking_2009": [-4.183970928192139, -3.210613250732422], "antony-l-hosking_2007": [-6.469911575317383, -6.794543266296387], "antony-l-hosking_2006": [-7.373978137969971, -11.642132759094238], "antony-l-hosking_2004": [-7.650197505950928, -11.452200889587402], "antony-l-hosking_1995": [-7.741231918334961, -7.775793075561523], "antony-l-hosking_2015": [-7.375060081481934, -12.828932762145996], "antony-l-hosking_1999": [-8.60593032836914, -11.197148323059082], "antony-l-hosking_2014": [-6.487677097320557, -5.486541748046875], "antony-l-hosking_2005": [-8.418992042541504, -12.038373947143555], "antony-l-hosking_1990": [-6.648611068725586, -8.553001403808594], "antony-l-hosking_2003": [-1.0759248733520508, 3.345027446746826], "antony-l-hosking_2001": [-8.977099418640137, -14.128880500793457], "antony-l-hosking_2018": [1.6559523344039917, 6.074085235595703], "antony-l-hosking_2000": [-5.662452697753906, -7.675864219665527], "antony-l-hosking_1993": [-7.066453456878662, -6.8959879875183105], "antony-l-hosking_2012": [-7.11453104019165, -11.375682830810547], "antony-l-hosking_1991": [-5.630191802978516, -4.122173309326172], "antony-l-hosking_1998": [-6.094956398010254, -7.034193515777588], "antony-l-hosking_1992": [-7.093469142913818, -10.308977127075195], "antony-l-hosking_2013": [1.219638705253601, 5.756867408752441], "antony-l-hosking_1997": [-8.532567024230957, -12.783486366271973], "antony-l-hosking_2010": [-7.683505535125732, -12.378189086914062], "antony-l-hosking_1994": [-8.634407997131348, -11.430377006530762], "antony-l-hosking_2008": [1.9029781818389893, 5.729531288146973], "antony-l-hosking_1996": [-7.08467435836792, -8.3169584274292], "antony-l-hosking_2017": [-8.814964294433594, -14.799345016479492], "kathryn-mckinley_2009": [-6.734334468841553, -11.702469825744629], "kathryn-mckinley_2004": [-6.618263244628906, -13.014433860778809], "kathryn-mckinley_1994": [-2.272794485092163, -8.04416275024414], "kathryn-mckinley_1998": [-9.369175910949707, -12.126080513000488], "kathryn-mckinley_1990": [4.559784412384033, 0.1531161516904831], "kathryn-mckinley_1995": [-0.24875544011592865, -4.427867412567139], "kathryn-mckinley_2006": [-5.9955549240112305, -11.977898597717285], "kathryn-mckinley_2015": [-4.397576808929443, -9.359517097473145], "kathryn-mckinley_1991": [-9.2306489944458, -8.771713256835938], "kathryn-mckinley_2013": [-4.2246856689453125, -7.833733081817627], "kathryn-mckinley_2007": [-6.920661449432373, -11.415519714355469], "kathryn-mckinley_2016": [-3.6922121047973633, -10.27122974395752], "kathryn-mckinley_2011": [-4.411374568939209, -9.321113586425781], "kathryn-mckinley_2000": [-3.4636542797088623, -7.130404472351074], "kathryn-mckinley_2018": [1.6620405912399292, 6.068721294403076], "kathryn-mckinley_2008": [-6.550647735595703, -12.603325843811035], "kathryn-mckinley_2003": [-5.312032699584961, -11.104032516479492], "kathryn-mckinley_1997": [-3.4350385665893555, -1.4409024715423584], "kathryn-mckinley_2010": [-7.295624732971191, -12.101866722106934], "kathryn-mckinley_1996": [-3.187344789505005, -8.44094467163086], "kathryn-mckinley_2005": [-3.7264177799224854, -10.1622953414917], "kathryn-mckinley_1992": [-1.9659936428070068, -7.897990703582764], "kathryn-mckinley_1993": [-9.157052040100098, -8.450749397277832], "kathryn-mckinley_2012": [-4.14488410949707, -10.44831371307373], "kathryn-mckinley_2002": [-7.160261154174805, -13.376263618469238], "kathryn-mckinley_2001": [-6.403561115264893, -11.200061798095703], "kathryn-mckinley_2017": [-5.064413547515869, -11.802589416503906], "kathryn-mckinley_1999": [-5.30344295501709, -11.077183723449707], "kathryn-mckinley_2014": [-5.7107086181640625, -11.467756271362305], "kathryn-mckinley_1989": [-5.324019432067871, -2.7496800422668457], "robert-c-williamson_2014": [7.867309093475342, 6.318758010864258], "robert-c-williamson_2007": [6.751255035400391, 5.202178001403809], "robert-c-williamson_2002": [6.041210174560547, 6.736187934875488], "robert-c-williamson_1998": [5.739379405975342, 7.908300399780273], "robert-c-williamson_1999": [4.859448432922363, 7.345859050750732], "robert-c-williamson_2001": [5.1507978439331055, 7.529435634613037], "robert-c-williamson_2006": [6.432756423950195, 6.983476638793945], "robert-c-williamson_1996": [4.710186004638672, 7.757009983062744], "robert-c-williamson_1988": [-0.26641833782196045, 5.8766770362854], "robert-c-williamson_2011": [8.418390274047852, 6.063540458679199], "robert-c-williamson_2003": [4.931683540344238, 6.726464748382568], "robert-c-williamson_1994": [5.19349479675293, 8.128853797912598], "robert-c-williamson_1993": [2.6536834239959717, 6.955977916717529], "robert-c-williamson_2000": [4.918328762054443, 7.267877578735352], "robert-c-williamson_1992": [4.579964637756348, 6.3089518547058105], "robert-c-williamson_1991": [1.8575810194015503, 8.207603454589844], "robert-c-williamson_2015": [7.921885013580322, 6.218055725097656], "robert-c-williamson_2010": [7.946009635925293, 5.7280354499816895], "robert-c-williamson_1995": [4.512355327606201, 8.350811958312988], "robert-c-williamson_2018": [-0.022555187344551086, 7.469449996948242], "robert-c-williamson_2005": [6.532190322875977, 5.653526782989502], "robert-c-williamson_2016": [8.661242485046387, 5.742730140686035], "robert-c-williamson_1997": [4.368590354919434, 8.60705280303955], "robert-c-williamson_1990": [1.7104976177215576, 8.41846752166748], "robert-c-williamson_2017": [-0.3161422312259674, 7.742524147033691], "robert-c-williamson_2009": [6.872215270996094, 8.779946327209473], "robert-c-williamson_2008": [6.802517890930176, 8.787635803222656], "robert-c-williamson_2012": [8.04948902130127, 6.364866733551025], "robert-c-williamson_1985": [1.9030017852783203, 5.729599475860596], "robert-c-williamson_1987": [1.9030054807662964, 5.729610919952393], "robert-c-williamson_2004": [7.334146022796631, 6.895472526550293], "POPL_1993": [2.271413803100586, -0.4795263707637787], "POPL_2017": [-4.895457744598389, -5.122457504272461], "POPL_1980": [4.151913642883301, 3.859201431274414], "POPL_2001": [2.0554466247558594, 0.36507585644721985], "POPL_2016": [-5.063154220581055, -5.165970325469971], "POPL_2005": [-0.9956454634666443, -2.6327810287475586], "POPL_1996": [2.7542386054992676, -0.37679722905158997], "POPL_1988": [3.1912081241607666, 0.6682443618774414], "POPL_2006": [-1.5374442338943481, -2.543191432952881],