{"cheng-soon-ong_2007": [1.6705949306488037, -23.325206756591797], "cheng-soon-ong_2015": [5.550173282623291, -22.571264266967773], "cheng-soon-ong_2016": [3.7249999046325684, -21.160520553588867], "cheng-soon-ong_2008": [0.12278787791728973, -23.884504318237305], "cheng-soon-ong_2005": [9.643231391906738, -22.80046272277832], "cheng-soon-ong_2009": [0.28048378229141235, -22.516199111938477], "cheng-soon-ong_2014": [11.055253028869629, -24.54241943359375], "cheng-soon-ong_2017": [-13.049057960510254, -7.325600624084473], "cheng-soon-ong_2006": [0.7369168400764465, -23.227508544921875], "cheng-soon-ong_2003": [9.073040008544922, -21.490428924560547], "cheng-soon-ong_2004": [-0.052694644778966904, -15.290706634521484], "robert-c-williamson_2014": [7.643234729766846, -25.07891082763672], "robert-c-williamson_2007": [2.616732597351074, -23.91614532470703], "robert-c-williamson_2002": [7.979971885681152, -17.85980796813965], "robert-c-williamson_1998": [11.458372116088867, -9.603189468383789], "robert-c-williamson_1999": [11.979533195495605, -7.880975723266602], "robert-c-williamson_2001": [10.92272663116455, -7.868065357208252], "robert-c-williamson_2006": [9.274806022644043, -18.057533264160156], "robert-c-williamson_1996": [11.835057258605957, -6.974370002746582], "robert-c-williamson_1988": [5.89462947845459, 10.231557846069336], "robert-c-williamson_2011": [6.038345813751221, -25.81106948852539], "robert-c-williamson_2003": [13.420619010925293, -8.688578605651855], "robert-c-williamson_1994": [12.660685539245605, -6.394540786743164], "robert-c-williamson_1993": [3.437786340713501, 1.5941153764724731], "robert-c-williamson_2000": [12.134910583496094, -8.124277114868164], "robert-c-williamson_1992": [14.246994018554688, -8.907076835632324], "robert-c-williamson_1991": [7.843842506408691, -6.662478923797607], "robert-c-williamson_2015": [7.003457546234131, -25.140531539916992], "robert-c-williamson_2010": [6.542752742767334, -23.935176849365234], "robert-c-williamson_1995": [10.74819564819336, -5.8897294998168945], "robert-c-williamson_2018": [6.864774227142334, -13.716978073120117], "robert-c-williamson_2005": [8.186625480651855, -22.35562515258789], "robert-c-williamson_2016": [5.018174648284912, -25.302824020385742], "robert-c-williamson_1997": [10.604984283447266, -5.393381595611572], "robert-c-williamson_1990": [1.65371572971344, -3.902994394302368], "robert-c-williamson_2017": [1.7758128643035889, -17.95806884765625], "robert-c-williamson_2009": [-2.377309560775757, -4.947844505310059], "robert-c-williamson_2008": [-2.3695437908172607, -4.928475856781006], "robert-c-williamson_2012": [7.171943187713623, -25.945627212524414], "robert-c-williamson_1985": [0.02911967597901821, 8.249712944030762], "robert-c-williamson_1987": [1.3951189517974854, 9.442191123962402], "robert-c-williamson_2004": [10.126230239868164, -20.102371215820312], "alexander-j-smola_1998": [6.191957473754883, 13.082541465759277], "alexander-j-smola_2007": [6.670812606811523, -21.673377990722656], "alexander-j-smola_2005": [7.29576301574707, -21.71956443786621], "alexander-j-smola_1999": [9.45511245727539, -9.139213562011719], "alexander-j-smola_2010": [5.568447113037109, -20.971717834472656], "alexander-j-smola_2004": [8.900049209594727, -20.362943649291992], "alexander-j-smola_2018": [2.628953218460083, -16.93514060974121], "alexander-j-smola_2003": [7.646366119384766, -20.52831268310547], "alexander-j-smola_2006": [7.165559768676758, -21.205062866210938], "alexander-j-smola_2016": [2.9352076053619385, -18.538612365722656], "alexander-j-smola_2000": [9.341655731201172, -7.851616382598877], "alexander-j-smola_1992": [1.8717819452285767, 8.358039855957031], "alexander-j-smola_2001": [9.299127578735352, -7.7141571044921875], "alexander-j-smola_2008": [5.414003372192383, -21.4263973236084], "alexander-j-smola_2017": [3.1908421516418457, -15.887495994567871], "alexander-j-smola_2009": [6.068631172180176, -20.734210968017578], "alexander-j-smola_2013": [-15.96640396118164, -9.40091323852539], "alexander-j-smola_2014": [3.9726686477661133, -20.0490779876709], "alexander-j-smola_2012": [4.342931270599365, -22.251365661621094], "alexander-j-smola_2015": [3.624494791030884, -19.632675170898438], "alexander-j-smola_2011": [5.949055194854736, -19.84113883972168], "alexander-j-smola_2002": [7.747008323669434, -18.199914932250977], "alexander-j-smola_1997": [1.28850257396698, -12.282904624938965], "alexander-j-smola_1995": [1.5229090452194214, 7.8634138107299805], "alexander-j-smola_1996": [0.34293028712272644, 7.715435028076172], "ICML_2005": [0.7336052656173706, -8.280043601989746], "ICML_2010": [2.784517765045166, -7.883917331695557], "ICML_1989": [16.903087615966797, 7.978511333465576], "ICML_1991": [16.165908813476562, 7.956911563873291], "ICML_2016": [4.681995868682861, -13.422741889953613], "ICML_2014": [3.680034875869751, -12.838727951049805], "ICML_2017": [7.3337907791137695, -12.210066795349121], "ICML_2013": [3.2378125190734863, -12.15439224243164], "ICML_2018": [8.005363464355469, -12.548361778259277], "ICML_2008": [0.41850122809410095, -10.12864875793457], "ICML_2003": [-0.016962233930826187, -8.559545516967773], "ICML_2006": [1.2458010911941528, -9.573247909545898], "ICML_2000": [6.992417335510254, 1.5889045000076294], "ICML_2007": [1.8674126863479614, -9.116271018981934], "ICML_2004": [2.0614588260650635, -7.923559188842773], "ICML_2009": [1.2911982536315918, -10.298175811767578], "ICML_2012": [2.940011501312256, -10.936700820922852], "ICML_1997": [0.3862721025943756, 6.1648406982421875], "ICML_2011": [1.9397767782211304, -10.910476684570312], "ICML_1992": [16.929285049438477, 5.84025764465332], "ICML_1996": [2.740901470184326, 7.0671305656433105], "ICML_1998": [2.199110507965088, 5.977743148803711], "ICML_2015": [4.888190269470215, -12.099564552307129], "ICML_1994": [18.487773895263672, 5.818582057952881], "ICML_1995": [17.804344177246094, 6.560935020446777], "ICML_1988": [16.315704345703125, 10.010758399963379], "ICML_1993": [17.391571044921875, 5.821293354034424], "ICML_2002": [10.069592475891113, 4.2109375], "ICML_1990": [18.285356521606445, 5.151620864868164], "ICML_2001": [1.5645605325698853, -6.5791916847229], "ICML_1999": [-0.7163688540458679, 10.425409317016602], "ICML_1987": [17.595890045166016, 8.633075714111328], "ICML_1984": [0.7839003205299377, 8.244133949279785], "NIPS_2015": [5.47456169128418, -11.656150817871094], "NIPS_2002": [5.29698371887207, -3.300877332687378], "NIPS_2012": [3.4324615001678467, -9.504584312438965], "NIPS_2010": [4.694296836853027, -8.951501846313477], "NIPS_1992": [3.1747422218322754, -0.4022701382637024], "NIPS_2016": [7.296043872833252, -12.536544799804688], "NIPS_2005": [5.074191570281982, -4.412905693054199], "NIPS_2014": [4.330730438232422, -10.477141380310059], "NIPS_2008": [2.625655174255371, -7.008968830108643], "NIPS_1998": [5.0240864753723145, -2.468717336654663], "NIPS_1999": [4.654690742492676, 0.7320917844772339], "NIPS_1996": [4.881396770477295, -0.3509519696235657], "NIPS_2004": [4.195981025695801, -4.391009330749512], "NIPS_2017": [8.038274765014648, -12.436007499694824], "NIPS_1994": [4.057507038116455, -0.6094188094139099], "NIPS_1990": [1.0212401151657104, 4.786381721496582], "NIPS_1989": [0.1352558583021164, 11.550395965576172], "NIPS_2003": [4.784221649169922, -1.2597588300704956], "NIPS_2013": [4.001221656799316, -10.627528190612793], "NIPS_2006": [4.684988975524902, -5.13687801361084], "NIPS_1988": [-1.2327321767807007, 7.778633117675781], "NIPS_2007": [4.262123107910156, -7.499529838562012], "NIPS_1997": [6.250480651855469, -0.17426079511642456], "NIPS_1991": [2.9541850090026855, 10.903159141540527], "NIPS_2011": [3.912402391433716, -9.075343132019043], "NIPS_2009": [4.240052700042725, -8.196249008178711], "NIPS_1995": [4.53296422958374, -0.9228148460388184], "NIPS_2018": [0.663292646408081, 8.852866172790527], "NIPS_2001": [5.290783405303955, 0.23265781998634338],