{"christopher-d-manning_2003": [11.310198783874512, 23.03083038330078], "christopher-d-manning_2014": [11.403207778930664, 32.96711349487305], "christopher-d-manning_2017": [15.810015678405762, 26.484394073486328], "christopher-d-manning_2007": [4.896492004394531, 22.79701042175293], "christopher-d-manning_2008": [5.635052680969238, 21.911365509033203], "christopher-d-manning_2013": [11.185464859008789, 36.36481857299805], "christopher-d-manning_2016": [15.521271705627441, 28.636272430419922], "christopher-d-manning_2000": [13.220743179321289, 21.14708137512207], "christopher-d-manning_2010": [13.279549598693848, 36.18086242675781], "christopher-d-manning_2006": [7.38243293762207, 24.180028915405273], "christopher-d-manning_2005": [9.11478328704834, 26.24765396118164], "christopher-d-manning_2002": [11.445575714111328, 21.49587631225586], "christopher-d-manning_2009": [12.907896995544434, 34.43179702758789], "christopher-d-manning_1995": [-24.7938175201416, 1.211161732673645], "christopher-d-manning_2012": [11.128680229187012, 34.888648986816406], "christopher-d-manning_1998": [-22.2868709564209, -2.970050811767578], "christopher-d-manning_2011": [9.928705215454102, 32.04439163208008], "christopher-d-manning_1996": [-3.2964890003204346, -14.87009048461914], "christopher-d-manning_2004": [9.176406860351562, 22.858129501342773], "christopher-d-manning_2015": [14.784852027893066, 29.90953826904297], "christopher-d-manning_2001": [13.311090469360352, 18.562013626098633], "christopher-d-manning_1999": [-3.620929718017578, -16.587688446044922], "christopher-d-manning_2018": [18.769140243530273, 18.4354305267334], "christopher-d-manning_1993": [3.226153612136841, 20.75259780883789], "richard-socher_2014": [7.934559345245361, 35.60297393798828], "richard-socher_2013": [9.284242630004883, 37.3199348449707], "richard-socher_2012": [7.833054065704346, 38.59016799926758], "richard-socher_2011": [7.038299083709717, 32.20059585571289], "richard-socher_2016": [19.719247817993164, 24.943572998046875], "richard-socher_2017": [20.489389419555664, 26.28139877319336], "richard-socher_2018": [21.272491455078125, 25.10689926147461], "richard-socher_2009": [2.0087709426879883, 9.078186988830566], "richard-socher_2010": [23.83644676208496, 3.298110008239746], "richard-socher_2015": [17.96542739868164, 30.13868522644043], "andrew-y-ng_2010": [21.70665740966797, 5.9856438636779785], "andrew-y-ng_2001": [-7.744242191314697, 9.280677795410156], "andrew-y-ng_2012": [20.39023208618164, 1.627650260925293], "andrew-y-ng_1998": [8.095885276794434, 4.18304967880249], "andrew-y-ng_2008": [20.902000427246094, 4.8507399559021], "andrew-y-ng_2011": [21.59707260131836, 2.078740119934082], "andrew-y-ng_2009": [19.498146057128906, 3.2803919315338135], "andrew-y-ng_2013": [8.114398956298828, 30.603885650634766], "andrew-y-ng_2004": [14.966338157653809, 6.622170925140381], "andrew-y-ng_1999": [-20.04520606994629, -36.97255325317383], "andrew-y-ng_2000": [-19.79578971862793, -38.74397659301758], "andrew-y-ng_2007": [17.646726608276367, 5.754683017730713], "andrew-y-ng_2005": [6.5083160400390625, 20.237455368041992], "andrew-y-ng_2006": [16.113431930541992, 6.56602144241333], "andrew-y-ng_2016": [9.723587989807129, 19.146413803100586], "andrew-y-ng_2014": [16.245519638061523, 8.486673355102539], "andrew-y-ng_2017": [19.202167510986328, 17.34742546081543], "andrew-y-ng_2003": [3.9375882148742676, 8.627840995788574], "andrew-y-ng_2018": [-22.839786529541016, -8.567957878112793], "andrew-y-ng_2015": [15.744894027709961, 10.506778717041016], "andrew-y-ng_1997": [-11.451272010803223, -13.245784759521484], "andrew-y-ng_2002": [4.883154392242432, 8.436457633972168], "andrew-y-ng_1996": [-28.032299041748047, -14.638408660888672], "andrew-y-ng_1995": [-17.302427291870117, -33.33501052856445], "ICML_2005": [-9.311845779418945, 4.699627876281738], "ICML_2010": [-8.343788146972656, -0.06949061155319214], "ICML_1989": [-22.400115966796875, -27.6013240814209], "ICML_1991": [-23.367429733276367, -27.812725067138672], "ICML_2016": [4.36025857925415, 0.27693188190460205], "ICML_2014": [2.817638874053955, 2.0899109840393066], "ICML_2017": [3.666806936264038, -6.545773029327393], "ICML_2013": [1.4120135307312012, 2.5111634731292725], "ICML_2018": [5.633702278137207, -7.752847671508789], "ICML_2008": [-5.743589401245117, 7.478188991546631], "ICML_2003": [-9.111344337463379, 6.699393272399902], "ICML_2006": [-6.054696559906006, 5.284836769104004], "ICML_2000": [-21.434839248657227, -17.90437889099121], "ICML_2007": [-6.62434720993042, 3.6881206035614014], "ICML_2004": [-8.765968322753906, 2.0056569576263428], "ICML_2009": [-4.250669479370117, 5.8400349617004395], "ICML_2012": [-1.9264930486679077, 1.8282110691070557], "ICML_1997": [-27.480016708374023, -11.805028915405273], "ICML_2011": [-2.2808737754821777, 5.070544719696045], "ICML_1992": [-22.81235122680664, -31.379213333129883], "ICML_1996": [-31.41864585876465, -15.855364799499512], "ICML_1998": [-27.671968460083008, -18.35506248474121], "ICML_2015": [2.4887020587921143, -1.2889920473098755], "ICML_1994": [-19.424638748168945, -31.739940643310547], "ICML_1995": [-20.877254486083984, -30.072900772094727], "ICML_1988": [-24.4495849609375, -26.221887588500977], "ICML_1993": [-21.633106231689453, -31.970151901245117], "ICML_2002": [-22.44873809814453, -19.777374267578125], "ICML_1990": [-19.792015075683594, -33.78740310668945], "ICML_2001": [-11.882668495178223, 0.6185072660446167], "ICML_1999": [-32.91107940673828, -13.953337669372559], "ICML_1987": [-20.777557373046875, -26.344318389892578], "ICML_1984": [-28.879865646362305, -13.606226921081543], "NIPS_2015": [2.170013904571533, -2.8814802169799805], "NIPS_2002": [-15.312830924987793, -10.54007339477539], "NIPS_2012": [-3.8209896087646484, -0.11590486019849777], "NIPS_2010": [-3.6957855224609375, -3.507307767868042], "NIPS_1992": [-16.03031349182129, -19.41282844543457], "NIPS_2016": [5.06823205947876, -6.139626979827881], "NIPS_2005": [-14.127623558044434, -8.638501167297363], "NIPS_2014": [-0.7363200187683105, -1.523198127746582], "NIPS_2008": [-9.941434860229492, -0.11994071304798126], "NIPS_1998": [-15.663535118103027, -12.228313446044922], "NIPS_1999": [-19.531291961669922, -13.869598388671875], "NIPS_1996": [-17.681743621826172, -16.65875816345215], "NIPS_2004": [-12.375227928161621, -9.656078338623047], "NIPS_2017": [4.3894362449646, -8.20008659362793], "NIPS_1994": [-15.876729965209961, -17.199630737304688], "NIPS_1990": [-25.593717575073242, -13.729241371154785], "NIPS_1989": [-30.614686965942383, -18.282379150390625], "NIPS_2003": [-16.980670928955078, -14.307169914245605], "NIPS_2013": [-1.581414818763733, -0.30056947469711304], "NIPS_2006": [-12.254338264465332, -7.699056148529053], "NIPS_1988": [-26.54469871520996, -15.947571754455566], "NIPS_2007": [-7.086775779724121, -3.4889674186706543], "NIPS_1997": [-19.182310104370117, -18.41611671447754], "NIPS_1991": [-30.45655059814453, -11.762582778930664], "NIPS_2011": [-4.243063449859619, -1.573377251625061], "NIPS_2009": [-5.776991844177246, -2.7106528282165527], "NIPS_1995": [-16.242717742919922, -15.424830436706543], "NIPS_2018": [-28.959800720214844, -15.752461433410645], "NIPS_2001": [-19.355667114257812, -15.632022857666016], "NIPS_1993": [-13.88829517364502, -17.967073440551758], "NIPS_2000": [-13.329300880432129, -12.534126281738281], "NIPS_1987": [-29.813827514648438, -14.577281951904297], "ICML_Anchor": [-3.9912688732147217, 9.184638023376465], "NIPS_Anchor": [8.466792106628418, 3.3745391368865967]}