{"kathryn-mckinley_2004_115321342": [2.019551818160064, -2.154698855921994], "kathryn-mckinley_2009_2129592257": [-2.7086786514312147, -1.73764672774301], "kathryn-mckinley_1994_1963770705": [-1.122988545065155, -1.2158761053447023], "kathryn-mckinley_1998_2185102111": [2.830955072054172, -1.1089741231405807], "kathryn-mckinley_1990_2086779607": [-5.744749448382541, -2.0552450433591662], "kathryn-mckinley_2004_2097077279": [8.839174667772095, -1.9018184683460584], "kathryn-mckinley_1995_2158158791": [-4.208587615120895, -1.2079924716926498], "kathryn-mckinley_2006_1935357501": [-4.24648572723633, 1.1606599535493887], "kathryn-mckinley_1991_2031185609": [0.9895495603665286, -1.0529547493752152], "kathryn-mckinley_2013_2274904433": [-6.209384233465017, -2.251903811781631], "kathryn-mckinley_2007_2144300381": [7.233004391316827, -1.5057917823833782], "kathryn-mckinley_2016_2261536765": [1.6393731571153738, 0.27646651325882254], "kathryn-mckinley_2011_1202777765": [-4.081242709242205, 1.424712969501848], "kathryn-mckinley_2000_2016133391": [-3.273156036893317, -2.17964743201092], "kathryn-mckinley_2006_2166091242": [5.104509772737225, -1.5612394934940133], "kathryn-mckinley_2015_2295444268": [-1.225635886581109, -1.7457971637209968], "kathryn-mckinley_2003_2109915751": [0.6151813620259781, 12.122878206149993], "kathryn-mckinley_2004_2153882047": [-1.4851563092105673, 8.96816996648561], "kathryn-mckinley_2011_2160174747": [0.8608776901627564, -0.41030082293151027], "kathryn-mckinley_2016_2293617243": [-5.2465972334971696, -1.3982406951501236], "kathryn-mckinley_2010_2072754671": [5.9966715408666005, -1.9134901431293123], "kathryn-mckinley_2000_2164806720": [-6.42285493671145, -1.840657068478624], "kathryn-mckinley_2005_2142221641": [-2.9236003240307684, 0.2155504737890783], "kathryn-mckinley_2005_2146766856": [-1.9656100448139664, -2.189676701022267], "kathryn-mckinley_2010_2105325699": [-5.269399739056139, 0.05981034115519744], "kathryn-mckinley_2007_2000100269": [2.8660983117322565, -1.8950265173829863], "kathryn-mckinley_2013_2050989461": [-6.2808497655717765, -1.5777201725162595], "kathryn-mckinley_2004_2079366392": [16.23622563449208, -1.8680466669026954], "kathryn-mckinley_2016_2318490588": [-4.506139953683707, 8.614207620635279], "kathryn-mckinley_1996_2167013139": [-1.237594358949105, 7.496035684125683], "kathryn-mckinley_2015_2073398506": [-5.0383159929064, -2.594299235154327], "kathryn-mckinley_2012_2299567436": [-5.226289285157894, -0.18679991854308164], "kathryn-mckinley_2002_2107285171": [10.234971471136083, -1.5487170733636264], "kathryn-mckinley_2005_2050074018": [-5.459576861555143, 8.60873197529932], "kathryn-mckinley_2013_2088475168": [-3.1427247112433445, -2.323783817803634], "kathryn-mckinley_2010_2132286480": [9.03171077101146, -2.000517214896078], "kathryn-mckinley_2002_1494659132": [12.078462701522696, 15.14164295886517], "kathryn-mckinley_1996_114157609": [-6.228346416120328, -2.209039110190882], "kathryn-mckinley_2011_2097056897": [-3.397989591971993, 3.01954339010796], "kathryn-mckinley_2011_2093215549": [3.7830971569887026, -1.210389307828195], "kathryn-mckinley_2015_2460655203": [-5.219670374216031, -1.4567360730937589], "kathryn-mckinley_2007_2077997855": [-5.096555474502345, -2.505067108342549], "kathryn-mckinley_2007_1873513440": [2.9049843120076058, -0.3291845168691254], "kathryn-mckinley_2006_2016628444": [-4.240539137650059, 1.4348060738321147], "kathryn-mckinley_2011_2048954027": [-5.138259308409851, -2.4046127638170534], "kathryn-mckinley_2006_2153027931": [-5.189576336715858, 0.09756691379367503], "kathryn-mckinley_2013_2156929189": [3.3694246587720786, -1.368461319564194], "kathryn-mckinley_2004_2166034429": [2.06215607567836, -2.1507550962503794], "kathryn-mckinley_2001_2146206484": [-5.093744490071809, 0.574869816270164], "kathryn-mckinley_2008_120124634": [6.8690980324705135, -2.102854720184886], "kathryn-mckinley_2006_2074945705": [-2.209214058112679, -1.0172375994700804], "kathryn-mckinley_2011_2167464511": [-4.28738180003564, 2.736110202445727], "kathryn-mckinley_1996_130485535": [-1.147274520026667, -1.8686178062894834], "kathryn-mckinley_2007_2124658927": [-3.8541399720012737, -2.391866520031282], "kathryn-mckinley_2012_1499699627": [2.5149227042951634, 9.58323553790134], "kathryn-mckinley_2013_2402699044": [2.98765222145007, -2.460811947999554], "kathryn-mckinley_2006_2165497190": [11.209886164558593, -1.7782429001253923], "kathryn-mckinley_2013_2146894037": [0.6186195277881513, 2.8804559243273977], "kathryn-mckinley_2003_70917478": [-4.12664844313941, 0.03906164565161699], "kathryn-mckinley_2001_1998141415": [2.052410797385184, -2.304654829291973], "kathryn-mckinley_2005_2111755365": [-2.986371323743678, -2.2174012357476314], "kathryn-mckinley_2016_2330744268": [-5.294656375382705, 1.6858572111930756], "kathryn-mckinley_2006_2105204977": [0.06922577440796485, -2.055759308274289], "kathryn-mckinley_2011_2132523160": [-0.7188272557977715, -2.154829489408351], "kathryn-mckinley_2002_2116986122": [-4.090128446442677, 5.227534046875107], "kathryn-mckinley_2015_2168245916": [2.429860866108805, -1.2787015651937854], "kathryn-mckinley_1996_2108315152": [0.013994745142092296, -1.130420531510377], "kathryn-mckinley_2012_2012181719": [-6.311014727033846, 4.248683608356003], "kathryn-mckinley_2012_6188780": [-2.8419385139918028, -2.4654775726016758], "kathryn-mckinley_2002_2054687093": [3.0683228869330232, -2.1449756960653796], "kathryn-mckinley_2012_2138889007": [1.8249813942057889, -2.0907215070642007], "kathryn-mckinley_1993_2150334562": [3.201382522714291, -0.6267479297354391], "kathryn-mckinley_2004_2112832394": [11.447210132448834, -1.2042241906055926], "kathryn-mckinley_2012_2111301724": [5.873868386084035, -2.0152333100737017], "kathryn-mckinley_2013_2556571252": [-6.128102474836252, -2.2559828633439314], "kathryn-mckinley_2017_2761451340": [9.901260584709867, 1.9976519771554406], "kathryn-mckinley_2003_1516140789": [5.169251805043739, -2.178488805486874], "kathryn-mckinley_2007_2144551802": [4.776016611296576, -1.564039549946006], "kathryn-mckinley_2001_1631111853": [-5.214437677630735, 3.162794422046563], "kathryn-mckinley_2005_2104809773": [0.7441501057350899, 1.7191460504969458], "kathryn-mckinley_2003_2145329032": [0.9034878050998102, -2.132467286458315], "kathryn-mckinley_2002_2038897371": [4.945493783693842, -1.7930980622894965], "kathryn-mckinley_2012_2548574249": [-6.243029806398114, -1.7707217167374611], "kathryn-mckinley_2013_1441180820": [-4.292264576204347, 3.8597288276636856], "kathryn-mckinley_2010_2078197548": [13.812334233341016, -1.6087916583032327], "kathryn-mckinley_1994_2244841219": [-2.081249486579416, -1.202773660682436], "kathryn-mckinley_2016_2289231618": [-1.4520573596269122, 4.088911704167808], "kathryn-mckinley_2009_2124159086": [1.799392936582942, -2.1190312402232436], "kathryn-mckinley_2000_2128274900": [-2.2095732142125533, -1.9455999145799976], "kathryn-mckinley_2004_2147345262": [-4.352434139235018, 2.736368870180655], "kathryn-mckinley_2011_2101723202": [-2.781778225518155, -2.672455815745342], "kathryn-mckinley_2008_1572287896": [-2.1391968313253105, 1.188894051655392], "kathryn-mckinley_1995_1568057659": [-5.25235160830343, -1.788281096905175], "kathryn-mckinley_1994_1560132800": [-6.08714916580854, -2.2056359990894423], "kathryn-mckinley_2008_1530752073": [-4.3896763537015575, 6.273316055923526], "kathryn-mckinley_2007_1542326246": [4.613814590607356, 0.7023667895107703], "kathryn-mckinley_1999_2006111471": [-6.352680802806105, -2.384887777496503], "kathryn-mckinley_2014_2012116223": [2.721483001013331, 9.306161983514789], "kathryn-mckinley_2015_1901897140": [3.747236789158546, -2.066374789187833], "kathryn-mckinley_2004_2152814480": [12.073553068319656, -2.0045645632546814], "kathryn-mckinley_2008_2184248137": [-2.5676212412658814, 10.544937617686632], "kathryn-mckinley_2006_155274003": [0.9477610420194833, -2.0592605495902254],