{"steve-blackburn_2004_2097077279": [8.431743747694748, -0.6764199125592358], "steve-blackburn_1999_2366416424": [-6.669547508761146, -1.376657075114102], "steve-blackburn_2011_1202777765": [-4.472613841454725, 2.939892100757751], "steve-blackburn_2006_2166091242": [4.66244034170188, -0.36536630484592564], "steve-blackburn_2000_1508668963": [-6.685132444662704, -1.868683619354459], "steve-blackburn_2015_2295444268": [-1.6772945370572427, -0.5014116582066475], "steve-blackburn_2011_2160174747": [0.4722108279827507, 0.9994512430570165], "steve-blackburn_2005_2146766856": [-2.2452861662587638, -0.9962837281592809], "steve-blackburn_1998_179129987": [-6.647610558430002, -1.083107964191085], "steve-blackburn_1998_129976019": [-6.911823591045481, -1.6112047150056719], "steve-blackburn_2016_2510821171": [2.859737544096282, -0.7500819836171415], "steve-blackburn_1996_158308085": [-6.63517335337592, -0.07196919761922185], "steve-blackburn_2001_2116399507": [-2.869524741720534, -1.1611429609834265], "steve-blackburn_2010_2132286480": [8.516229982228742, -0.6979211752820832], "steve-blackburn_2012_2042059673": [5.327248005313461, -0.7210422368576801], "steve-blackburn_2013_2156929189": [3.5034153111313038, 0.24535534311881974], "steve-blackburn_2004_2166034429": [1.7504644207501083, -0.8659770412041591], "steve-blackburn_2011_2167464511": [-4.682256356279448, 4.297390452026107], "steve-blackburn_2006_2165497190": [11.175863235381284, -0.49103448636348196], "steve-blackburn_1997_2158772721": [-6.682487410850088, -1.1278046831426598], "steve-blackburn_2013_2146894037": [0.110460541266565, 3.9180834620596907], "steve-blackburn_2005_2111755365": [-3.2915105167914986, -0.9782019688502475], "steve-blackburn_2012_2132915618": [-0.7208519000537886, -0.6850214601619863], "steve-blackburn_2016_2465422497": [-1.5385927502888819, -0.9319046656611312], "steve-blackburn_2012_2135580155": [-2.5451235479862033, -0.8041575231306239], "steve-blackburn_2012_2012181719": [-6.680185865899451, 5.548918817449175], "steve-blackburn_2002_2054687093": [2.984294554287469, -0.8387463496944011], "steve-blackburn_2004_2112832394": [11.422260782053291, -0.038187917868929847], "steve-blackburn_2003_1516140789": [5.072838149151358, -0.8126009403225234], "steve-blackburn_2003_2145329032": [0.6097227487236553, -0.8724358615145672], "steve-blackburn_2016_2289231618": [-1.9499240072583606, 5.408119407039919], "steve-blackburn_2012_2183694263": [-3.659633642405979, -0.7534073100912313], "steve-blackburn_1999_2119562887": [-6.669547508761146, -1.376657075114102], "steve-blackburn_2014_2012116223": [2.330509104519575, 10.882148144988905], "steve-blackburn_2004_2152814480": [11.969307854276844, -0.9032943541741136], "steve-blackburn_2014_2140709543": [4.2116066073540175, 0.027463221781703913], "steve-blackburn_1999_2468851175": [-6.911823591045481, -1.6112047150056719], "steve-blackburn_2015_2163331932": [-1.6282019071317964, -0.7270201277274424], "steve-blackburn_2012_2143775910": [-2.482616337287919, -0.7277857912265886], "steve-blackburn_2011_2104057788": [-1.373848392063534, 2.923159066050585], "steve-blackburn_2008_2050801173": [5.325877706729067, -0.950339401440698], "steve-blackburn_2012_2053914793": [-0.7400838285254402, -0.8841703058334449], "steve-blackburn_2000_424535267": [-2.6906050778408215, -0.7662091153897401], "steve-blackburn_1997_2100330214": [-6.909504967549637, -1.5343177817377103], "steve-blackburn_2000_1986917522": [-2.6906050778408215, -0.7662091153897401], "steve-blackburn_2015_1973718751": [3.261901576495671, 1.2873412655814032], "steve-blackburn_1999_2412265699": [-6.647610558430002, -1.083107964191085], "steve-blackburn_2009_2168874123": [0.5148877650510096, 0.9717972374274516], "steve-blackburn_2005_1545451070": [4.255831402562438, -0.6822118352514458], "steve-blackburn_2009_2107917004": [6.722567612420454, 0.5214072639902285], "steve-blackburn_2001_2060525997": [4.771176262553468, -1.0944548809070207], "steve-blackburn_2000_2140511537": [-4.833696828447326, -1.6312849757102872], "steve-blackburn_2010_2243794352": [-4.7115788575519195, 1.3081287111106654], "steve-blackburn_2002_2128284389": [14.575466750785631, -0.8135303852312608], "steve-blackburn_2002_2127154544": [6.983373876017, -0.7202259066388688], "steve-blackburn_2012_2149611663": [-6.627811823741707, 4.114318462520943], "steve-blackburn_2007_2028063048": [-6.94905750195944, -2.4427250493510346], "steve-blackburn_2004_2147299991": [9.091015257905278, -0.7227763427560846], "steve-blackburn_2016_2419340123": [0.4163879364778859, -0.8091674948550682], "steve-blackburn_2007_2078973953": [12.821009125842801, -0.6147193076031598], "steve-blackburn_2011_2109653359": [-2.3430838391627806, -0.8812308726241821], "steve-blackburn_2000_1533645983": [-6.8686872981377105, -2.4412468482991154], "steve-blackburn_2015_2132594816": [0.27627903995112646, 0.10853006037676555], "steve-blackburn_2007_2014789541": [-0.3654128170472467, -0.6470737197799229], "steve-blackburn_2003_2162435060": [6.227782247687093, -0.8876828017372311], "steve-blackburn_2016_2410359103": [-1.4900304061730225, 0.9394519133573425], "steve-blackburn_2014_2124894275": [1.3514783696216413, -0.7243411482443387], "steve-blackburn_2012_2095995766": [-1.6097779023302399, 3.738408612598724], "steve-blackburn_2004_average": [6.019907242923773, -0.6766417621943751], "steve-blackburn_1999_average": [-6.724632291749446, -1.3619067073562399], "steve-blackburn_2011_average": [-2.4799183201955515, 2.055732397853455], "steve-blackburn_2006_average": [7.919151788541584, -0.4282003956047039], "steve-blackburn_2000_average": [-5.425596567792793, -1.2541523359943165], "steve-blackburn_2015_average": [0.058171043064439994, 0.04185988500601963], "steve-blackburn_2005_average": [-0.4269884268292695, -0.8855658440869915], "steve-blackburn_1998_average": [-6.701594251537714, -1.182502561266829], "steve-blackburn_2016_average": [-0.3404843366292188, 0.7712834352527845], "steve-blackburn_1996_average": [-6.63517335337592, -0.07196919761922185], "steve-blackburn_2001_average": [-1.5478990281015708, -1.036264282164725], "steve-blackburn_2018_average": [-6.545348605137657, -0.8531950046037288], "steve-blackburn_2010_average": [1.9023255623384134, 0.3051037679142914], "steve-blackburn_2012_average": [-2.628418544805493, 0.7972866260663563], "steve-blackburn_2013_average": [1.8069379261989376, 2.0817194025892545], "steve-blackburn_1997_average": [-6.795996189199863, -1.331061232440185], "steve-blackburn_2002_average": [8.181045060363372, -0.7908342138548434], "steve-blackburn_2003_average": [3.970114381854032, -0.8575732011914405], "steve-blackburn_2014_average": [2.631198027165077, 3.395090072842089], "steve-blackburn_2008_average": [-2.5882731678487536, -0.8855764702160519], "steve-blackburn_2009_average": [3.6187276887357283, 0.7466022507088401], "steve-blackburn_2007_average": [1.8355129356120394, -1.2348393589113729]}