{"steve-blackburn_2004_2097077279": [0.3869720822228118, 0.04660378704035771], "steve-blackburn_1999_2366416424": [-0.2887208950702288, 0.09351727477094285], "steve-blackburn_2011_1202777765": [-0.12447922619138801, -0.19866386599037866], "steve-blackburn_2006_2166091242": [0.11280262328214069, 0.006788645541649373], "steve-blackburn_2000_1508668963": [-0.29936749601592966, 0.09216960664742593], "steve-blackburn_2015_2295444268": [0.23131634837543982, 0.009746030455350828], "steve-blackburn_2011_2160174747": [0.1972709426800277, -0.05847648130483973], "steve-blackburn_2005_2146766856": [0.09790452379248193, 0.016776720296026226], "steve-blackburn_1998_179129987": [-0.4007121620956048, 0.47517220863862347], "steve-blackburn_1998_129976019": [-0.3255178207446658, 0.1410834766541214], "steve-blackburn_2016_2510821171": [0.0634884159636654, 0.002956586818992188], "steve-blackburn_1996_158308085": [-0.306981225656734, -0.2211209878525502], "steve-blackburn_2001_2116399507": [-0.10639006125227775, 0.00505134372240337], "steve-blackburn_2010_2132286480": [0.29091539254636756, 0.053702144583756335], "steve-blackburn_2012_2042059673": [0.3999080921312108, 0.0525043068515206], "steve-blackburn_2013_2156929189": [0.11769386606930055, -0.021863653795799506], "steve-blackburn_2004_2166034429": [0.25047024118118627, 0.03129106631629804], "steve-blackburn_2011_2167464511": [-0.15880625283287025, -0.23280836180947836], "steve-blackburn_2006_2165497190": [0.20933274748900185, 0.020478529563476854], "steve-blackburn_1997_2158772721": [-0.3216878661824931, 0.1095126211576678], "steve-blackburn_2013_2146894037": [0.07053383770502512, -0.14255072188047455], "steve-blackburn_2005_2111755365": [0.06407718243388356, 0.011752396781912556], "steve-blackburn_2012_2132915618": [0.139407128618495, 0.014757344599117475], "steve-blackburn_2016_2465422497": [-0.04811740985176336, 0.0597440189637865], "steve-blackburn_2012_2135580155": [0.0366802298396015, 0.004469456770148382], "steve-blackburn_2012_2012181719": [-0.2790443564754673, -0.3122905049636908], "steve-blackburn_2002_2054687093": [0.25428113456938906, 0.0284569572696076], "steve-blackburn_2004_2112832394": [0.1756450811303555, 0.003847438894751307], "steve-blackburn_2003_1516140789": [0.25080466615604297, 0.02663713118183058], "steve-blackburn_2003_2145329032": [0.33039445432106185, 0.043854495043571154], "steve-blackburn_2016_2289231618": [-0.02365658094259745, -0.2152749978310538], "steve-blackburn_2012_2183694263": [-0.041711900114587204, -0.007393478906478528], "steve-blackburn_1999_2119562887": [-0.2887208950702288, 0.09351727477094285], "steve-blackburn_2014_2012116223": [-0.0740536123081541, -0.16811499351891313], "steve-blackburn_2004_2152814480": [0.23331624419651142, 0.029149702197862785], "steve-blackburn_2014_2140709543": [0.12393868009294708, -0.010885606031724289], "steve-blackburn_1999_2468851175": [-0.3255178207446658, 0.1410834766541214], "steve-blackburn_2015_2163331932": [0.19833190813841578, 0.024339184883458893], "steve-blackburn_2012_2143775910": [0.004057616686743019, -0.0014582939957167112], "steve-blackburn_2011_2104057788": [0.0007335714460629616, -0.12500847557492853], "steve-blackburn_2008_2050801173": [0.15076893215781442, 0.017177152796270287], "steve-blackburn_2012_2053914793": [0.029130239047462893, -0.005003437814289157], "steve-blackburn_2000_424535267": [0.7048042591663264, 0.08719735976348823], "steve-blackburn_1997_2100330214": [-0.3200272808202972, 0.14180285166570095], "steve-blackburn_2000_1986917522": [0.7048042591663264, 0.08719735976348823], "steve-blackburn_2015_1973718751": [0.20986099556054585, -0.0356774781626375], "steve-blackburn_1999_2412265699": [-0.4007121620956048, 0.47517220863862347], "steve-blackburn_2009_2168874123": [0.007505261003077786, -0.03872308264184013], "steve-blackburn_2005_1545451070": [0.10986461564733453, 0.004729585035265733], "steve-blackburn_2009_2107917004": [0.042992318153206165, -0.011682427593212944], "steve-blackburn_2001_2060525997": [0.2748101373890152, 0.040132359685714145], "steve-blackburn_2000_2140511537": [-0.16339691866356162, 0.03244856731053284], "steve-blackburn_2010_2243794352": [-0.0018890945276323176, -0.21615621445480004], "steve-blackburn_2002_2128284389": [0.35215346339388215, 0.05840006820158179], "steve-blackburn_2002_2127154544": [0.24791131278592735, 0.027141526491063165], "steve-blackburn_2012_2149611663": [-0.28155900461401323, -0.3326330993869938], "steve-blackburn_2007_2028063048": [-0.3114777351937385, 0.16268418995122247], "steve-blackburn_2004_2147299991": [0.3875597072743981, 0.04932402513005379], "steve-blackburn_2016_2419340123": [0.21031904016156372, 0.02836354283992878], "steve-blackburn_2007_2078973953": [0.2720503467531047, 0.03245705809728097], "steve-blackburn_2011_2109653359": [0.15935941302137224, 0.02234717574740584], "steve-blackburn_2000_1533645983": [-0.30689628796671126, 0.13788440300323895], "steve-blackburn_2015_2132594816": [0.31019392378905064, -0.010119420072529053], "steve-blackburn_2007_2014789541": [0.2480461667071918, 0.02627853708325228], "steve-blackburn_2003_2162435060": [0.2159196607403256, 0.024780636633722045], "steve-blackburn_2016_2410359103": [-0.053377805700390586, -0.05012991215497048], "steve-blackburn_2014_2124894275": [-0.009528801034536464, -0.002194807634687563], "steve-blackburn_2012_2095995766": [-0.07213011602708821, -0.1233935037618407], "steve-blackburn_2004_average": [-0.1591379103901874, -0.02172681676859327], "steve-blackburn_1999_average": [-0.2598108399754794, 0.007396259503606402], "steve-blackburn_2011_average": [-0.19571875297417052, -0.05146398460002251], "steve-blackburn_2006_average": [-0.03947603647346447, -0.008710837046733115], "steve-blackburn_2000_average": [-0.2308604758230849, -0.016129318755326805], "steve-blackburn_2015_average": [-0.12535130819351883, -0.026167936705039287], "steve-blackburn_2005_average": [-0.13076268218765133, -0.018171783278407072], "steve-blackburn_1998_average": [-0.27573697815831205, 0.04298031114362556], "steve-blackburn_2016_average": [-0.192134544194043, -0.031812524209525496], "steve-blackburn_1996_average": [-0.306981225656734, -0.2211209878525502], "steve-blackburn_2001_average": [-0.1367824253011274, -0.013785625589537045], "steve-blackburn_2018_average": [-0.24506237676121706, -0.03177040484119945], "steve-blackburn_2010_average": [-0.007215130482689364, -0.016813667088572952], "steve-blackburn_2012_average": [-0.2204770691937623, -0.03605294636365836], "steve-blackburn_2013_average": [-0.07416426164913044, -0.053636377781760586], "steve-blackburn_1997_average": [-0.2828042952536001, 0.04997087489537058], "steve-blackburn_2002_average": [-0.06510153190031924, -0.007490068020310922], "steve-blackburn_2003_average": [-0.07950632180451037, -0.011421562233022403], "steve-blackburn_2014_average": [-0.16455281795969576, -0.04665080359435701], "steve-blackburn_2008_average": [-0.11311860712153969, -0.015454552295376187], "steve-blackburn_2009_average": [-0.10778256833959307, -0.02686794921940994], "steve-blackburn_2007_average": [-0.13131211499903042, 0.002042672927070936]}