{"kathryn-mckinley_2004_115321342": [-0.718388020992279, -3.768038749694824], "kathryn-mckinley_2009_2129592257": [0.2540774941444397, 7.4436774253845215], "kathryn-mckinley_1994_1963770705": [4.028003215789795, 0.7288617491722107], "kathryn-mckinley_1998_2185102111": [-4.1287007331848145, -2.7460734844207764], "kathryn-mckinley_1990_2086779607": [3.1718554496765137, 7.5356926918029785], "kathryn-mckinley_2004_2097077279": [-2.166907548904419, -8.25080394744873], "kathryn-mckinley_1995_2158158791": [2.2968058586120605, 5.993386745452881], "kathryn-mckinley_2006_1935357501": [-0.2603086829185486, 5.711606979370117], "kathryn-mckinley_1991_2031185609": [4.407090187072754, -0.9806426167488098], "kathryn-mckinley_2013_2274904433": [4.008218765258789, 5.432995796203613], "kathryn-mckinley_2007_2144300381": [-3.2424116134643555, -7.202140808105469], "kathryn-mckinley_2016_2261536765": [-1.5809558629989624, -1.168963074684143], "kathryn-mckinley_2011_1202777765": [-0.10046006739139557, 4.429133892059326], "kathryn-mckinley_2000_2016133391": [2.520716905593872, 3.14340877532959], "kathryn-mckinley_2006_2166091242": [-2.703186511993408, -5.805691719055176], "kathryn-mckinley_2015_2295444268": [1.3311504125595093, 0.7121389508247375], "kathryn-mckinley_2003_2109915751": [-5.701288223266602, 4.184869766235352], "kathryn-mckinley_2004_2153882047": [-5.374507904052734, 5.027346611022949], "kathryn-mckinley_2011_2160174747": [-0.42181554436683655, -1.9894626140594482], "kathryn-mckinley_2016_2293617243": [3.0585873126983643, 4.98226261138916], "kathryn-mckinley_2010_2072754671": [-2.319598436355591, -6.9067487716674805], "kathryn-mckinley_2000_2164806720": [8.337552070617676, 6.95822811126709], "kathryn-mckinley_2005_2142221641": [5.686845779418945, 2.3715901374816895], "kathryn-mckinley_2005_2146766856": [2.648728609085083, 2.178995132446289], "kathryn-mckinley_2010_2105325699": [2.0043678283691406, 4.981529712677002], "kathryn-mckinley_2007_2000100269": [-1.280608892440796, -4.198161602020264], "kathryn-mckinley_2013_2050989461": [5.125314712524414, 7.203732967376709], "kathryn-mckinley_2004_2079366392": [-2.3725223541259766, -10.20510196685791], "kathryn-mckinley_2016_2318490588": [-4.919011116027832, 6.217830657958984], "kathryn-mckinley_1996_2167013139": [-4.690516471862793, 3.4704670906066895], "kathryn-mckinley_2015_2073398506": [6.353734016418457, 4.900241851806641], "kathryn-mckinley_2012_2299567436": [1.5266263484954834, 4.998922348022461], "kathryn-mckinley_2002_2107285171": [-1.219557523727417, -9.282401084899902], "kathryn-mckinley_2005_2050074018": [-4.246362686157227, 5.3362040519714355], "kathryn-mckinley_2013_2088475168": [3.104036808013916, 2.9153051376342773], "kathryn-mckinley_2010_2132286480": [-2.3708131313323975, -8.270105361938477], "kathryn-mckinley_2002_1494659132": [-5.894622325897217, 1.4290552139282227], "kathryn-mckinley_1996_114157609": [3.987028121948242, 6.404452800750732], "kathryn-mckinley_2011_2097056897": [-1.960166096687317, 3.7885968685150146], "kathryn-mckinley_2011_2093215549": [-2.1828460693359375, -4.38492488861084], "kathryn-mckinley_2015_2460655203": [3.0765182971954346, 4.7850022315979], "kathryn-mckinley_2007_2077997855": [5.969985008239746, 5.129523754119873], "kathryn-mckinley_2007_1873513440": [0.43292322754859924, -3.720722198486328], "kathryn-mckinley_2006_2016628444": [-0.2766180634498596, 5.783803462982178], "kathryn-mckinley_2011_2048954027": [5.318679332733154, 5.1134843826293945], "kathryn-mckinley_2006_2153027931": [0.9596704840660095, 6.237008094787598], "kathryn-mckinley_2013_2156929189": [0.26472586393356323, -7.0421271324157715], "kathryn-mckinley_2004_2166034429": [-0.7068169116973877, -3.740516185760498], "kathryn-mckinley_2001_2146206484": [0.8840140700340271, 5.4448347091674805], "kathryn-mckinley_2008_120124634": [-2.218785047531128, -7.367858409881592], "kathryn-mckinley_2006_2074945705": [2.216184377670288, 0.49265459179878235], "kathryn-mckinley_2011_2167464511": [-1.7970434427261353, 5.7680487632751465], "kathryn-mckinley_1996_130485535": [3.296299695968628, 0.39113813638687134], "kathryn-mckinley_2007_2124658927": [3.9839274883270264, 9.431540489196777], "kathryn-mckinley_2012_1499699627": [-5.868941307067871, 3.9099771976470947], "kathryn-mckinley_2013_2402699044": [-3.391232967376709, -4.405701637268066], "kathryn-mckinley_2006_2165497190": [-1.8210201263427734, -9.323243141174316], "kathryn-mckinley_2013_2146894037": [-2.4382355213165283, 1.5029069185256958], "kathryn-mckinley_2003_70917478": [1.2767555713653564, 4.0896077156066895], "kathryn-mckinley_2001_1998141415": [-0.3810252249240875, -4.359387397766113], "kathryn-mckinley_2005_2111755365": [2.6923699378967285, 2.5698654651641846], "kathryn-mckinley_2016_2330744268": [-0.0505819097161293, 4.829796314239502], "kathryn-mckinley_2006_2105204977": [-0.401333212852478, -1.2332912683486938], "kathryn-mckinley_2011_2132523160": [-1.0937131643295288, 8.343169212341309], "kathryn-mckinley_2002_2116986122": [-3.318020820617676, 5.527917385101318], "kathryn-mckinley_2015_2168245916": [3.402200222015381, -3.7347359657287598], "kathryn-mckinley_1996_2108315152": [5.003663539886475, 0.0021703955717384815], "kathryn-mckinley_2012_2012181719": [-2.324221611022949, 5.6228928565979], "kathryn-mckinley_2012_6188780": [4.006290435791016, 9.501273155212402], "kathryn-mckinley_2002_2054687093": [-0.23945680260658264, -5.982582092285156], "kathryn-mckinley_2012_2138889007": [-0.8510698676109314, -3.4340133666992188], "kathryn-mckinley_1993_2150334562": [-4.769087791442871, -1.3331235647201538], "kathryn-mckinley_2004_2112832394": [-1.492116928100586, -9.615693092346191], "kathryn-mckinley_2012_2111301724": [-2.4399361610412598, -6.178708076477051], "kathryn-mckinley_2013_2556571252": [3.86686110496521, 5.431054592132568], "kathryn-mckinley_2017_2761451340": [-3.7144315242767334, -8.451626777648926], "kathryn-mckinley_2003_1516140789": [-0.5775854587554932, -7.12957763671875], "kathryn-mckinley_2007_2144551802": [-1.915838360786438, -5.828783988952637], "kathryn-mckinley_2001_1631111853": [-2.8473360538482666, 5.931285381317139], "kathryn-mckinley_2005_2104809773": [2.0767459869384766, -1.9204025268554688], "kathryn-mckinley_2003_2145329032": [-0.5831559300422668, -2.859549045562744], "kathryn-mckinley_2002_2038897371": [-0.948242723941803, -6.015539169311523], "kathryn-mckinley_2012_2548574249": [4.263493061065674, 5.619649410247803], "kathryn-mckinley_2013_1441180820": [-1.1036045551300049, 4.710051536560059], "kathryn-mckinley_2010_2078197548": [-2.8132517337799072, -9.810561180114746], "kathryn-mckinley_1994_2244841219": [5.009882926940918, 0.3170134127140045], "kathryn-mckinley_2016_2289231618": [-3.4080679416656494, 3.5310137271881104], "kathryn-mckinley_2009_2124159086": [-0.8834322094917297, -4.605123519897461], "kathryn-mckinley_2000_2128274900": [2.766852617263794, 1.359626293182373], "kathryn-mckinley_2004_2147345262": [-2.0301666259765625, 4.593922138214111], "kathryn-mckinley_2011_2101723202": [5.782993793487549, 9.398114204406738], "kathryn-mckinley_2008_1572287896": [-0.5384058356285095, 2.78494930267334], "kathryn-mckinley_1995_1568057659": [1.9475624561309814, 7.954837322235107], "kathryn-mckinley_1994_1560132800": [3.6635935306549072, 6.4482598304748535], "kathryn-mckinley_2008_1530752073": [-3.7303738594055176, 5.258434772491455], "kathryn-mckinley_2007_1542326246": [1.4657922983169556, -4.357524394989014], "kathryn-mckinley_1999_2006111471": [6.11075496673584, 6.496459007263184], "kathryn-mckinley_2014_2012116223": [-5.506061553955078, 3.601743459701538], "kathryn-mckinley_2015_1901897140": [-1.2269389629364014, -5.034667491912842], "kathryn-mckinley_2004_2152814480": [-1.6337449550628662, -9.684000015258789], "kathryn-mckinley_2008_2184248137": [-5.4287800788879395, 5.321533203125], "kathryn-mckinley_2006_155274003": [-1.0585315227508545, -2.598790407180786], "kathryn-mckinley_2006_2154332652": [-3.519497871398926, 4.5339765548706055],