{"kathryn-mckinley_2004_115321342": [12.941805839538574, 14.711787223815918], "kathryn-mckinley_2009_2129592257": [-1.0711735486984253, 11.372060775756836], "kathryn-mckinley_1994_1963770705": [-16.5000057220459, 9.651576042175293], "kathryn-mckinley_1998_2185102111": [-10.726686477661133, 21.225080490112305], "kathryn-mckinley_1990_2086779607": [-25.377437591552734, -9.637447357177734], "kathryn-mckinley_2004_2097077279": [23.852495193481445, 30.202051162719727], "kathryn-mckinley_1995_2158158791": [-26.9263973236084, -1.791766881942749], "kathryn-mckinley_2006_1935357501": [-6.665834426879883, -22.560468673706055], "kathryn-mckinley_1991_2031185609": [-17.737733840942383, 16.965869903564453], "kathryn-mckinley_2013_2274904433": [-19.83632469177246, -16.801664352416992], "kathryn-mckinley_2007_2144300381": [22.15647315979004, 24.47378158569336], "kathryn-mckinley_2016_2261536765": [13.88617992401123, 4.472623825073242], "kathryn-mckinley_2011_1202777765": [-3.219693660736084, -16.47524070739746], "kathryn-mckinley_2000_2016133391": [-6.561695575714111, -0.2811746597290039], "kathryn-mckinley_2006_2166091242": [11.420334815979004, 19.305564880371094], "kathryn-mckinley_2015_2295444268": [-1.700137734413147, 1.6989080905914307], "kathryn-mckinley_2003_2109915751": [12.893092155456543, -28.410085678100586], "kathryn-mckinley_2004_2153882047": [10.676513671875, -30.880870819091797], "kathryn-mckinley_2011_2160174747": [8.711769104003906, 3.8222806453704834], "kathryn-mckinley_2016_2293617243": [-16.636856079101562, -13.667181968688965], "kathryn-mckinley_2010_2072754671": [21.55742835998535, 26.040393829345703], "kathryn-mckinley_2000_2164806720": [-24.325117111206055, -27.147071838378906], "kathryn-mckinley_2005_2142221641": [-22.52195167541504, 2.5770840644836426], "kathryn-mckinley_2005_2146766856": [-11.509472846984863, 2.3980305194854736], "kathryn-mckinley_2010_2105325699": [-11.187973976135254, -16.460418701171875], "kathryn-mckinley_2007_2000100269": [11.251524925231934, 16.249589920043945], "kathryn-mckinley_2013_2050989461": [-9.61011791229248, -6.9147748947143555], "kathryn-mckinley_2004_2079366392": [29.178979873657227, 34.0219841003418], "kathryn-mckinley_2016_2318490588": [7.754766941070557, -31.247180938720703], "kathryn-mckinley_1996_2167013139": [14.097050666809082, -24.244951248168945], "kathryn-mckinley_2015_2073398506": [-19.640342712402344, -6.663618564605713], "kathryn-mckinley_2012_2299567436": [-12.263792991638184, -13.28054428100586], "kathryn-mckinley_2002_2107285171": [24.620769500732422, 38.039974212646484], "kathryn-mckinley_2005_2050074018": [8.118853569030762, -26.79857063293457], "kathryn-mckinley_2013_2088475168": [-2.636657238006592, 5.933548450469971], "kathryn-mckinley_2010_2132286480": [25.95330810546875, 28.132957458496094], "kathryn-mckinley_2002_1494659132": [18.623844146728516, -29.409507751464844], "kathryn-mckinley_1996_114157609": [-26.89992904663086, -13.989994049072266], "kathryn-mckinley_2011_2097056897": [6.549369812011719, -15.795853614807129], "kathryn-mckinley_2011_2093215549": [14.943997383117676, 18.434181213378906], "kathryn-mckinley_2015_2460655203": [-15.883559226989746, -12.219779968261719], "kathryn-mckinley_2007_2077997855": [-18.06263542175293, -6.907504081726074], "kathryn-mckinley_2007_1873513440": [13.116660118103027, 7.789895057678223], "kathryn-mckinley_2006_2016628444": [-7.231512546539307, -22.942731857299805], "kathryn-mckinley_2011_2048954027": [-17.64305305480957, -8.41462516784668], "kathryn-mckinley_2006_2153027931": [-13.689201354980469, -20.145231246948242], "kathryn-mckinley_2013_2156929189": [31.37822723388672, 17.39242172241211], "kathryn-mckinley_2004_2166034429": [12.795654296875, 13.878690719604492], "kathryn-mckinley_2001_2146206484": [-7.4441704750061035, -17.764028549194336], "kathryn-mckinley_2008_120124634": [23.59427261352539, 26.977441787719727], "kathryn-mckinley_2006_2074945705": [7.582597732543945, -4.731449127197266], "kathryn-mckinley_2011_2167464511": [0.4766736626625061, -23.077800750732422], "kathryn-mckinley_1996_130485535": [-13.975119590759277, 7.457525253295898], "kathryn-mckinley_2007_2124658927": [-12.532288551330566, -3.12375545501709], "kathryn-mckinley_2012_1499699627": [14.194404602050781, -30.046661376953125], "kathryn-mckinley_2013_2402699044": [12.935420989990234, 24.521841049194336], "kathryn-mckinley_2006_2165497190": [25.71686553955078, 34.47142028808594], "kathryn-mckinley_2013_2146894037": [10.985294342041016, 2.289895534515381], "kathryn-mckinley_2003_70917478": [-6.169951915740967, -12.461482048034668], "kathryn-mckinley_2001_1998141415": [15.584676742553711, 13.849530220031738], "kathryn-mckinley_2005_2111755365": [-11.483193397521973, 1.6370679140090942], "kathryn-mckinley_2016_2330744268": [-3.9857699871063232, -17.522247314453125], "kathryn-mckinley_2006_2105204977": [5.206558704376221, 9.512880325317383], "kathryn-mckinley_2011_2132523160": [2.8238701820373535, 6.6291093826293945], "kathryn-mckinley_2002_2116986122": [3.7234766483306885, -27.167903900146484], "kathryn-mckinley_2015_2168245916": [-0.1371023952960968, 12.55849552154541], "kathryn-mckinley_1996_2108315152": [-17.844057083129883, 13.0725736618042], "kathryn-mckinley_2012_2012181719": [2.8884384632110596, -22.86212921142578], "kathryn-mckinley_2012_6188780": [-12.734562873840332, -2.4274423122406006], "kathryn-mckinley_2002_2054687093": [28.41217613220215, 18.005264282226562], "kathryn-mckinley_2012_2138889007": [13.397071838378906, 16.29435157775879], "kathryn-mckinley_1993_2150334562": [-17.689382553100586, 20.76714515686035], "kathryn-mckinley_2004_2112832394": [24.8377685546875, 35.53312301635742], "kathryn-mckinley_2012_2111301724": [19.676307678222656, 20.901777267456055], "kathryn-mckinley_2013_2556571252": [-20.784276962280273, -15.347515106201172], "kathryn-mckinley_2017_2761451340": [28.891740798950195, 26.50826072692871], "kathryn-mckinley_2003_1516140789": [29.877613067626953, 19.994125366210938], "kathryn-mckinley_2007_2144551802": [16.753061294555664, 25.10665512084961], "kathryn-mckinley_2001_1631111853": [2.7778072357177734, -26.7722225189209], "kathryn-mckinley_2005_2104809773": [11.629817962646484, -2.5216214656829834], "kathryn-mckinley_2003_2145329032": [12.692517280578613, 12.106794357299805], "kathryn-mckinley_2002_2038897371": [17.373668670654297, 14.434446334838867], "kathryn-mckinley_2012_2548574249": [-16.602590560913086, -16.637191772460938], "kathryn-mckinley_2013_1441180820": [-1.3237123489379883, -14.611550331115723], "kathryn-mckinley_2010_2078197548": [30.102338790893555, 36.3569221496582], "kathryn-mckinley_1994_2244841219": [-18.00654411315918, 11.938255310058594], "kathryn-mckinley_2016_2289231618": [11.104312896728516, -21.207426071166992], "kathryn-mckinley_2009_2124159086": [17.605161666870117, 18.770803451538086], "kathryn-mckinley_2000_2128274900": [-8.07623291015625, 7.631687641143799], "kathryn-mckinley_2004_2147345262": [4.058885097503662, -19.232563018798828], "kathryn-mckinley_2011_2101723202": [-17.71670150756836, -2.8315470218658447], "kathryn-mckinley_2008_1572287896": [-0.5352040529251099, -8.652851104736328], "kathryn-mckinley_1995_1568057659": [-29.418376922607422, -2.48604416847229], "kathryn-mckinley_1994_1560132800": [-25.536693572998047, -12.095294952392578], "kathryn-mckinley_2008_1530752073": [7.2738165855407715, -25.797971725463867], "kathryn-mckinley_2007_1542326246": [21.82375717163086, 5.319983005523682], "kathryn-mckinley_1999_2006111471": [-20.965702056884766, -20.899959564208984], "kathryn-mckinley_2014_2012116223": [14.70036792755127, -27.375585556030273], "kathryn-mckinley_2015_1901897140": [17.496519088745117, 19.735300064086914], "kathryn-mckinley_2004_2152814480": [25.70427894592285, 36.58898162841797], "kathryn-mckinley_2008_2184248137": [10.803766250610352, -32.28313446044922], "kathryn-mckinley_2006_155274003": [10.29918384552002, 14.85434341430664],