{"steve-blackburn_2004_2097077279": [71.40666961669922, 120.74977111816406], "steve-blackburn_1999_2366416424": [-12.648317337036133, -135.10240173339844], "steve-blackburn_2011_1202777765": [56.62447738647461, -62.32167053222656], "steve-blackburn_2006_2166091242": [1.162959337234497, 73.25249481201172], "steve-blackburn_2000_1508668963": [-87.87223052978516, -127.19386291503906], "steve-blackburn_2015_2295444268": [30.936033248901367, 112.18620300292969], "steve-blackburn_2011_2160174747": [32.13005828857422, 92.20600128173828], "steve-blackburn_2005_2146766856": [-673.5879516601562, -107.54348754882812], "steve-blackburn_1998_179129987": [-88.32953643798828, -174.6046600341797], "steve-blackburn_1998_129976019": [-50.31296157836914, -157.82142639160156], "steve-blackburn_2016_2510821171": [-4.843388080596924, 33.74799346923828], "steve-blackburn_1996_158308085": [-113.03086853027344, -81.772705078125], "steve-blackburn_2001_2116399507": [-62.17100524902344, -34.49848937988281], "steve-blackburn_2010_2132286480": [0.337565541267395, 152.31715393066406], "steve-blackburn_2012_2042059673": [82.24917602539062, 127.88624572753906], "steve-blackburn_2013_2156929189": [36.2118034362793, 62.780982971191406], "steve-blackburn_2004_2166034429": [8.580187797546387, 115.15042114257812], "steve-blackburn_2011_2167464511": [79.85796356201172, -70.56829833984375], "steve-blackburn_2006_2165497190": [13.5693359375, 94.15848541259766], "steve-blackburn_1997_2158772721": [-49.093544006347656, -171.555419921875], "steve-blackburn_2013_2146894037": [79.97267150878906, -41.25240707397461], "steve-blackburn_2005_2111755365": [432.2564392089844, 120.4232177734375], "steve-blackburn_2012_2132915618": [-31.526561737060547, 53.96800994873047], "steve-blackburn_2016_2465422497": [-39.79385757446289, -11.550564765930176], "steve-blackburn_2012_2135580155": [-80.62818908691406, 19.991561889648438], "steve-blackburn_2012_2012181719": [84.88444519042969, -85.41032409667969], "steve-blackburn_2002_2054687093": [39.878665924072266, 153.89613342285156], "steve-blackburn_2004_2112832394": [21.63530731201172, 88.39898681640625], "steve-blackburn_2003_1516140789": [30.354400634765625, 157.212646484375], "steve-blackburn_2003_2145329032": [56.701812744140625, 132.46177673339844], "steve-blackburn_2016_2289231618": [77.39366149902344, -51.33315658569336], "steve-blackburn_2012_2183694263": [-37.19205093383789, 17.849388122558594], "steve-blackburn_1999_2119562887": [-15.34469223022461, -128.73211669921875], "steve-blackburn_2014_2012116223": [67.15718841552734, -52.36411666870117], "steve-blackburn_2004_2152814480": [19.457138061523438, 106.41851043701172], "steve-blackburn_2014_2140709543": [25.8948917388916, 76.01243591308594], "steve-blackburn_1999_2468851175": [-43.31388473510742, -158.41107177734375], "steve-blackburn_2015_2163331932": [-37.743980407714844, 73.61555480957031], "steve-blackburn_2012_2143775910": [-77.95177459716797, 13.505828857421875], "steve-blackburn_2011_2104057788": [64.99920654296875, -42.521915435791016], "steve-blackburn_2008_2050801173": [24.00019073486328, 138.9447479248047], "steve-blackburn_2012_2053914793": [26.042097091674805, 61.68415069580078], "steve-blackburn_2000_424535267": [102.63343048095703, 103.33171081542969], "steve-blackburn_1997_2100330214": [-67.72782897949219, -146.8376922607422], "steve-blackburn_2000_1986917522": [107.62358093261719, 108.41838836669922], "steve-blackburn_2015_1973718751": [-31.27333641052246, 68.68889617919922], "steve-blackburn_1999_2412265699": [138.34432983398438, 35.837032318115234], "steve-blackburn_2009_2168874123": [-6.027910232543945, -51.851932525634766], "steve-blackburn_2005_1545451070": [42.311256408691406, 69.32868194580078], "steve-blackburn_2009_2107917004": [-0.9610674977302551, 2.93540620803833], "steve-blackburn_2001_2060525997": [-10.395282745361328, 110.13543701171875], "steve-blackburn_2000_2140511537": [-93.16146087646484, -117.89781188964844], "steve-blackburn_2010_2243794352": [87.75639343261719, -57.39509582519531], "steve-blackburn_2002_2128284389": [70.60689544677734, 128.6591339111328], "steve-blackburn_2002_2127154544": [33.75984191894531, 166.05868530273438], "steve-blackburn_2012_2149611663": [78.33881378173828, -81.30577087402344], "steve-blackburn_2007_2028063048": [-84.68114471435547, -147.35586547851562], "steve-blackburn_2004_2147299991": [88.68919372558594, 122.97441864013672], "steve-blackburn_2016_2419340123": [-3.3413138389587402, 126.85214233398438], "steve-blackburn_2007_2078973953": [2.1843574047088623, 110.66395568847656], "steve-blackburn_2011_2109653359": [10.513995170593262, 128.46214294433594], "steve-blackburn_2000_1533645983": [-84.49870300292969, -139.76370239257812], "steve-blackburn_2015_2132594816": [78.71361541748047, 142.02493286132812], "steve-blackburn_2007_2014789541": [1.1582528352737427, 94.21569061279297], "steve-blackburn_2003_2162435060": [29.00343894958496, 149.14114379882812], "steve-blackburn_2016_2410359103": [-2.816823720932007, -26.18970489501953], "steve-blackburn_2014_2124894275": [-29.410375595092773, 13.193324089050293], "steve-blackburn_2012_2095995766": [54.75227737426758, -51.48698425292969], "steve-blackburn_2004_average": [-41.8375358581543, -63.114986419677734], "steve-blackburn_1999_average": [-51.68987274169922, -119.18917846679688], "steve-blackburn_2011_average": [-52.92536163330078, -83.67130279541016], "steve-blackburn_2006_average": [-22.424287796020508, -2.243222951889038], "steve-blackburn_2000_average": [-54.05329513549805, -106.77838134765625], "steve-blackburn_2015_average": [-28.837120056152344, -58.69498825073242], "steve-blackburn_2005_average": [-46.35188674926758, -51.88033676147461], "steve-blackburn_1998_average": [-57.123313903808594, -128.29100036621094], "steve-blackburn_2016_average": [-44.097721099853516, -86.10157012939453], "steve-blackburn_1996_average": [-109.44017791748047, -76.01546478271484], "steve-blackburn_2001_average": [-53.95528793334961, -42.2467155456543], "steve-blackburn_2018_average": [-44.19917678833008, -106.62303161621094], "steve-blackburn_2010_average": [-11.509408950805664, 0.7957042455673218], "steve-blackburn_2012_average": [-48.44109344482422, -97.71701049804688], "steve-blackburn_2013_average": [-13.48298454284668, -21.451011657714844], "steve-blackburn_1997_average": [-61.4809455871582, -137.5895233154297], "steve-blackburn_2002_average": [-23.39635467529297, -12.597265243530273], "steve-blackburn_2003_average": [-26.222314834594727, -20.017026901245117], "steve-blackburn_2014_average": [-47.6223030090332, -73.83363342285156], "steve-blackburn_2008_average": [-34.789154052734375, -33.29500198364258], "steve-blackburn_2009_average": [-18.03708267211914, -53.837833404541016], "steve-blackburn_2007_average": [-35.28486251831055, -45.36679458618164]}