{"kathryn-mckinley_2004_115321342": [6.928156852722168, -5.520552158355713], "kathryn-mckinley_2009_2129592257": [-1.6630918979644775, -3.0067944526672363], "kathryn-mckinley_1994_1963770705": [-4.973100662231445, -6.492057800292969], "kathryn-mckinley_1998_2185102111": [13.67341136932373, -1.09592866897583], "kathryn-mckinley_1990_2086779607": [-13.472989082336426, 8.593368530273438], "kathryn-mckinley_2004_2097077279": [15.201041221618652, -11.573348045349121], "kathryn-mckinley_1995_2158158791": [-10.73107624053955, 6.161835670471191], "kathryn-mckinley_2006_1935357501": [-8.219755172729492, 11.512993812561035], "kathryn-mckinley_1991_2031185609": [-2.3898534774780273, -9.558475494384766], "kathryn-mckinley_2013_2274904433": [-14.492115020751953, 4.862158298492432], "kathryn-mckinley_2007_2144300381": [15.527912139892578, -7.400757312774658], "kathryn-mckinley_2016_2261536765": [5.325088024139404, 0.28106769919395447], "kathryn-mckinley_2011_1202777765": [-4.434664249420166, 7.992805480957031], "kathryn-mckinley_2000_2016133391": [-5.609150409698486, -0.23549716174602509], "kathryn-mckinley_2006_2166091242": [10.751323699951172, -8.500120162963867], "kathryn-mckinley_2015_2295444268": [-1.7236541509628296, -1.0149608850479126], "kathryn-mckinley_2003_2109915751": [1.279247522354126, 17.389989852905273], "kathryn-mckinley_2004_2153882047": [2.575573205947876, 15.89095401763916], "kathryn-mckinley_2011_2160174747": [4.180535316467285, -2.046525001525879], "kathryn-mckinley_2016_2293617243": [-12.037738800048828, 3.7235841751098633], "kathryn-mckinley_2010_2072754671": [14.378826141357422, -8.253905296325684], "kathryn-mckinley_2000_2164806720": [-20.9044246673584, -0.1189584732055664], "kathryn-mckinley_2005_2142221641": [-10.774834632873535, -9.432666778564453], "kathryn-mckinley_2005_2146766856": [-7.436156272888184, -1.4901965856552124], "kathryn-mckinley_2010_2105325699": [-8.87540054321289, 5.076740741729736], "kathryn-mckinley_2007_2000100269": [8.011240005493164, -5.071462631225586], "kathryn-mckinley_2013_2050989461": [-9.753844261169434, 2.8909854888916016], "kathryn-mckinley_2004_2079366392": [18.673171997070312, -13.43234634399414], "kathryn-mckinley_2016_2318490588": [2.1771626472473145, 13.377017974853516], "kathryn-mckinley_1996_2167013139": [-1.1841461658477783, 18.077342987060547], "kathryn-mckinley_2015_2073398506": [-12.903263092041016, -0.5163828730583191], "kathryn-mckinley_2012_2299567436": [-7.885546684265137, 7.408205509185791], "kathryn-mckinley_2002_2107285171": [16.876110076904297, -15.33229923248291], "kathryn-mckinley_2005_2050074018": [0.41552865505218506, 14.653640747070312], "kathryn-mckinley_2013_2088475168": [-7.701291084289551, 1.2552646398544312], "kathryn-mckinley_2010_2132286480": [16.152095794677734, -10.249921798706055], "kathryn-mckinley_2002_1494659132": [4.229542255401611, -17.47443962097168], "kathryn-mckinley_1996_114157609": [-14.682828903198242, 6.58821964263916], "kathryn-mckinley_2011_2097056897": [-5.838655471801758, 13.33296012878418], "kathryn-mckinley_2011_2093215549": [9.756024360656738, -3.7114505767822266], "kathryn-mckinley_2015_2460655203": [-11.92983341217041, 2.7331771850585938], "kathryn-mckinley_2007_2077997855": [-12.635700225830078, 0.21930162608623505], "kathryn-mckinley_2007_1873513440": [7.028658866882324, -1.255399227142334], "kathryn-mckinley_2006_2016628444": [-8.257360458374023, 11.549131393432617], "kathryn-mckinley_2011_2048954027": [-13.230559349060059, 0.9832217693328857], "kathryn-mckinley_2006_2153027931": [-10.26051139831543, 10.134764671325684], "kathryn-mckinley_2013_2156929189": [9.499131202697754, -12.086063385009766], "kathryn-mckinley_2004_2166034429": [6.6281280517578125, -5.471241474151611], "kathryn-mckinley_2001_2146206484": [-2.7008819580078125, 7.753424167633057], "kathryn-mckinley_2008_120124634": [14.89688777923584, -9.385838508605957], "kathryn-mckinley_2006_2074945705": [2.0217952728271484, 3.9972784519195557], "kathryn-mckinley_2011_2167464511": [-2.6325185298919678, 10.41202449798584], "kathryn-mckinley_1996_130485535": [-3.458875894546509, -4.926980495452881], "kathryn-mckinley_2007_2124658927": [-10.439482688903809, -2.231903553009033], "kathryn-mckinley_2012_1499699627": [2.2360482215881348, 18.060741424560547], "kathryn-mckinley_2013_2402699044": [12.335811614990234, -4.08534574508667], "kathryn-mckinley_2006_2165497190": [16.38332176208496, -13.266145706176758], "kathryn-mckinley_2013_2146894037": [3.507596731185913, 1.207686424255371], "kathryn-mckinley_2003_70917478": [-6.202145576477051, 5.687832355499268], "kathryn-mckinley_2001_1998141415": [7.552096843719482, -6.853179931640625], "kathryn-mckinley_2005_2111755365": [-7.48837423324585, -1.2582371234893799], "kathryn-mckinley_2016_2330744268": [-3.9484097957611084, 8.641890525817871], "kathryn-mckinley_2006_2105204977": [2.64785099029541, -3.7272982597351074], "kathryn-mckinley_2011_2132523160": [0.45720046758651733, -2.667724370956421], "kathryn-mckinley_2002_2116986122": [-0.965541422367096, 13.163286209106445], "kathryn-mckinley_2015_2168245916": [8.167840003967285, 0.5483490228652954], "kathryn-mckinley_1996_2108315152": [-4.425178527832031, -8.514294624328613], "kathryn-mckinley_2012_2012181719": [-2.230299472808838, 11.628497123718262], "kathryn-mckinley_2012_6188780": [-10.402595520019531, -2.286024570465088], "kathryn-mckinley_2002_2054687093": [9.457977294921875, -10.365669250488281], "kathryn-mckinley_2012_2138889007": [6.974465847015381, -4.284794807434082], "kathryn-mckinley_1993_2150334562": [-0.6981589794158936, -10.835379600524902], "kathryn-mckinley_2004_2112832394": [16.344715118408203, -14.109312057495117], "kathryn-mckinley_2012_2111301724": [13.223235130310059, -6.370662689208984], "kathryn-mckinley_2013_2556571252": [-14.339122772216797, 4.008005142211914], "kathryn-mckinley_2017_2761451340": [14.250926971435547, -13.42269229888916], "kathryn-mckinley_2003_1516140789": [11.072440147399902, -11.401237487792969], "kathryn-mckinley_2007_2144551802": [11.913179397583008, -7.246981620788574], "kathryn-mckinley_2001_1631111853": [-0.9413908123970032, 12.4918794631958], "kathryn-mckinley_2005_2104809773": [5.08984375, 4.257097244262695], "kathryn-mckinley_2003_2145329032": [5.028162479400635, -5.121079444885254], "kathryn-mckinley_2002_2038897371": [8.709628105163574, -7.872776985168457], "kathryn-mckinley_2012_2548574249": [-15.242560386657715, 4.271173000335693], "kathryn-mckinley_2013_1441180820": [-5.843583583831787, 8.8993501663208], "kathryn-mckinley_2010_2078197548": [18.796010971069336, -11.964523315429688], "kathryn-mckinley_1994_2244841219": [-4.887835502624512, -8.185393333435059], "kathryn-mckinley_2016_2289231618": [-2.267453908920288, 16.096288681030273], "kathryn-mckinley_2009_2124159086": [9.597949981689453, -5.115000247955322], "kathryn-mckinley_2000_2128274900": [-5.633998394012451, -2.9107000827789307], "kathryn-mckinley_2004_2147345262": [-3.793734073638916, 12.247037887573242], "kathryn-mckinley_2011_2101723202": [-13.433674812316895, -3.1643013954162598], "kathryn-mckinley_2008_1572287896": [-4.224863529205322, 4.341744422912598], "kathryn-mckinley_1995_1568057659": [-11.102614402770996, 7.641378879547119], "kathryn-mckinley_1994_1560132800": [-13.627731323242188, 6.715517520904541], "kathryn-mckinley_2008_1530752073": [-0.23305660486221313, 14.246031761169434], "kathryn-mckinley_2007_1542326246": [10.746734619140625, 2.0672340393066406], "kathryn-mckinley_1999_2006111471": [-16.851072311401367, 1.7450547218322754], "kathryn-mckinley_2014_2012116223": [0.5850124359130859, 18.296520233154297], "kathryn-mckinley_2015_1901897140": [10.094237327575684, -5.370474815368652], "kathryn-mckinley_2004_2152814480": [17.116167068481445, -14.282766342163086], "kathryn-mckinley_2008_2184248137": [2.5651042461395264, 15.188892364501953], "kathryn-mckinley_2006_155274003": [5.769493579864502, -4.372646331787109],