{"steve-blackburn_2004_2097077279": [6.67704439163208, 10.561389923095703], "steve-blackburn_1999_2366416424": [4.8364739418029785, 10.463000297546387], "steve-blackburn_2011_1202777765": [5.1112823486328125, 10.880997657775879], "steve-blackburn_2006_2166091242": [6.378671169281006, 10.67844295501709], "steve-blackburn_2000_1508668963": [4.795762538909912, 10.349651336669922], "steve-blackburn_2015_2295444268": [5.482992172241211, 10.53042221069336], "steve-blackburn_2011_2160174747": [5.7725396156311035, 10.665094375610352], "steve-blackburn_2005_2146766856": [5.417434215545654, 10.423172950744629], "steve-blackburn_1998_179129987": [4.917150020599365, 10.50533676147461], "steve-blackburn_1998_129976019": [4.830711364746094, 10.42866325378418], "steve-blackburn_2016_2510821171": [6.118804931640625, 10.308762550354004], "steve-blackburn_1996_158308085": [4.911200046539307, 10.61035442352295], "steve-blackburn_2001_2116399507": [5.14455509185791, 10.851773262023926], "steve-blackburn_2010_2132286480": [6.731438636779785, 10.579474449157715], "steve-blackburn_2012_2042059673": [6.37699031829834, 10.602924346923828], "steve-blackburn_2013_2156929189": [6.227176189422607, 10.195649147033691], "steve-blackburn_2004_2166034429": [5.935808181762695, 10.50994873046875], "steve-blackburn_2011_2167464511": [5.068183422088623, 10.986287117004395], "steve-blackburn_2006_2165497190": [6.871652126312256, 10.495294570922852], "steve-blackburn_1997_2158772721": [4.881521224975586, 10.511338233947754], "steve-blackburn_2013_2146894037": [5.703886032104492, 11.017488479614258], "steve-blackburn_2005_2111755365": [5.2943806648254395, 10.447543144226074], "steve-blackburn_2012_2132915618": [5.616939544677734, 10.549039840698242], "steve-blackburn_2016_2465422497": [5.488041877746582, 10.191165924072266], "steve-blackburn_2012_2135580155": [5.362837314605713, 10.3226318359375], "steve-blackburn_2012_2012181719": [4.848277568817139, 11.034146308898926], "steve-blackburn_2002_2054687093": [6.0996270179748535, 10.450200080871582], "steve-blackburn_2004_2112832394": [6.919422626495361, 10.455175399780273], "steve-blackburn_2003_1516140789": [6.34330940246582, 10.434889793395996], "steve-blackburn_2003_2145329032": [5.794598579406738, 10.489445686340332], "steve-blackburn_2016_2289231618": [5.4073710441589355, 11.123584747314453], "steve-blackburn_2012_2183694263": [5.22122859954834, 10.317723274230957], "steve-blackburn_1999_2119562887": [4.836472511291504, 10.463000297546387], "steve-blackburn_2014_2012116223": [5.9521684646606445, 11.553634643554688], "steve-blackburn_2004_2152814480": [6.94547176361084, 10.49195384979248], "steve-blackburn_2014_2140709543": [6.262674808502197, 10.440803527832031], "steve-blackburn_1999_2468851175": [4.830899715423584, 10.424615859985352], "steve-blackburn_2015_2163331932": [5.507620334625244, 10.503973007202148], "steve-blackburn_2012_2143775910": [5.3806657791137695, 10.340882301330566], "steve-blackburn_2011_2104057788": [5.5138654708862305, 10.898199081420898], "steve-blackburn_2008_2050801173": [6.399903297424316, 10.448983192443848], "steve-blackburn_2012_2053914793": [5.632544994354248, 10.245113372802734], "steve-blackburn_2000_424535267": [5.372987270355225, 10.500012397766113], "steve-blackburn_1997_2100330214": [4.824567794799805, 10.406962394714355], "steve-blackburn_2000_1986917522": [5.372987747192383, 10.500012397766113], "steve-blackburn_2015_1973718751": [6.14876651763916, 10.807209968566895], "steve-blackburn_1999_2412265699": [4.917660236358643, 10.513785362243652], "steve-blackburn_2009_2168874123": [5.806175231933594, 10.939226150512695], "steve-blackburn_2005_1545451070": [6.321594715118408, 10.145675659179688], "steve-blackburn_2009_2107917004": [6.644872188568115, 10.782797813415527], "steve-blackburn_2001_2060525997": [6.356795787811279, 10.553705215454102], "steve-blackburn_2000_2140511537": [4.9914045333862305, 10.18681526184082], "steve-blackburn_2010_2243794352": [5.126820087432861, 10.729630470275879], "steve-blackburn_2002_2128284389": [7.057037830352783, 10.526318550109863], "steve-blackburn_2002_2127154544": [6.552464485168457, 10.451156616210938], "steve-blackburn_2012_2149611663": [4.8714189529418945, 10.928201675415039], "steve-blackburn_2007_2028063048": [4.651515483856201, 10.184871673583984], "steve-blackburn_2004_2147299991": [6.770317077636719, 10.59853458404541], "steve-blackburn_2016_2419340123": [5.761898517608643, 10.502915382385254], "steve-blackburn_2007_2078973953": [6.986097812652588, 10.54552936553955], "steve-blackburn_2011_2109653359": [5.410562038421631, 10.4672212600708], "steve-blackburn_2000_1533645983": [4.685868263244629, 10.224427223205566], "steve-blackburn_2015_2132594816": [5.748997211456299, 10.612707138061523], "steve-blackburn_2007_2014789541": [5.663309574127197, 10.502543449401855], "steve-blackburn_2003_2162435060": [6.479733467102051, 10.434517860412598], "steve-blackburn_2016_2410359103": [5.492799758911133, 10.857071876525879], "steve-blackburn_2014_2124894275": [5.949603080749512, 10.934401512145996], "steve-blackburn_2012_2095995766": [5.46333646774292, 11.017727851867676], "steve-blackburn_2004_average": [6.422868728637695, 10.539167404174805], "steve-blackburn_1999_average": [4.88388204574585, 10.466113090515137], "steve-blackburn_2011_average": [5.391683101654053, 10.770610809326172], "steve-blackburn_2006_average": [6.633467674255371, 10.53817367553711], "steve-blackburn_2000_average": [5.047530174255371, 10.445430755615234], "steve-blackburn_2015_average": [5.719274520874023, 10.615962028503418], "steve-blackburn_2005_average": [5.662579536437988, 10.425804138183594], "steve-blackburn_1998_average": [4.911435604095459, 10.496012687683105], "steve-blackburn_2016_average": [5.670202255249023, 10.634178161621094], "steve-blackburn_1996_average": [4.916342735290527, 10.612771987915039], "steve-blackburn_2001_average": [5.5038275718688965, 10.442339897155762], "steve-blackburn_2018_average": [4.936840057373047, 10.533278465270996], "steve-blackburn_2010_average": [5.965500831604004, 10.622880935668945], "steve-blackburn_2012_average": [5.390401840209961, 10.646671295166016], "steve-blackburn_2013_average": [5.9621710777282715, 10.686264991760254], "steve-blackburn_1997_average": [4.8819780349731445, 10.463953018188477], "steve-blackburn_2002_average": [6.634682655334473, 10.496881484985352], "steve-blackburn_2003_average": [6.215050220489502, 10.473518371582031], "steve-blackburn_2014_average": [6.057550430297852, 10.863088607788086], "steve-blackburn_2008_average": [5.383366107940674, 10.474390029907227], "steve-blackburn_2009_average": [6.205280303955078, 10.77525806427002], "steve-blackburn_2007_average": [5.970771312713623, 10.472512245178223]}