{"steve-blackburn_2004_2097077279": [-40.26927947998047, -108.7509994506836], "steve-blackburn_1999_2366416424": [-24.984386444091797, 103.54621124267578], "steve-blackburn_2011_1202777765": [56.314273834228516, 49.66500473022461], "steve-blackburn_2006_2166091242": [-23.35997772216797, -114.96280670166016], "steve-blackburn_2000_1508668963": [-12.07986831665039, 142.20220947265625], "steve-blackburn_2015_2295444268": [24.357263565063477, 11.964570999145508], "steve-blackburn_2011_2160174747": [5.069295883178711, -25.247716903686523], "steve-blackburn_2005_2146766856": [58.07688522338867, 4.925384044647217], "steve-blackburn_1998_179129987": [-4.271079063415527, 114.16424560546875], "steve-blackburn_1998_129976019": [-25.164873123168945, 123.259033203125], "steve-blackburn_2016_2510821171": [-20.082416534423828, -55.92131805419922], "steve-blackburn_1996_158308085": [-9.413989067077637, 122.59989929199219], "steve-blackburn_2001_2116399507": [56.216461181640625, -13.230522155761719], "steve-blackburn_2010_2132286480": [-58.284149169921875, -102.38137817382812], "steve-blackburn_2012_2042059673": [-25.827594757080078, -96.74842834472656], "steve-blackburn_2013_2156929189": [-55.624778747558594, -55.223419189453125], "steve-blackburn_2004_2166034429": [6.712665557861328, -39.99396896362305], "steve-blackburn_2011_2167464511": [54.3240852355957, 63.947383880615234], "steve-blackburn_2006_2165497190": [-45.76018524169922, -125.39710235595703], "steve-blackburn_1997_2158772721": [9.263136863708496, 132.1913604736328], "steve-blackburn_2013_2146894037": [80.40795135498047, 34.005287170410156], "steve-blackburn_2005_2111755365": [57.919349670410156, 12.094505310058594], "steve-blackburn_2012_2132915618": [0.586975634098053, 0.8076200485229492], "steve-blackburn_2016_2465422497": [25.591445922851562, -12.484987258911133], "steve-blackburn_2012_2135580155": [10.389442443847656, 32.62140655517578], "steve-blackburn_2012_2012181719": [48.10343933105469, 73.7542724609375], "steve-blackburn_2002_2054687093": [-30.682146072387695, -61.46185302734375], "steve-blackburn_2004_2112832394": [-55.741065979003906, -127.02056884765625], "steve-blackburn_2003_1516140789": [-45.06418991088867, -69.28569793701172], "steve-blackburn_2003_2145329032": [14.280097961425781, -34.74219512939453], "steve-blackburn_2016_2289231618": [81.7128677368164, 42.93356704711914], "steve-blackburn_2012_2183694263": [32.609275817871094, 28.437223434448242], "steve-blackburn_1999_2119562887": [-18.73094367980957, 99.03575134277344], "steve-blackburn_2014_2012116223": [95.07732391357422, 41.74528884887695], "steve-blackburn_2004_2152814480": [-55.27058029174805, -135.688232421875], "steve-blackburn_2014_2140709543": [-44.56018829345703, -58.97886276245117], "steve-blackburn_1999_2468851175": [-22.95954704284668, 130.44549560546875], "steve-blackburn_2015_2163331932": [13.59086799621582, -0.0071642715483903885], "steve-blackburn_2012_2143775910": [15.007097244262695, 38.11806869506836], "steve-blackburn_2011_2104057788": [64.38368225097656, 33.32282638549805], "steve-blackburn_2008_2050801173": [-39.17808151245117, -78.96138000488281], "steve-blackburn_2012_2053914793": [45.14072036743164, -22.763517379760742], "steve-blackburn_2000_424535267": [34.21433639526367, 10.56605052947998], "steve-blackburn_1997_2100330214": [21.73447608947754, 122.83907318115234], "steve-blackburn_2000_1986917522": [35.59392166137695, 17.1307315826416], "steve-blackburn_2015_1973718751": [-11.846281051635742, -27.391752243041992], "steve-blackburn_1999_2412265699": [3.538858652114868, 115.23502349853516], "steve-blackburn_2009_2168874123": [12.678860664367676, -69.93475341796875], "steve-blackburn_2005_1545451070": [-53.7347412109375, -46.50639343261719], "steve-blackburn_2009_2107917004": [-0.5509582161903381, -88.7663345336914], "steve-blackburn_2001_2060525997": [-22.19720458984375, -85.98273468017578], "steve-blackburn_2000_2140511537": [0.3387793302536011, 146.2302703857422], "steve-blackburn_2010_2243794352": [43.469120025634766, 44.900856018066406], "steve-blackburn_2002_2128284389": [-45.49082946777344, -142.6126251220703], "steve-blackburn_2002_2127154544": [-50.790199279785156, -89.02130889892578], "steve-blackburn_2012_2149611663": [55.57929992675781, 72.0978775024414], "steve-blackburn_2007_2028063048": [-145.8478546142578, -1308.583740234375], "steve-blackburn_2004_2147299991": [-50.18816375732422, -110.9670639038086], "steve-blackburn_2016_2419340123": [-9.51900863647461, -11.505399703979492], "steve-blackburn_2007_2078973953": [-41.49995803833008, -134.66661071777344], "steve-blackburn_2011_2109653359": [47.076141357421875, 12.434701919555664], "steve-blackburn_2000_1533645983": [422.3938293457031, 1468.2984619140625], "steve-blackburn_2015_2132594816": [0.06666597723960876, -15.10333251953125], "steve-blackburn_2007_2014789541": [22.388675689697266, -29.3316593170166], "steve-blackburn_2003_2162435060": [-48.607730865478516, -78.14617156982422], "steve-blackburn_2016_2410359103": [38.48965072631836, -42.39152908325195], "steve-blackburn_2014_2124894275": [-13.074003219604492, 1.0212515592575073], "steve-blackburn_2012_2095995766": [68.66791534423828, 44.093929290771484], "steve-blackburn_2004_average": [-33.36664962768555, -98.24427795410156], "steve-blackburn_1999_average": [-16.18788719177246, 109.33775329589844], "steve-blackburn_2011_average": [55.466835021972656, 37.52885055541992], "steve-blackburn_2006_average": [-33.58297348022461, -115.10704803466797], "steve-blackburn_2000_average": [-3.479893445968628, 134.43858337402344], "steve-blackburn_2015_average": [6.309829235076904, -12.22562026977539], "steve-blackburn_2005_average": [35.10026550292969, -23.933765411376953], "steve-blackburn_1998_average": [0.82990562915802, 123.42233276367188], "steve-blackburn_2016_average": [15.556450843811035, -18.223373413085938], "steve-blackburn_1996_average": [10.592246055603027, 106.67218017578125], "steve-blackburn_2001_average": [46.777015686035156, -6.688328266143799], "steve-blackburn_2018_average": [0.0033663585782051086, 105.97697448730469], "steve-blackburn_2010_average": [-3.8099374771118164, -39.333168029785156], "steve-blackburn_2012_average": [47.25536346435547, 31.046092987060547], "steve-blackburn_2013_average": [-31.62363624572754, -34.63837432861328], "steve-blackburn_1997_average": [12.283771514892578, 123.45918273925781], "steve-blackburn_2002_average": [-47.39218521118164, -97.35694885253906], "steve-blackburn_2003_average": [-36.277427673339844, -67.35078430175781], "steve-blackburn_2014_average": [-29.59459686279297, -26.51890754699707], "steve-blackburn_2008_average": [42.81909942626953, 4.203490734100342], "steve-blackburn_2009_average": [2.9710872173309326, -80.53518676757812], "steve-blackburn_2007_average": [4.660247802734375, -49.36676788330078]}