{"steve-blackburn_2004_2097077279": [196.61195373535156, -110.12351989746094], "steve-blackburn_1999_2366416424": [-69.23348999023438, 131.11399841308594], "steve-blackburn_2011_1202777765": [23.020139694213867, 57.839237213134766], "steve-blackburn_2006_2166091242": [77.65159606933594, -87.55032348632812], "steve-blackburn_2000_1508668963": [-166.31138610839844, 122.6480712890625], "steve-blackburn_2015_2295444268": [196.9044189453125, -45.34115982055664], "steve-blackburn_2011_2160174747": [107.35321044921875, -87.20941925048828], "steve-blackburn_2005_2146766856": [7.80007266998291, -147.46726989746094], "steve-blackburn_1998_179129987": [-93.86759185791016, 177.78543090820312], "steve-blackburn_1998_129976019": [-152.82415771484375, 93.07061004638672], "steve-blackburn_2016_2510821171": [23.897104263305664, -68.20218658447266], "steve-blackburn_1996_158308085": [-57.02968215942383, 84.19841003417969], "steve-blackburn_2001_2116399507": [-9.186014175415039, 4.440555572509766], "steve-blackburn_2010_2132286480": [165.24497985839844, -100.19617462158203], "steve-blackburn_2012_2042059673": [180.69766235351562, -121.8425521850586], "steve-blackburn_2013_2156929189": [77.97354125976562, -36.450721740722656], "steve-blackburn_2004_2166034429": [147.7340545654297, -71.86531829833984], "steve-blackburn_2011_2167464511": [38.89377212524414, 86.09720611572266], "steve-blackburn_2006_2165497190": [128.43057250976562, -58.54662322998047], "steve-blackburn_1997_2158772721": [-154.17430114746094, 69.8939437866211], "steve-blackburn_2013_2146894037": [1.6654396057128906, 100.98406219482422], "steve-blackburn_2005_2111755365": [239.4636688232422, -76.98551940917969], "steve-blackburn_2012_2132915618": [79.79795837402344, -129.8841094970703], "steve-blackburn_2016_2465422497": [-71.197509765625, -50.82315444946289], "steve-blackburn_2012_2135580155": [67.65360260009766, 417.56707763671875], "steve-blackburn_2012_2012181719": [56.72544860839844, 75.31492614746094], "steve-blackburn_2002_2054687093": [137.2084503173828, -33.405391693115234], "steve-blackburn_2004_2112832394": [110.1365737915039, -66.27548217773438], "steve-blackburn_2003_1516140789": [123.23136138916016, -20.32411766052246], "steve-blackburn_2003_2145329032": [194.336669921875, -84.76042938232422], "steve-blackburn_2016_2289231618": [13.479969024658203, 89.77703857421875], "steve-blackburn_2012_2183694263": [-20.718856811523438, -93.46924591064453], "steve-blackburn_1999_2119562887": [-80.40780639648438, 129.41629028320312], "steve-blackburn_2014_2012116223": [15.129064559936523, 74.24583435058594], "steve-blackburn_2004_2152814480": [130.78485107421875, -76.13906860351562], "steve-blackburn_2014_2140709543": [92.58649444580078, -54.53122329711914], "steve-blackburn_1999_2468851175": [-142.7043914794922, 88.09149169921875], "steve-blackburn_2015_2163331932": [101.58770751953125, -133.58197021484375], "steve-blackburn_2012_2143775910": [-144.6205291748047, -1198.7093505859375], "steve-blackburn_2011_2104057788": [-98.78564453125, 4.63553524017334], "steve-blackburn_2008_2050801173": [107.7636947631836, -42.198692321777344], "steve-blackburn_2012_2053914793": [61.243648529052734, -33.54182434082031], "steve-blackburn_2000_424535267": [224.5542449951172, -148.50201416015625], "steve-blackburn_1997_2100330214": [-124.1899642944336, 125.31016540527344], "steve-blackburn_2000_1986917522": [212.4136199951172, -145.8788299560547], "steve-blackburn_2015_1973718751": [109.71829986572266, -122.91690063476562], "steve-blackburn_1999_2412265699": [-104.69188690185547, 176.99366760253906], "steve-blackburn_2009_2168874123": [-6.7278265953063965, -44.445533752441406], "steve-blackburn_2005_1545451070": [72.0368881225586, -51.29191970825195], "steve-blackburn_2009_2107917004": [-48.20621109008789, -68.67017364501953], "steve-blackburn_2001_2060525997": [175.98495483398438, -71.16265869140625], "steve-blackburn_2000_2140511537": [-183.73374938964844, 119.7703628540039], "steve-blackburn_2010_2243794352": [25.591217041015625, 103.30352783203125], "steve-blackburn_2002_2128284389": [183.22232055664062, -104.32035827636719], "steve-blackburn_2002_2127154544": [138.3696746826172, -15.922548294067383], "steve-blackburn_2012_2149611663": [56.00421142578125, 87.9740219116211], "steve-blackburn_2007_2028063048": [-140.77194213867188, 139.69947814941406], "steve-blackburn_2004_2147299991": [190.97357177734375, -130.85816955566406], "steve-blackburn_2016_2419340123": [138.44044494628906, -95.19334411621094], "steve-blackburn_2007_2078973953": [159.36148071289062, -78.85850524902344], "steve-blackburn_2011_2109653359": [168.9519805908203, -36.842159271240234], "steve-blackburn_2000_1533645983": [-147.69435119628906, 128.6278076171875], "steve-blackburn_2015_2132594816": [156.9581298828125, -129.08297729492188], "steve-blackburn_2007_2014789541": [149.1327362060547, -52.65630340576172], "steve-blackburn_2003_2162435060": [121.05528259277344, -34.18077850341797], "steve-blackburn_2016_2410359103": [-82.1580810546875, -25.823589324951172], "steve-blackburn_2014_2124894275": [-19.693193435668945, -79.15325164794922], "steve-blackburn_2012_2095995766": [5.767930030822754, 58.479347229003906], "steve-blackburn_2004_average": [-62.103782653808594, 30.318878173828125], "steve-blackburn_1999_average": [-97.44288635253906, 92.11483764648438], "steve-blackburn_2011_average": [-63.956241607666016, 59.24819564819336], "steve-blackburn_2006_average": [-28.301015853881836, -39.36686325073242], "steve-blackburn_2000_average": [-82.78712463378906, 81.08585357666016], "steve-blackburn_2015_average": [-65.4186782836914, 12.378538131713867], "steve-blackburn_2005_average": [-43.121559143066406, 23.570775985717773], "steve-blackburn_1998_average": [-114.30413818359375, 93.70684051513672], "steve-blackburn_2016_average": [-74.89360809326172, 47.182823181152344], "steve-blackburn_1996_average": [-103.77088165283203, 47.345680236816406], "steve-blackburn_2001_average": [-28.459999084472656, 13.698151588439941], "steve-blackburn_2018_average": [-96.47299194335938, 71.77362823486328], "steve-blackburn_2010_average": [-37.10755157470703, -55.230499267578125], "steve-blackburn_2012_average": [-81.50422668457031, 64.24758911132812], "steve-blackburn_2013_average": [-61.50510787963867, -31.033727645874023], "steve-blackburn_1997_average": [-122.33955383300781, 107.4538345336914], "steve-blackburn_2002_average": [-43.94138717651367, -34.694156646728516], "steve-blackburn_2003_average": [-41.3301887512207, -20.90019416809082], "steve-blackburn_2014_average": [-54.12482452392578, 44.720951080322266], "steve-blackburn_2008_average": [-37.19206619262695, -4.345193386077881], "steve-blackburn_2009_average": [-62.36902618408203, -6.604219436645508], "steve-blackburn_2007_average": [-48.90022659301758, 7.978666305541992]}