{"steve-blackburn_2004_2097077279": [-5.2728729248046875, -1.710351824760437], "steve-blackburn_1999_2366416424": [-5.613164901733398, -3.4228549003601074], "steve-blackburn_2011_1202777765": [-4.884988784790039, -3.023714780807495], "steve-blackburn_2006_2166091242": [-5.324221611022949, -2.3301727771759033], "steve-blackburn_2000_1508668963": [-5.604467868804932, -3.5505831241607666], "steve-blackburn_2015_2295444268": [-5.083334922790527, -1.9900832176208496], "steve-blackburn_2011_2160174747": [-5.103893280029297, -2.140892267227173], "steve-blackburn_2005_2146766856": [-5.6230621337890625, -2.2982194423675537], "steve-blackburn_1998_179129987": [-6.212336540222168, -3.799058198928833], "steve-blackburn_1998_129976019": [-5.625988483428955, -3.5721359252929688], "steve-blackburn_2016_2510821171": [-5.479336261749268, -2.45186710357666], "steve-blackburn_1996_158308085": [-4.908821105957031, -3.6646060943603516], "steve-blackburn_2001_2116399507": [-5.810908317565918, -2.8923752307891846], "steve-blackburn_2010_2132286480": [-5.3038458824157715, -1.8609789609909058], "steve-blackburn_2012_2042059673": [-5.258349895477295, -1.6736128330230713], "steve-blackburn_2013_2156929189": [-5.655847549438477, -2.231680154800415], "steve-blackburn_2004_2166034429": [-5.3748650550842285, -2.0030925273895264], "steve-blackburn_2011_2167464511": [-4.84520149230957, -3.101652145385742], "steve-blackburn_2006_2165497190": [-5.390557765960693, -2.1032121181488037], "steve-blackburn_1997_2158772721": [-5.5115461349487305, -3.859530210494995], "steve-blackburn_2013_2146894037": [-4.900262832641602, -2.5083529949188232], "steve-blackburn_2005_2111755365": [-5.6477203369140625, -2.39974045753479], "steve-blackburn_2012_2132915618": [-5.072030544281006, -2.229570150375366], "steve-blackburn_2016_2465422497": [-5.660401821136475, -2.758533000946045], "steve-blackburn_2012_2135580155": [-5.803217887878418, -2.4809231758117676], "steve-blackburn_2012_2012181719": [-4.734017372131348, -3.3435416221618652], "steve-blackburn_2002_2054687093": [-5.45112419128418, -1.9583406448364258], "steve-blackburn_2004_2112832394": [-5.3935322761535645, -2.176220178604126], "steve-blackburn_2003_1516140789": [-5.454220294952393, -1.9670339822769165], "steve-blackburn_2003_2145329032": [-5.351489067077637, -1.7845872640609741], "steve-blackburn_2016_2289231618": [-4.768621444702148, -2.7820475101470947], "steve-blackburn_2012_2183694263": [-5.853940963745117, -2.7524242401123047], "steve-blackburn_1999_2119562887": [-5.610640048980713, -3.4225516319274902], "steve-blackburn_2014_2012116223": [-4.972043991088867, -2.8798296451568604], "steve-blackburn_2004_2152814480": [-5.373001575469971, -2.029588460922241], "steve-blackburn_2014_2140709543": [-5.425629138946533, -2.2934422492980957], "steve-blackburn_1999_2468851175": [-5.627904415130615, -3.570096731185913], "steve-blackburn_2015_2163331932": [-5.068767547607422, -2.0560142993927], "steve-blackburn_2012_2143775910": [-5.706623554229736, -2.5982272624969482], "steve-blackburn_2011_2104057788": [-5.027171611785889, -2.677170991897583], "steve-blackburn_2008_2050801173": [-5.4683918952941895, -2.214829921722412], "steve-blackburn_2012_2053914793": [-5.700302600860596, -2.48991322517395], "steve-blackburn_2000_424535267": [-5.177590847015381, -1.2705410718917847], "steve-blackburn_1997_2100330214": [-5.694672107696533, -3.5621657371520996], "steve-blackburn_2000_1986917522": [-5.177261829376221, -1.2722511291503906], "steve-blackburn_2015_1973718751": [-5.060285568237305, -2.0914270877838135], "steve-blackburn_1999_2412265699": [-6.208267688751221, -3.804802179336548], "steve-blackburn_2009_2168874123": [-5.199134349822998, -2.6322181224823], "steve-blackburn_2005_1545451070": [-5.656473159790039, -2.264749765396118], "steve-blackburn_2009_2107917004": [-5.377532482147217, -2.536163330078125], "steve-blackburn_2001_2060525997": [-5.3799214363098145, -1.8729380369186401], "steve-blackburn_2000_2140511537": [-5.885484218597412, -3.2373673915863037], "steve-blackburn_2010_2243794352": [-4.7214813232421875, -2.7366719245910645], "steve-blackburn_2002_2128284389": [-5.288886547088623, -1.7750910520553589], "steve-blackburn_2002_2127154544": [-5.422873497009277, -1.975379467010498], "steve-blackburn_2012_2149611663": [-4.68310022354126, -3.367534875869751], "steve-blackburn_2007_2028063048": [-5.790369987487793, -3.540801525115967], "steve-blackburn_2004_2147299991": [-5.2284464836120605, -1.6747760772705078], "steve-blackburn_2016_2419340123": [-5.38689661026001, -2.0527710914611816], "steve-blackburn_2007_2078973953": [-5.318221092224121, -1.9552736282348633], "steve-blackburn_2011_2109653359": [-5.514266014099121, -2.15966796875], "steve-blackburn_2000_1533645983": [-5.687304496765137, -3.4931066036224365], "steve-blackburn_2015_2132594816": [-5.114411354064941, -1.8471856117248535], "steve-blackburn_2007_2014789541": [-5.342035293579102, -1.9757182598114014], "steve-blackburn_2003_2162435060": [-5.45901346206665, -2.048454761505127], "steve-blackburn_2016_2410359103": [-5.267221450805664, -2.816810131072998], "steve-blackburn_2014_2124894275": [-5.509305477142334, -2.681853771209717], "steve-blackburn_2012_2095995766": [-5.0832624435424805, -2.869654417037964], "steve-blackburn_2004_average": [-5.43969202041626, -3.0403552055358887], "steve-blackburn_1999_average": [-5.476975440979004, -3.2498726844787598], "steve-blackburn_2011_average": [-5.3826003074646, -3.112102508544922], "steve-blackburn_2006_average": [-5.434696674346924, -2.7592756748199463], "steve-blackburn_2000_average": [-5.454773902893066, -3.188734531402588], "steve-blackburn_2015_average": [-5.417446136474609, -2.9592130184173584], "steve-blackburn_2005_average": [-5.461207389831543, -2.9622693061828613], "steve-blackburn_1998_average": [-5.50884485244751, -3.29801869392395], "steve-blackburn_2016_average": [-5.424387454986572, -3.104214668273926], "steve-blackburn_1996_average": [-4.912088871002197, -3.658496856689453], "steve-blackburn_2001_average": [-5.471174716949463, -2.9788286685943604], "steve-blackburn_2018_average": [-5.434116840362549, -3.2193713188171387], "steve-blackburn_2010_average": [-5.361566066741943, -2.681849479675293], "steve-blackburn_2012_average": [-5.422857284545898, -3.1662042140960693], "steve-blackburn_2013_average": [-5.351855754852295, -2.8401315212249756], "steve-blackburn_1997_average": [-5.521237373352051, -3.343938112258911], "steve-blackburn_2002_average": [-5.447536945343018, -2.822192907333374], "steve-blackburn_2003_average": [-5.454494953155518, -2.8514344692230225], "steve-blackburn_2014_average": [-5.389601230621338, -3.0461478233337402], "steve-blackburn_2008_average": [-5.461448669433594, -2.9263241291046143], "steve-blackburn_2009_average": [-5.4154839515686035, -2.9221580028533936], "steve-blackburn_2007_average": [-5.467647552490234, -2.972280740737915]}