{"steve-blackburn_2004_2097077279": [57.07486343383789, 251.25558471679688], "steve-blackburn_1999_2366416424": [170.8988037109375, -186.8953094482422], "steve-blackburn_2011_1202777765": [-105.93753051757812, -208.96588134765625], "steve-blackburn_2006_2166091242": [25.301227569580078, 285.9444885253906], "steve-blackburn_2000_1508668963": [254.43655395507812, -150.90264892578125], "steve-blackburn_2015_2295444268": [-178.72915649414062, -61.16834259033203], "steve-blackburn_2011_2160174747": [-78.97954559326172, 16.191078186035156], "steve-blackburn_2005_2146766856": [-260.0372314453125, -137.4619903564453], "steve-blackburn_1998_179129987": [206.40830993652344, -92.19183349609375], "steve-blackburn_1998_129976019": [209.48941040039062, -5.204790115356445], "steve-blackburn_2016_2510821171": [-18.43893051147461, 78.24092102050781], "steve-blackburn_1996_158308085": [143.41815185546875, -104.739501953125], "steve-blackburn_2001_2116399507": [-268.72979736328125, -37.617435455322266], "steve-blackburn_2010_2132286480": [109.7755355834961, 199.8477325439453], "steve-blackburn_2012_2042059673": [5.904247283935547, 229.92596435546875], "steve-blackburn_2013_2156929189": [40.1218147277832, 43.943138122558594], "steve-blackburn_2004_2166034429": [-182.126708984375, 84.72093200683594], "steve-blackburn_2011_2167464511": [-57.22166061401367, -241.31927490234375], "steve-blackburn_2006_2165497190": [81.63569641113281, 307.4805603027344], "steve-blackburn_1997_2158772721": [264.8749084472656, -76.04821014404297], "steve-blackburn_2013_2146894037": [-67.1307144165039, -101.74006652832031], "steve-blackburn_2005_2111755365": [-242.81668090820312, -142.64474487304688], "steve-blackburn_2012_2132915618": [-134.97352600097656, 147.52560424804688], "steve-blackburn_2016_2465422497": [-133.04957580566406, -1.142331600189209], "steve-blackburn_2012_2135580155": [15.035770416259766, -142.15065002441406], "steve-blackburn_2012_2012181719": [-35.289615631103516, -267.0244445800781], "steve-blackburn_2002_2054687093": [11.632623672485352, 86.64379119873047], "steve-blackburn_2004_2112832394": [78.06168365478516, 333.8622131347656], "steve-blackburn_2003_1516140789": [48.50883865356445, 109.352294921875], "steve-blackburn_2003_2145329032": [-196.79920959472656, 69.93524169921875], "steve-blackburn_2016_2289231618": [-82.610595703125, -113.61974334716797], "steve-blackburn_2012_2183694263": [-169.88414001464844, -112.47376251220703], "steve-blackburn_1999_2119562887": [188.07733154296875, -194.73602294921875], "steve-blackburn_2014_2012116223": [-50.37697982788086, -64.87718963623047], "steve-blackburn_2004_2152814480": [96.68533325195312, 344.6787414550781], "steve-blackburn_2014_2140709543": [22.900938034057617, 119.50603485107422], "steve-blackburn_1999_2468851175": [197.88668823242188, -18.655208587646484], "steve-blackburn_2015_2163331932": [-269.7586975097656, 103.60005187988281], "steve-blackburn_2012_2143775910": [12.191373825073242, -159.6919403076172], "steve-blackburn_2011_2104057788": [-124.20262145996094, -154.84698486328125], "steve-blackburn_2008_2050801173": [84.22533416748047, 102.9936752319336], "steve-blackburn_2012_2053914793": [-227.48431396484375, 12.14250373840332], "steve-blackburn_2000_424535267": [-201.5920867919922, -77.0593032836914], "steve-blackburn_1997_2100330214": [249.06304931640625, -37.64336013793945], "steve-blackburn_2000_1986917522": [-194.2604217529297, -92.35087585449219], "steve-blackburn_2015_1973718751": [-173.12783813476562, 185.1545867919922], "steve-blackburn_1999_2412265699": [211.60342407226562, -111.27674102783203], "steve-blackburn_2009_2168874123": [-116.68560028076172, 211.9375762939453], "steve-blackburn_2005_1545451070": [63.37644958496094, 38.682212829589844], "steve-blackburn_2009_2107917004": [-45.71837615966797, 241.2305908203125], "steve-blackburn_2001_2060525997": [21.281312942504883, 200.7560272216797], "steve-blackburn_2000_2140511537": [281.59552001953125, -126.08003234863281], "steve-blackburn_2010_2243794352": [-70.7464828491211, -186.22206115722656], "steve-blackburn_2002_2128284389": [131.94125366210938, 316.47821044921875], "steve-blackburn_2002_2127154544": [79.73369598388672, 166.71963500976562], "steve-blackburn_2012_2149611663": [-54.3673095703125, -261.8372802734375], "steve-blackburn_2007_2028063048": [1726.42138671875, -119.52601623535156], "steve-blackburn_2004_2147299991": [170.27133178710938, -321.26495361328125], "steve-blackburn_2016_2419340123": [-261.5667419433594, 248.71861267089844], "steve-blackburn_2007_2078973953": [114.6509780883789, 305.7225646972656], "steve-blackburn_2011_2109653359": [-236.924072265625, -105.23937225341797], "steve-blackburn_2000_1533645983": [-1324.1800537109375, -85.68646240234375], "steve-blackburn_2015_2132594816": [59.05110168457031, -487.78094482421875], "steve-blackburn_2007_2014789541": [-220.56167602539062, 73.44654846191406], "steve-blackburn_2003_2162435060": [68.96210479736328, 123.62002563476562], "steve-blackburn_2016_2410359103": [-116.58809661865234, 41.932987213134766], "steve-blackburn_2014_2124894275": [-107.2231216430664, 159.6042022705078], "steve-blackburn_2012_2095995766": [-139.06185913085938, -186.90660095214844], "steve-blackburn_2004_average": [25.366146087646484, 230.95205688476562], "steve-blackburn_1999_average": [189.5706024169922, -168.93788146972656], "steve-blackburn_2011_average": [-109.71654510498047, -177.6329345703125], "steve-blackburn_2006_average": [49.68700408935547, 275.5752258300781], "steve-blackburn_2000_average": [252.2046356201172, -124.24754333496094], "steve-blackburn_2015_average": [-159.1763458251953, 160.7460174560547], "steve-blackburn_2005_average": [-210.83441162109375, 35.73950958251953], "steve-blackburn_1998_average": [230.5115203857422, -93.31488037109375], "steve-blackburn_2016_average": [-110.52294158935547, 16.388671875], "steve-blackburn_1996_average": [147.40040588378906, -87.04298400878906], "steve-blackburn_2001_average": [-247.9600372314453, -55.91139602661133], "steve-blackburn_2018_average": [184.4905242919922, -105.50637817382812], "steve-blackburn_2010_average": [-183.86273193359375, 114.51079559326172], "steve-blackburn_2012_average": [-92.54055786132812, -168.60800170898438], "steve-blackburn_2013_average": [-54.97952651977539, -9.991633415222168], "steve-blackburn_1997_average": [243.92367553710938, -61.41203689575195], "steve-blackburn_2002_average": [84.32146453857422, 186.88876342773438], "steve-blackburn_2003_average": [31.807327270507812, 94.5715103149414], "steve-blackburn_2014_average": [-47.97848892211914, -30.710771560668945], "steve-blackburn_2008_average": [-232.32106018066406, -81.7159194946289], "steve-blackburn_2009_average": [-58.74286651611328, 223.0510711669922], "steve-blackburn_2007_average": [-157.14068603515625, 86.85377502441406]}