{"steve-blackburn_2004_2097077279": [8.626871109008789, 6.489068031311035], "steve-blackburn_1999_2366416424": [-1.7722994089126587, -10.578152656555176], "steve-blackburn_2011_1202777765": [0.7415738701820374, -4.893100738525391], "steve-blackburn_2006_2166091242": [9.971647262573242, 5.714435577392578], "steve-blackburn_2000_1508668963": [-3.0125296115875244, -8.564037322998047], "steve-blackburn_2015_2295444268": [3.568805456161499, -2.2830235958099365], "steve-blackburn_2011_2160174747": [5.44265604019165, 0.03229524940252304], "steve-blackburn_2005_2146766856": [1.8018946647644043, -1.9342893362045288], "steve-blackburn_1998_179129987": [-0.8417778611183167, -8.7540922164917], "steve-blackburn_1998_129976019": [-2.2722980976104736, -9.56196403503418], "steve-blackburn_2016_2510821171": [6.7011637687683105, 2.554009199142456], "steve-blackburn_1996_158308085": [-1.0529286861419678, -7.731532573699951], "steve-blackburn_2001_2116399507": [0.9167201519012451, -0.3186785578727722], "steve-blackburn_2010_2132286480": [7.4462361335754395, 6.593832969665527], "steve-blackburn_2012_2042059673": [7.413729667663574, 5.426605701446533], "steve-blackburn_2013_2156929189": [8.780998229980469, 2.2363686561584473], "steve-blackburn_2004_2166034429": [4.999446392059326, 1.4353171586990356], "steve-blackburn_2011_2167464511": [1.1766486167907715, -5.910322189331055], "steve-blackburn_2006_2165497190": [9.153703689575195, 7.303800106048584], "steve-blackburn_1997_2158772721": [-1.7790066003799438, -8.823114395141602], "steve-blackburn_2013_2146894037": [-0.512477695941925, -2.4108710289001465], "steve-blackburn_2005_2111755365": [1.714766502380371, -2.2686407566070557], "steve-blackburn_2012_2132915618": [4.237762451171875, -1.015028715133667], "steve-blackburn_2016_2465422497": [5.732466220855713, -1.8844016790390015], "steve-blackburn_2012_2135580155": [3.4320356845855713, -4.110781669616699], "steve-blackburn_2012_2012181719": [1.3857769966125488, -6.404246807098389], "steve-blackburn_2002_2054687093": [7.392409801483154, 3.0536694526672363], "steve-blackburn_2004_2112832394": [9.659384727478027, 7.669572353363037], "steve-blackburn_2003_1516140789": [8.101027488708496, 3.8233134746551514], "steve-blackburn_2003_2145329032": [4.229336738586426, 0.6926228404045105], "steve-blackburn_2016_2289231618": [-0.751144289970398, -2.843869686126709], "steve-blackburn_2012_2183694263": [-1.2687627077102661, -4.780671119689941], "steve-blackburn_1999_2119562887": [-1.7718024253845215, -10.581023216247559], "steve-blackburn_2014_2012116223": [-1.5634633302688599, -1.736451268196106], "steve-blackburn_2004_2152814480": [9.300286293029785, 8.009693145751953], "steve-blackburn_2014_2140709543": [8.332636833190918, 3.067920207977295], "steve-blackburn_1999_2468851175": [-2.2723214626312256, -9.562004089355469], "steve-blackburn_2015_2163331932": [3.696159839630127, -1.457709550857544], "steve-blackburn_2012_2143775910": [3.4061150550842285, -4.07267951965332], "steve-blackburn_2011_2104057788": [0.5202038288116455, -3.3805699348449707], "steve-blackburn_2008_2050801173": [8.54753589630127, 4.117369651794434], "steve-blackburn_2012_2053914793": [1.9151376485824585, 0.08219410479068756], "steve-blackburn_2000_424535267": [2.8781235218048096, -2.637186288833618], "steve-blackburn_1997_2100330214": [-0.6348092555999756, -9.949898719787598], "steve-blackburn_2000_1986917522": [2.8913562297821045, -2.6363470554351807], "steve-blackburn_2015_1973718751": [6.212159156799316, 1.245243787765503], "steve-blackburn_1999_2412265699": [-0.8417792320251465, -8.7540922164917], "steve-blackburn_2009_2168874123": [3.854520559310913, 3.161892890930176], "steve-blackburn_2005_1545451070": [9.194036483764648, 2.290766477584839], "steve-blackburn_2009_2107917004": [5.732397556304932, 5.101316928863525], "steve-blackburn_2001_2060525997": [9.509705543518066, 4.645148754119873], "steve-blackburn_2000_2140511537": [-2.92195463180542, -7.501715660095215], "steve-blackburn_2010_2243794352": [0.04654230549931526, -5.955714225769043], "steve-blackburn_2002_2128284389": [8.488628387451172, 8.248442649841309], "steve-blackburn_2002_2127154544": [8.013182640075684, 5.036231994628906], "steve-blackburn_2012_2149611663": [1.2549121379852295, -6.316511154174805], "steve-blackburn_2007_2028063048": [-0.086790069937706, -11.246846199035645], "steve-blackburn_2004_2147299991": [7.958977222442627, 6.95914888381958], "steve-blackburn_2016_2419340123": [3.9021248817443848, 0.7601330280303955], "steve-blackburn_2007_2078973953": [8.595458030700684, 7.866070747375488], "steve-blackburn_2011_2109653359": [2.343259334564209, -2.4548940658569336], "steve-blackburn_2000_1533645983": [-0.20245622098445892, -11.155404090881348], "steve-blackburn_2015_2132594816": [4.608405590057373, 0.07298057526350021], "steve-blackburn_2007_2014789541": [3.5998480319976807, -0.38647565245628357], "steve-blackburn_2003_2162435060": [8.180981636047363, 4.356602668762207], "steve-blackburn_2016_2410359103": [5.049778938293457, -3.012216567993164], "steve-blackburn_2014_2124894275": [3.0845072269439697, 1.6867318153381348], "steve-blackburn_2012_2095995766": [-0.07773235440254211, -3.5010180473327637], "steve-blackburn_2004_average": [8.456890106201172, 5.3866071701049805], "steve-blackburn_1999_average": [-1.5165348052978516, -9.829654693603516], "steve-blackburn_2011_average": [1.0451221466064453, -3.7929975986480713], "steve-blackburn_2006_average": [9.224763870239258, 6.223552703857422], "steve-blackburn_2000_average": [-1.8549861907958984, -8.068166732788086], "steve-blackburn_2015_average": [4.499516010284424, -0.10410711169242859], "steve-blackburn_2005_average": [2.771507740020752, -0.237543523311615], "steve-blackburn_1998_average": [-1.394000768661499, -8.7997407913208], "steve-blackburn_2016_average": [4.960341453552246, -0.79617840051651], "steve-blackburn_1996_average": [-1.0578806400299072, -7.739084243774414], "steve-blackburn_2001_average": [2.097292184829712, -1.0610648393630981], "steve-blackburn_2018_average": [-0.6862584352493286, -8.24373722076416], "steve-blackburn_2010_average": [5.3989434242248535, 1.3534982204437256], "steve-blackburn_2012_average": [1.9581047296524048, -3.329584836959839], "steve-blackburn_2013_average": [7.306128025054932, 0.7319516539573669], "steve-blackburn_1997_average": [-1.234226107597351, -9.434494972229004], "steve-blackburn_2002_average": [8.222404479980469, 5.882106781005859], "steve-blackburn_2003_average": [7.714564800262451, 3.538647413253784], "steve-blackburn_2014_average": [7.0866804122924805, 0.46918785572052], "steve-blackburn_2008_average": [2.4320077896118164, -2.202315330505371], "steve-blackburn_2009_average": [5.322772026062012, 4.313042163848877], "steve-blackburn_2007_average": [5.2467451095581055, 2.0736608505249023]}