{"steve-blackburn_2004_2097077279": [37.77146911621094, -25.701826095581055], "steve-blackburn_1999_2366416424": [-30.9130802154541, 1.6293936967849731], "steve-blackburn_2011_1202777765": [-6.650176525115967, 23.974870681762695], "steve-blackburn_2006_2166091242": [17.322813034057617, -13.45617961883545], "steve-blackburn_2000_1508668963": [-28.4597110748291, 16.024198532104492], "steve-blackburn_2015_2295444268": [27.52519416809082, -36.3867073059082], "steve-blackburn_2011_2160174747": [22.346120834350586, -16.91069984436035], "steve-blackburn_2005_2146766856": [20.827733993530273, -6.034597396850586], "steve-blackburn_1998_179129987": [-46.32802963256836, 14.852812767028809], "steve-blackburn_1998_129976019": [-36.591793060302734, 6.880637168884277], "steve-blackburn_2016_2510821171": [6.457087993621826, -11.271035194396973], "steve-blackburn_1996_158308085": [-20.106412887573242, 25.598047256469727], "steve-blackburn_2001_2116399507": [-14.249515533447266, -6.205422878265381], "steve-blackburn_2010_2132286480": [32.175575256347656, -31.451576232910156], "steve-blackburn_2012_2042059673": [37.59968948364258, -30.14995574951172], "steve-blackburn_2013_2156929189": [11.691778182983398, -22.759498596191406], "steve-blackburn_2004_2166034429": [27.583980560302734, -22.932897567749023], "steve-blackburn_2011_2167464511": [-3.9128901958465576, 29.5156192779541], "steve-blackburn_2006_2165497190": [23.278593063354492, -22.4580135345459], "steve-blackburn_1997_2158772721": [-38.85788345336914, 2.2501299381256104], "steve-blackburn_2013_2146894037": [4.036409378051758, 24.00115394592285], "steve-blackburn_2005_2111755365": [18.546411514282227, -4.799335479736328], "steve-blackburn_2012_2132915618": [33.45976638793945, -7.448398113250732], "steve-blackburn_2016_2465422497": [-4.657262325286865, 12.959736824035645], "steve-blackburn_2012_2135580155": [8.639333724975586, -1.3952556848526], "steve-blackburn_2012_2012181719": [-6.26843786239624, 33.50706481933594], "steve-blackburn_2002_2054687093": [24.988454818725586, -26.559112548828125], "steve-blackburn_2004_2112832394": [19.979318618774414, -20.126373291015625], "steve-blackburn_2003_1516140789": [21.55714225769043, -26.499595642089844], "steve-blackburn_2003_2145329032": [34.53459930419922, -22.851970672607422], "steve-blackburn_2016_2289231618": [0.7801123261451721, 26.263769149780273], "steve-blackburn_2012_2183694263": [5.001746654510498, 10.397461891174316], "steve-blackburn_1999_2119562887": [-31.28136444091797, -1.2069261074066162], "steve-blackburn_2014_2012116223": [-2.227598190307617, 23.949695587158203], "steve-blackburn_2004_2152814480": [26.529577255249023, -19.57956314086914], "steve-blackburn_2014_2140709543": [15.4374418258667, -20.441448211669922], "steve-blackburn_1999_2468851175": [-38.91951370239258, 8.520398139953613], "steve-blackburn_2015_2163331932": [37.314697265625, -11.311810493469238], "steve-blackburn_2012_2143775910": [6.002854347229004, -2.6108665466308594], "steve-blackburn_2011_2104057788": [0.3533412218093872, 20.592308044433594], "steve-blackburn_2008_2050801173": [17.790529251098633, -24.196022033691406], "steve-blackburn_2012_2053914793": [8.710479736328125, -19.9555606842041], "steve-blackburn_2000_424535267": [43.746219635009766, -34.02821731567383], "steve-blackburn_1997_2100330214": [-34.13367462158203, 11.484074592590332], "steve-blackburn_2000_1986917522": [41.147769927978516, -35.73831558227539], "steve-blackburn_2015_1973718751": [36.05540466308594, -14.523066520690918], "steve-blackburn_1999_2412265699": [-45.42827606201172, 17.119171142578125], "steve-blackburn_2009_2168874123": [2.189668655395508, 3.112487554550171], "steve-blackburn_2005_1545451070": [10.447308540344238, -26.1734561920166], "steve-blackburn_2009_2107917004": [0.02324928343296051, -3.0869150161743164], "steve-blackburn_2001_2060525997": [31.731098175048828, -19.99616241455078], "steve-blackburn_2000_2140511537": [-23.005016326904297, -3.0571210384368896], "steve-blackburn_2010_2243794352": [1.386436939239502, 30.117813110351562], "steve-blackburn_2002_2128284389": [34.17742156982422, -27.393211364746094], "steve-blackburn_2002_2127154544": [23.024625778198242, -30.361188888549805], "steve-blackburn_2012_2149611663": [-7.975375652313232, 30.929468154907227], "steve-blackburn_2007_2028063048": [-36.48572540283203, 15.943291664123535], "steve-blackburn_2004_2147299991": [41.030181884765625, -28.21990203857422], "steve-blackburn_2016_2419340123": [28.95113754272461, -15.188653945922852], "steve-blackburn_2007_2078973953": [30.348478317260742, -24.867305755615234], "steve-blackburn_2011_2109653359": [24.92425537109375, -11.467562675476074], "steve-blackburn_2000_1533645983": [-33.01895523071289, 15.829971313476562], "steve-blackburn_2015_2132594816": [39.57929611206055, -20.333698272705078], "steve-blackburn_2007_2014789541": [28.209537506103516, -29.338579177856445], "steve-blackburn_2003_2162435060": [18.810579299926758, -28.416872024536133], "steve-blackburn_2016_2410359103": [-7.205420017242432, -3.258183002471924], "steve-blackburn_2014_2124894275": [2.1888251304626465, 8.14760971069336], "steve-blackburn_2012_2095995766": [-4.529556751251221, 20.17919158935547], "steve-blackburn_2004_average": [-15.817655563354492, 7.281449794769287], "steve-blackburn_1999_average": [-26.21372413635254, 5.941667079925537], "steve-blackburn_2011_average": [-19.502519607543945, 7.279575347900391], "steve-blackburn_2006_average": [-3.2343649864196777, 4.782110691070557], "steve-blackburn_2000_average": [-22.436586380004883, 4.1025495529174805], "steve-blackburn_2015_average": [-13.583619117736816, 3.618107557296753], "steve-blackburn_2005_average": [-12.092967987060547, 6.802854061126709], "steve-blackburn_1998_average": [-27.22557258605957, 10.459522247314453], "steve-blackburn_2016_average": [-17.65375518798828, 11.065664291381836], "steve-blackburn_1996_average": [-21.695289611816406, 27.372156143188477], "steve-blackburn_2001_average": [-15.232684135437012, -0.11484355479478836], "steve-blackburn_2018_average": [-23.003738403320312, 8.723268508911133], "steve-blackburn_2010_average": [-2.24918794631958, 0.6515064239501953], "steve-blackburn_2012_average": [-21.363473892211914, 12.331790924072266], "steve-blackburn_2013_average": [-5.168458938598633, 8.55868911743164], "steve-blackburn_1997_average": [-30.65130615234375, 8.242931365966797], "steve-blackburn_2002_average": [-6.394173622131348, 2.3386476039886475], "steve-blackburn_2003_average": [-8.19758415222168, 5.508564472198486], "steve-blackburn_2014_average": [-17.802297592163086, 3.5441787242889404], "steve-blackburn_2008_average": [-9.554805755615234, 9.542909622192383], "steve-blackburn_2009_average": [-10.363234519958496, 1.401071548461914], "steve-blackburn_2007_average": [-13.289819717407227, 11.010725021362305]}