{"kathryn-mckinley_2004_115321342": [13.381390571594238, -27.551942825317383], "kathryn-mckinley_2009_2129592257": [-1.7172560691833496, 11.846531867980957], "kathryn-mckinley_1994_1963770705": [-21.114418029785156, -5.178890228271484], "kathryn-mckinley_1998_2185102111": [-20.733158111572266, -22.242475509643555], "kathryn-mckinley_1990_2086779607": [-30.058683395385742, 25.06586456298828], "kathryn-mckinley_2004_2097077279": [23.456283569335938, -46.32994842529297], "kathryn-mckinley_1995_2158158791": [-32.686832427978516, 11.666632652282715], "kathryn-mckinley_2006_1935357501": [-1.5627211332321167, 37.024879455566406], "kathryn-mckinley_1991_2031185609": [-27.39354133605957, -13.6485013961792], "kathryn-mckinley_2013_2274904433": [-25.712976455688477, 32.12312698364258], "kathryn-mckinley_2007_2144300381": [30.159841537475586, -40.61565399169922], "kathryn-mckinley_2016_2261536765": [1.0371294021606445, -24.65700340270996], "kathryn-mckinley_2011_1202777765": [-3.4304065704345703, 27.232107162475586], "kathryn-mckinley_2000_2016133391": [-4.835586071014404, 1.5320810079574585], "kathryn-mckinley_2006_2166091242": [16.826183319091797, -26.838172912597656], "kathryn-mckinley_2015_2295444268": [-4.4140448570251465, -2.1402552127838135], "kathryn-mckinley_2003_2109915751": [22.4046688079834, 38.826541900634766], "kathryn-mckinley_2004_2153882047": [18.613460540771484, 40.9886589050293], "kathryn-mckinley_2011_2160174747": [0.32633697986602783, -21.29578971862793], "kathryn-mckinley_2016_2293617243": [-18.56560707092285, 30.252622604370117], "kathryn-mckinley_2010_2072754671": [28.669443130493164, -41.52683639526367], "kathryn-mckinley_2000_2164806720": [-36.19131088256836, 43.75897979736328], "kathryn-mckinley_2005_2142221641": [14.39958667755127, 9.239388465881348], "kathryn-mckinley_2005_2146766856": [-37.5048713684082, -2.0922720432281494], "kathryn-mckinley_2010_2105325699": [-13.821102142333984, 28.85891342163086], "kathryn-mckinley_2007_2000100269": [16.09869384765625, -29.317644119262695], "kathryn-mckinley_2013_2050989461": [-9.609225273132324, 14.504217147827148], "kathryn-mckinley_2004_2079366392": [29.70086669921875, -55.87818145751953], "kathryn-mckinley_2016_2318490588": [16.010400772094727, 40.91902542114258], "kathryn-mckinley_1996_2167013139": [27.285797119140625, 33.79254150390625], "kathryn-mckinley_2015_2073398506": [-23.124494552612305, 19.8550968170166], "kathryn-mckinley_2012_2299567436": [-17.8904972076416, 27.267431259155273], "kathryn-mckinley_2002_2107285171": [21.66215705871582, -58.28773498535156], "kathryn-mckinley_2005_2050074018": [16.875877380371094, 35.84512710571289], "kathryn-mckinley_2013_2088475168": [-7.89947509765625, 10.113080978393555], "kathryn-mckinley_2010_2132286480": [30.169109344482422, -46.478824615478516], "kathryn-mckinley_2002_1494659132": [28.29679298400879, 41.555519104003906], "kathryn-mckinley_1996_114157609": [-34.087581634521484, 28.466079711914062], "kathryn-mckinley_2011_2097056897": [9.249499320983887, 23.126075744628906], "kathryn-mckinley_2011_2093215549": [23.082918167114258, -28.30579376220703], "kathryn-mckinley_2015_2460655203": [-17.156147003173828, 31.364572525024414], "kathryn-mckinley_2007_2077997855": [-21.447111129760742, 20.023447036743164], "kathryn-mckinley_2007_1873513440": [4.605480670928955, -23.761919021606445], "kathryn-mckinley_2006_2016628444": [-1.7014163732528687, 37.80325698852539], "kathryn-mckinley_2011_2048954027": [-20.690282821655273, 21.48740005493164], "kathryn-mckinley_2006_2153027931": [-20.59421157836914, 39.870948791503906], "kathryn-mckinley_2013_2156929189": [9.362990379333496, -47.2438850402832], "kathryn-mckinley_2004_2166034429": [12.55241870880127, -27.924882888793945], "kathryn-mckinley_2001_2146206484": [-5.7333455085754395, 24.296546936035156], "kathryn-mckinley_2008_120124634": [29.064697265625, -44.016380310058594], "kathryn-mckinley_2006_2074945705": [3.46884822845459, -4.151504039764404], "kathryn-mckinley_2011_2167464511": [10.335870742797852, 36.20722198486328], "kathryn-mckinley_1996_130485535": [-17.388208389282227, -2.9579520225524902], "kathryn-mckinley_2007_2124658927": [-15.726761817932129, 12.048084259033203], "kathryn-mckinley_2012_1499699627": [-14.181671142578125, 5.046772480010986], "kathryn-mckinley_2013_2402699044": [27.854000091552734, -34.552528381347656], "kathryn-mckinley_2006_2165497190": [25.687368392944336, -56.529212951660156], "kathryn-mckinley_2013_2146894037": [0.4984250068664551, -18.783498764038086], "kathryn-mckinley_2003_70917478": [-8.638808250427246, 29.95647430419922], "kathryn-mckinley_2001_1998141415": [11.168888092041016, -30.518556594848633], "kathryn-mckinley_2005_2111755365": [-36.9953498840332, -1.4890477657318115], "kathryn-mckinley_2016_2330744268": [-4.35383939743042, 26.539575576782227], "kathryn-mckinley_2006_2105204977": [9.813807487487793, -16.519811630249023], "kathryn-mckinley_2011_2132523160": [-5.62904167175293, -17.43730354309082], "kathryn-mckinley_2002_2116986122": [22.016496658325195, 30.779254913330078], "kathryn-mckinley_2015_2168245916": [-0.0950198546051979, 11.296710968017578], "kathryn-mckinley_1996_2108315152": [-23.465469360351562, -8.886591911315918], "kathryn-mckinley_2012_2012181719": [12.278874397277832, 34.605987548828125], "kathryn-mckinley_2012_6188780": [-16.254026412963867, 11.437640190124512], "kathryn-mckinley_2002_2054687093": [11.785890579223633, -44.83625793457031], "kathryn-mckinley_2012_2138889007": [13.482338905334473, -25.304996490478516], "kathryn-mckinley_1993_2150334562": [-29.720115661621094, -17.352540969848633], "kathryn-mckinley_2004_2112832394": [24.450536727905273, -56.96528244018555], "kathryn-mckinley_2012_2111301724": [28.19439697265625, -30.048423767089844], "kathryn-mckinley_2013_2556571252": [-23.354122161865234, 31.44510269165039], "kathryn-mckinley_2017_2761451340": [20.75374984741211, -46.97931671142578], "kathryn-mckinley_2003_1516140789": [12.731735229492188, -47.5075798034668], "kathryn-mckinley_2007_2144551802": [23.502670288085938, -36.47843551635742], "kathryn-mckinley_2001_1631111853": [22.156099319458008, 29.844581604003906], "kathryn-mckinley_2005_2104809773": [8.505258560180664, -8.652848243713379], "kathryn-mckinley_2003_2145329032": [10.522873878479004, -27.231245040893555], "kathryn-mckinley_2002_2038897371": [10.737296104431152, -32.20927047729492], "kathryn-mckinley_2012_2548574249": [-23.98615074157715, 34.28350830078125], "kathryn-mckinley_2013_1441180820": [-0.9218962788581848, 29.063426971435547], "kathryn-mckinley_2010_2078197548": [31.311115264892578, -58.389366149902344], "kathryn-mckinley_1994_2244841219": [-23.147668838500977, -7.776548385620117], "kathryn-mckinley_2016_2289231618": [17.694988250732422, 26.107995986938477], "kathryn-mckinley_2009_2124159086": [26.08429718017578, -28.05216407775879], "kathryn-mckinley_2000_2128274900": [5.151462554931641, 3.7829787731170654], "kathryn-mckinley_2004_2147345262": [9.16573715209961, 29.485769271850586], "kathryn-mckinley_2011_2101723202": [-22.105802536010742, 14.580070495605469], "kathryn-mckinley_2008_1572287896": [1.9625529050827026, 22.0665283203125], "kathryn-mckinley_1995_1568057659": [-35.413578033447266, 11.94146728515625], "kathryn-mckinley_1994_1560132800": [-31.04897689819336, 27.485376358032227], "kathryn-mckinley_2008_1530752073": [15.517953872680664, 35.66268539428711], "kathryn-mckinley_2007_1542326246": [-4.859977722167969, -30.550825119018555], "kathryn-mckinley_1999_2006111471": [-28.674699783325195, 36.32976150512695], "kathryn-mckinley_2014_2012116223": [25.360502243041992, 36.509422302246094], "kathryn-mckinley_2015_1901897140": [26.019535064697266, -29.042133331298828], "kathryn-mckinley_2004_2152814480": [23.437898635864258, -57.76593017578125], "kathryn-mckinley_2008_2184248137": [19.28129768371582, 42.40537643432617], "kathryn-mckinley_2006_155274003": [14.83192253112793, -30.31435775756836],