{"steve-blackburn_2004_2097077279": [-6.40260648727417, 0.04251406341791153], "steve-blackburn_1999_2366416424": [1.5434613227844238, -0.3645718991756439], "steve-blackburn_2011_1202777765": [-0.18766307830810547, 0.7617492079734802], "steve-blackburn_2006_2166091242": [-5.48260498046875, 0.59068363904953], "steve-blackburn_2000_1508668963": [1.117136001586914, -1.6508498191833496], "steve-blackburn_2015_2295444268": [-1.720737099647522, -0.3528830111026764], "steve-blackburn_2011_2160174747": [-3.0280139446258545, 0.14689244329929352], "steve-blackburn_2005_2146766856": [-1.3659582138061523, -0.8677894473075867], "steve-blackburn_1998_179129987": [0.7340227961540222, -0.7038012742996216], "steve-blackburn_1998_129976019": [1.3609602451324463, -1.0663005113601685], "steve-blackburn_2016_2510821171": [-4.247847080230713, -1.130886197090149], "steve-blackburn_1996_158308085": [0.6518771052360535, -0.3324844241142273], "steve-blackburn_2001_2116399507": [-1.5974712371826172, -2.2311766147613525], "steve-blackburn_2010_2132286480": [-6.489659309387207, 0.2535116970539093], "steve-blackburn_2012_2042059673": [-5.499251842498779, 0.21183033287525177], "steve-blackburn_2013_2156929189": [-4.96766996383667, -1.440398931503296], "steve-blackburn_2004_2166034429": [-3.671889305114746, -0.36030903458595276], "steve-blackburn_2011_2167464511": [0.1002068817615509, 1.1527429819107056], "steve-blackburn_2006_2165497190": [-6.867523193359375, -0.40232592821121216], "steve-blackburn_1997_2158772721": [1.0268876552581787, -0.4984329342842102], "steve-blackburn_2013_2146894037": [-2.158454418182373, 1.448961615562439], "steve-blackburn_2005_2111755365": [-0.769375205039978, -0.7465914487838745], "steve-blackburn_2012_2132915618": [-2.403047561645508, -0.05534595251083374], "steve-blackburn_2016_2465422497": [-1.8850139379501343, 0.2217751443386078], "steve-blackburn_2012_2135580155": [-1.134609580039978, -1.3738059997558594], "steve-blackburn_2012_2012181719": [0.43290191888809204, 1.2631853818893433], "steve-blackburn_2002_2054687093": [-4.545734405517578, -0.5270001292228699], "steve-blackburn_2004_2112832394": [-7.005069732666016, -0.6430627107620239], "steve-blackburn_2003_1516140789": [-5.326900005340576, -0.6907240748405457], "steve-blackburn_2003_2145329032": [-3.0573859214782715, -0.5039730668067932], "steve-blackburn_2016_2289231618": [-1.2498688697814941, 1.7147060632705688], "steve-blackburn_2012_2183694263": [-0.3833833336830139, -1.0690633058547974], "steve-blackburn_1999_2119562887": [1.5439600944519043, -0.3618634045124054], "steve-blackburn_2014_2012116223": [-2.2708139419555664, 2.3683793544769287], "steve-blackburn_2004_2152814480": [-7.094364643096924, -0.4328952431678772], "steve-blackburn_2014_2140709543": [-5.01990270614624, -0.8001794815063477], "steve-blackburn_1999_2468851175": [1.3673964738845825, -1.0644358396530151], "steve-blackburn_2015_2163331932": [-1.9424442052841187, -0.4243221580982208], "steve-blackburn_2012_2143775910": [-1.1780626773834229, -1.3528205156326294], "steve-blackburn_2011_2104057788": [-1.5200800895690918, 1.0237842798233032], "steve-blackburn_2008_2050801173": [-5.51660680770874, -0.6308881640434265], "steve-blackburn_2012_2053914793": [-2.5508077144622803, -1.5243401527404785], "steve-blackburn_2000_424535267": [-1.1453301906585693, -0.48771220445632935], "steve-blackburn_1997_2100330214": [1.4591835737228394, -1.1321423053741455], "steve-blackburn_2000_1986917522": [-1.1493159532546997, -0.48861023783683777], "steve-blackburn_2015_1973718751": [-4.292305946350098, 0.6979323029518127], "steve-blackburn_1999_2412265699": [0.7368688583374023, -0.7042718529701233], "steve-blackburn_2009_2168874123": [-3.1736526489257812, 1.0608913898468018], "steve-blackburn_2005_1545451070": [-5.168893814086914, -1.5811536312103271], "steve-blackburn_2009_2107917004": [-5.910188674926758, 0.9999411702156067], "steve-blackburn_2001_2060525997": [-5.237950325012207, 0.1782047152519226], "steve-blackburn_2000_2140511537": [0.651066243648529, -1.8899903297424316], "steve-blackburn_2010_2243794352": [-0.09286704659461975, 0.013100548647344112], "steve-blackburn_2002_2128284389": [-7.29445219039917, -0.11095317453145981], "steve-blackburn_2002_2127154544": [-5.957659721374512, -0.6504734754562378], "steve-blackburn_2012_2149611663": [0.45595118403434753, 1.0310825109481812], "steve-blackburn_2007_2028063048": [2.159529447555542, -1.5761703252792358], "steve-blackburn_2004_2147299991": [-6.640829086303711, 0.2738647162914276], "steve-blackburn_2016_2419340123": [-2.934854507446289, -0.46834537386894226], "steve-blackburn_2007_2078973953": [-7.157922744750977, -0.08860348910093307], "steve-blackburn_2011_2109653359": [-1.2936033010482788, -0.724111795425415], "steve-blackburn_2000_1533645983": [2.032519578933716, -1.5886127948760986], "steve-blackburn_2015_2132594816": [-2.8766353130340576, -0.017237208783626556], "steve-blackburn_2007_2014789541": [-2.453193187713623, -0.5018526911735535], "steve-blackburn_2003_2162435060": [-5.685135364532471, -0.7018239498138428], "steve-blackburn_2016_2410359103": [-1.7794249057769775, 0.6160683035850525], "steve-blackburn_2014_2124894275": [-3.5060558319091797, 1.2986348867416382], "steve-blackburn_2012_2095995766": [-1.2824784517288208, 1.38079833984375], "steve-blackburn_2004_average": [-5.644686222076416, -0.07269378006458282], "steve-blackburn_1999_average": [1.2654266357421875, -0.5953348278999329], "steve-blackburn_2011_average": [-1.0525203943252563, 0.4618074595928192], "steve-blackburn_2006_average": [-6.238089561462402, -0.01717396266758442], "steve-blackburn_2000_average": [0.42970892786979675, -0.9866606593132019], "steve-blackburn_2015_average": [-2.7565104961395264, -0.004460016265511513], "steve-blackburn_2005_average": [-2.479158401489258, -0.8411193490028381], "steve-blackburn_1998_average": [0.835446298122406, -0.8134298920631409], "steve-blackburn_2016_average": [-2.450676918029785, 0.13982684910297394], "steve-blackburn_1996_average": [0.6509914398193359, -0.3272702097892761], "steve-blackburn_2001_average": [-1.8476256132125854, -0.9909486174583435], "steve-blackburn_2018_average": [0.5415338277816772, -0.5831686854362488], "steve-blackburn_2010_average": [-3.7813844680786133, -0.032086655497550964], "steve-blackburn_2012_average": [-1.1602189540863037, -0.1043379008769989], "steve-blackburn_2013_average": [-3.878401756286621, 0.05437084287405014], "steve-blackburn_1997_average": [1.0906471014022827, -0.9443371891975403], "steve-blackburn_2002_average": [-6.204421043395996, -0.3487814664840698], "steve-blackburn_2003_average": [-4.92699670791626, -0.5059146881103516], "steve-blackburn_2014_average": [-3.9172024726867676, 0.6953801512718201], "steve-blackburn_2008_average": [-1.1887763738632202, -0.6105789542198181], "steve-blackburn_2009_average": [-4.719358444213867, 0.7699776887893677], "steve-blackburn_2007_average": [-3.911926507949829, -0.37721219658851624]}