{"kathryn-mckinley_2004_115321342": [-0.48361825942993164, -3.0071756839752197], "kathryn-mckinley_2009_2129592257": [0.6291287541389465, -0.4341347813606262], "kathryn-mckinley_1994_1963770705": [1.3981990814208984, -1.947452425956726], "kathryn-mckinley_1998_2185102111": [0.8879480957984924, -4.05435848236084], "kathryn-mckinley_1990_2086779607": [3.273071527481079, -0.5031077861785889], "kathryn-mckinley_2004_2097077279": [-1.8084981441497803, -5.045120716094971], "kathryn-mckinley_1995_2158158791": [2.336580514907837, -0.3921196162700653], "kathryn-mckinley_2006_1935357501": [0.8517212271690369, 0.8405053019523621], "kathryn-mckinley_1991_2031185609": [-2.4031589031219482, -1.8516186475753784], "kathryn-mckinley_2013_2274904433": [2.602959394454956, 0.5242028832435608], "kathryn-mckinley_2007_2144300381": [-2.2839388847351074, -4.526986598968506], "kathryn-mckinley_2016_2261536765": [-1.1907241344451904, -2.0236194133758545], "kathryn-mckinley_2011_1202777765": [0.9915014505386353, 0.951528012752533], "kathryn-mckinley_2000_2016133391": [1.6886121034622192, -0.4386081397533417], "kathryn-mckinley_2006_2166091242": [-1.6368110179901123, -4.0752997398376465], "kathryn-mckinley_2015_2295444268": [0.7283243536949158, -1.4830166101455688], "kathryn-mckinley_2003_2109915751": [-1.9027894735336304, 1.6475857496261597], "kathryn-mckinley_2004_2153882047": [-1.3926200866699219, 1.7769564390182495], "kathryn-mckinley_2011_2160174747": [-0.24473954737186432, -2.2578940391540527], "kathryn-mckinley_2016_2293617243": [2.149893045425415, 0.35584792494773865], "kathryn-mckinley_2010_2072754671": [-1.6174273490905762, -4.364435195922852], "kathryn-mckinley_2000_2164806720": [3.283156394958496, 2.678980588912964], "kathryn-mckinley_2005_2142221641": [2.4422035217285156, -1.3740273714065552], "kathryn-mckinley_2005_2146766856": [1.1946219205856323, -1.1967633962631226], "kathryn-mckinley_2010_2105325699": [1.6929625272750854, 0.6762562394142151], "kathryn-mckinley_2007_2000100269": [-0.733458399772644, -3.326528787612915], "kathryn-mckinley_2013_2050989461": [4.056248664855957, 1.2155765295028687], "kathryn-mckinley_2004_2079366392": [-2.0760958194732666, -6.046848773956299], "kathryn-mckinley_2016_2318490588": [-0.8824096918106079, 2.579530715942383], "kathryn-mckinley_1996_2167013139": [-1.4214857816696167, 1.4017596244812012], "kathryn-mckinley_2015_2073398506": [4.356933116912842, -0.0014699888415634632], "kathryn-mckinley_2012_2299567436": [1.7698310613632202, 0.9251469373703003], "kathryn-mckinley_2002_2107285171": [-1.6878530979156494, -5.6856536865234375], "kathryn-mckinley_2005_2050074018": [-0.7651026248931885, 2.139772653579712], "kathryn-mckinley_2013_2088475168": [1.9789316654205322, -1.0044993162155151], "kathryn-mckinley_2010_2132286480": [-1.8341127634048462, -5.143515586853027], "kathryn-mckinley_2002_1494659132": [-2.7666187286376953, 0.27903223037719727], "kathryn-mckinley_1996_114157609": [2.857985258102417, 0.26214051246643066], "kathryn-mckinley_2011_2097056897": [-0.12021378427743912, 1.0326114892959595], "kathryn-mckinley_2011_2093215549": [-0.9966196417808533, -3.566594362258911], "kathryn-mckinley_2015_2460655203": [2.234450101852417, 0.4250515103340149], "kathryn-mckinley_2007_2077997855": [3.9111642837524414, -0.07177294045686722], "kathryn-mckinley_2007_1873513440": [-1.1799222230911255, -2.7840051651000977], "kathryn-mckinley_2006_2016628444": [0.7841978669166565, 0.9273000955581665], "kathryn-mckinley_2011_2048954027": [3.1805427074432373, 0.15086665749549866], "kathryn-mckinley_2006_2153027931": [1.7245218753814697, 1.2075996398925781], "kathryn-mckinley_2013_2156929189": [-0.39003899693489075, -4.680690288543701], "kathryn-mckinley_2004_2166034429": [-0.4811042845249176, -3.0246784687042236], "kathryn-mckinley_2001_2146206484": [1.6146780252456665, 1.0307133197784424], "kathryn-mckinley_2008_120124634": [-1.6415189504623413, -4.60468053817749], "kathryn-mckinley_2006_2074945705": [0.9039145708084106, -0.890123188495636], "kathryn-mckinley_2011_2167464511": [0.6368387341499329, 1.4613009691238403], "kathryn-mckinley_1996_130485535": [1.2318811416625977, -1.8983958959579468], "kathryn-mckinley_2007_2124658927": [3.6576731204986572, -0.7679904699325562], "kathryn-mckinley_2012_1499699627": [-1.9826347827911377, 1.4343681335449219], "kathryn-mckinley_2013_2402699044": [0.4376680850982666, -4.150920391082764], "kathryn-mckinley_2006_2165497190": [-1.7757675647735596, -5.653685569763184], "kathryn-mckinley_2013_2146894037": [-0.8826936483383179, -0.5483136177062988], "kathryn-mckinley_2003_70917478": [1.4041458368301392, 0.3605279326438904], "kathryn-mckinley_2001_1998141415": [-0.40307745337486267, -3.2231862545013428], "kathryn-mckinley_2005_2111755365": [1.6283001899719238, -0.6112390160560608], "kathryn-mckinley_2016_2330744268": [1.1940194368362427, 1.1965819597244263], "kathryn-mckinley_2006_2105204977": [0.27874740958213806, -2.2507615089416504], "kathryn-mckinley_2011_2132523160": [1.147682785987854, -2.419848680496216], "kathryn-mckinley_2002_2116986122": [-0.35351231694221497, 1.864851474761963], "kathryn-mckinley_2015_2168245916": [-1.741915225982666, -1.7601439952850342], "kathryn-mckinley_1996_2108315152": [1.8721901178359985, -2.6809592247009277], "kathryn-mckinley_2012_2012181719": [0.3078244924545288, 1.8700045347213745], "kathryn-mckinley_2012_6188780": [3.7705090045928955, -1.0412110090255737], "kathryn-mckinley_2002_2054687093": [-0.6371850967407227, -3.878749370574951], "kathryn-mckinley_2012_2138889007": [-0.4537520706653595, -2.8753867149353027], "kathryn-mckinley_1993_2150334562": [-3.077605724334717, -1.881134271621704], "kathryn-mckinley_2004_2112832394": [-1.703606367111206, -5.80454683303833], "kathryn-mckinley_2012_2111301724": [-1.3547613620758057, -4.308688163757324], "kathryn-mckinley_2013_2556571252": [2.5540688037872314, 0.4595542550086975], "kathryn-mckinley_2017_2761451340": [-2.633436918258667, -5.1858673095703125], "kathryn-mckinley_2003_1516140789": [-0.9368718266487122, -4.601577281951904], "kathryn-mckinley_2007_2144551802": [-1.4375194311141968, -3.887331008911133], "kathryn-mckinley_2001_1631111853": [0.4164119362831116, 1.8066511154174805], "kathryn-mckinley_2005_2104809773": [-1.5202832221984863, -1.0353487730026245], "kathryn-mckinley_2003_2145329032": [-0.10629148781299591, -2.603452444076538], "kathryn-mckinley_2002_2038897371": [-1.1317058801651, -4.1238884925842285], "kathryn-mckinley_2012_2548574249": [2.5266685485839844, 0.6674781441688538], "kathryn-mckinley_2013_1441180820": [0.3666169345378876, 2.127406358718872], "kathryn-mckinley_2010_2078197548": [-2.1801366806030273, -5.855854511260986], "kathryn-mckinley_1994_2244841219": [2.2042694091796875, -2.0961058139801025], "kathryn-mckinley_2016_2289231618": [-0.6708505749702454, 0.9268373250961304], "kathryn-mckinley_2009_2124159086": [-0.474653959274292, -3.100261926651001], "kathryn-mckinley_2000_2128274900": [1.442923903465271, -1.1794716119766235], "kathryn-mckinley_2004_2147345262": [0.26221397519111633, 1.3025740385055542], "kathryn-mckinley_2011_2101723202": [4.529901027679443, -0.8327438831329346], "kathryn-mckinley_2008_1572287896": [0.05726220831274986, -0.08212725818157196], "kathryn-mckinley_1995_1568057659": [3.423567056655884, -1.268704891204834], "kathryn-mckinley_1994_1560132800": [2.8443639278411865, 0.09861253201961517], "kathryn-mckinley_2008_1530752073": [-0.4629566967487335, 1.904577612876892], "kathryn-mckinley_2007_1542326246": [-1.833207607269287, -3.2342331409454346], "kathryn-mckinley_1999_2006111471": [2.939391851425171, 1.5141154527664185], "kathryn-mckinley_2014_2012116223": [-1.9326882362365723, 1.3881508111953735], "kathryn-mckinley_2015_1901897140": [-0.9590407609939575, -3.632127285003662], "kathryn-mckinley_2004_2152814480": [-1.8297947645187378, -5.802958965301514], "kathryn-mckinley_2008_2184248137": [-1.4052425622940063, 2.079044818878174],