{"steve-blackburn_2004_2097077279": [7.00991153717041, -2.326786994934082], "steve-blackburn_1999_2366416424": [-0.08344712853431702, -0.7930692434310913], "steve-blackburn_2011_1202777765": [1.4794998168945312, 0.05428700149059296], "steve-blackburn_2006_2166091242": [4.746775150299072, -2.141918182373047], "steve-blackburn_2000_1508668963": [-0.18825741112232208, -2.115978956222534], "steve-blackburn_2015_2295444268": [6.548410415649414, -3.101090431213379], "steve-blackburn_2011_2160174747": [5.6058735847473145, -2.4287784099578857], "steve-blackburn_2005_2146766856": [4.411282539367676, -2.442105293273926], "steve-blackburn_1998_179129987": [-1.8085370063781738, -0.6627100706100464], "steve-blackburn_1998_129976019": [-0.6531047821044922, -1.791589379310608], "steve-blackburn_2016_2510821171": [4.010395050048828, -1.5238314867019653], "steve-blackburn_1996_158308085": [-0.012735553085803986, 0.8440890312194824], "steve-blackburn_2001_2116399507": [1.9509327411651611, -0.28154832124710083], "steve-blackburn_2010_2132286480": [6.728492736816406, -1.9098660945892334], "steve-blackburn_2012_2042059673": [7.157840728759766, -2.343188524246216], "steve-blackburn_2013_2156929189": [5.170705318450928, -0.852856457233429], "steve-blackburn_2004_2166034429": [5.964179039001465, -2.149064302444458], "steve-blackburn_2011_2167464511": [1.248559594154358, 0.1885155588388443], "steve-blackburn_2006_2165497190": [5.712495803833008, -1.8960789442062378], "steve-blackburn_1997_2158772721": [-0.8322076201438904, -2.5098190307617188], "steve-blackburn_2013_2146894037": [2.8519961833953857, -3.2713706493377686], "steve-blackburn_2005_2111755365": [4.260732173919678, -2.42629337310791], "steve-blackburn_2012_2132915618": [5.13248348236084, -3.331913471221924], "steve-blackburn_2016_2465422497": [2.539750814437866, -0.7663201689720154], "steve-blackburn_2012_2135580155": [3.585557460784912, -0.6098518371582031], "steve-blackburn_2012_2012181719": [1.2123621702194214, -3.1846866607666016], "steve-blackburn_2002_2054687093": [6.18731689453125, -1.5096246004104614], "steve-blackburn_2004_2112832394": [5.440145969390869, -1.782787799835205], "steve-blackburn_2003_1516140789": [6.085080146789551, -1.4161535501480103], "steve-blackburn_2003_2145329032": [6.824036121368408, -1.866711974143982], "steve-blackburn_2016_2289231618": [2.3625590801239014, -3.3311169147491455], "steve-blackburn_2012_2183694263": [2.71630859375, -0.14895540475845337], "steve-blackburn_1999_2119562887": [-0.08471377938985825, -0.7930638790130615], "steve-blackburn_2014_2012116223": [2.1750824451446533, -2.8415164947509766], "steve-blackburn_2004_2152814480": [5.99476957321167, -2.1008448600769043], "steve-blackburn_2014_2140709543": [5.099160671234131, -1.4165468215942383], "steve-blackburn_1999_2468851175": [-0.6529982089996338, -1.7925184965133667], "steve-blackburn_2015_2163331932": [5.805147171020508, -3.374296188354492], "steve-blackburn_2012_2143775910": [3.4227449893951416, -0.7461479306221008], "steve-blackburn_2011_2104057788": [2.6283721923828125, -2.779606342315674], "steve-blackburn_2008_2050801173": [5.359013080596924, -1.6208611726760864], "steve-blackburn_2012_2053914793": [4.517261028289795, -0.7945080399513245], "steve-blackburn_2000_424535267": [7.996896266937256, -2.423142433166504], "steve-blackburn_1997_2100330214": [-0.6708775758743286, -1.340583324432373], "steve-blackburn_2000_1986917522": [7.995168209075928, -2.423321485519409], "steve-blackburn_2015_1973718751": [5.8117146492004395, -3.1210484504699707], "steve-blackburn_1999_2412265699": [-1.8065239191055298, -0.6606277227401733], "steve-blackburn_2009_2168874123": [3.0556516647338867, -1.9930332899093628], "steve-blackburn_2005_1545451070": [5.111866474151611, -0.8173415064811707], "steve-blackburn_2009_2107917004": [3.3843700885772705, -1.5811249017715454], "steve-blackburn_2001_2060525997": [6.484038829803467, -2.4553842544555664], "steve-blackburn_2000_2140511537": [0.2809867560863495, -2.5748579502105713], "steve-blackburn_2010_2243794352": [2.4094903469085693, -3.515040636062622], "steve-blackburn_2002_2128284389": [6.802680015563965, -2.1713809967041016], "steve-blackburn_2002_2127154544": [6.188979148864746, -1.512682557106018], "steve-blackburn_2012_2149611663": [1.1412169933319092, 0.4899318516254425], "steve-blackburn_2007_2028063048": [-0.8183315396308899, -1.311350703239441], "steve-blackburn_2004_2147299991": [7.206479549407959, -2.4391002655029297], "steve-blackburn_2016_2419340123": [5.870112419128418, -2.6115801334381104], "steve-blackburn_2007_2078973953": [6.222183704376221, -2.3055315017700195], "steve-blackburn_2011_2109653359": [5.134003162384033, -2.3179843425750732], "steve-blackburn_2000_1533645983": [-0.5911105871200562, -1.4792168140411377], "steve-blackburn_2015_2132594816": [6.68339729309082, -2.8689305782318115], "steve-blackburn_2007_2014789541": [6.316795825958252, -1.822472333908081], "steve-blackburn_2003_2162435060": [5.916281700134277, -1.4647411108016968], "steve-blackburn_2016_2410359103": [2.263601541519165, -2.0043935775756836], "steve-blackburn_2014_2124894275": [2.8472328186035156, -0.9600947499275208], "steve-blackburn_2012_2095995766": [2.113992691040039, -2.4636924266815186], "steve-blackburn_2004_average": [1.3169267177581787, -1.3821724653244019], "steve-blackburn_1999_average": [0.5833315253257751, -1.2764607667922974], "steve-blackburn_2011_average": [1.1184228658676147, -1.38799250125885], "steve-blackburn_2006_average": [2.523768424987793, -1.4609124660491943], "steve-blackburn_2000_average": [0.8181814551353455, -1.4420284032821655], "steve-blackburn_2015_average": [1.6352243423461914, -1.4927057027816772], "steve-blackburn_2005_average": [1.6176308393478394, -1.2830921411514282], "steve-blackburn_1998_average": [0.32156574726104736, -1.454498529434204], "steve-blackburn_2016_average": [1.1143519878387451, -1.3842285871505737], "steve-blackburn_1996_average": [-0.0065801069140434265, 0.8374715447425842], "steve-blackburn_2001_average": [1.553721308708191, -1.159188985824585], "steve-blackburn_2018_average": [0.7818986177444458, -1.2538483142852783], "steve-blackburn_2010_average": [2.8004164695739746, -1.581493854522705], "steve-blackburn_2012_average": [0.9362860918045044, -1.276931881904602], "steve-blackburn_2013_average": [2.225184440612793, -1.625187635421753], "steve-blackburn_1997_average": [0.12026356160640717, -1.5136182308197021], "steve-blackburn_2002_average": [2.2374963760375977, -1.3674947023391724], "steve-blackburn_2003_average": [2.108429431915283, -1.3274534940719604], "steve-blackburn_2014_average": [1.3544526100158691, -1.4919822216033936], "steve-blackburn_2008_average": [1.7983160018920898, -1.2849992513656616], "steve-blackburn_2009_average": [1.9082282781600952, -1.4927518367767334], "steve-blackburn_2007_average": [1.5667498111724854, -1.4047991037368774]}